id	Name	Manufacturer	Form Factor	Modules	Color	CAS Latency	Voltage	ECC / Registered	Heat Spreader	Price	Url
1	Corsair CORSAIR Vengeance LPX 16GB 288-Pin DDR4 SDRAM DDR4 3000 (PC4 24000) Desktop Memory Model CMK16GX4M1D3000C16 16 GB (1 x 16 GB) DDR4-3000 CL16 Memory (CMK16GX4M1D3000C16)	Corsair	288-pin DIMM (DDR4)	1 x 16GB	Black	16	1.35 V	Non-ECC / Unbuffered	Yes	€79.00	https://fi.pcpartpicker.com/product/fjWfrH/corsair-vengeance-lpx-16gb-1-x-16gb-ddr4-3000-memory-cmk16gx4m1d3000c16
2	Corsair Vengeance LPX 16 GB (2 x 8 GB) DDR4-3200 CL16 Memory (CMK16GX4M2B3200C16)	Corsair	288-pin DIMM (DDR4)	2 x 8GB	Black / Yellow	16	1.35 V	Non-ECC / Unbuffered	Yes	€79.90	https://fi.pcpartpicker.com/product/p6RFf7/corsair-memory-cmk16gx4m2b3200c16
3	Corsair Vengeance RGB Pro 32 GB (2 x 16 GB) DDR4-3600 CL18 Memory (CMW32GX4M2Z3600C18)	Corsair	288-pin DIMM (DDR4)	2 x 16GB	Black	18	1.35 V	Non-ECC / Unbuffered	Yes	€174.90	https://fi.pcpartpicker.com/product/khmFf7/corsair-vengeance-rgb-pro-32-gb-2-x-16-gb-ddr4-3600-memory-cmw32gx4m2z3600c18
4	Corsair Vengeance RGB Pro 16 GB (2 x 8 GB) DDR4-3200 CL16 Memory (CMW16GX4M2C3200C16)	Corsair	288-pin DIMM (DDR4)	2 x 8GB	Black	16	1.35 V	Non-ECC / Unbuffered	Yes	€94.90	https://fi.pcpartpicker.com/product/QDhKHx/corsair-vengeance-rgb-pro-16gb-2-x-8gb-ddr4-3200-memory-cmw16gx4m2c3200c16
5	G.Skill Ripjaws V 32 GB (2 x 16 GB) DDR4-3200 CL16 Memory (F4-3200C16D-32GVK)	G.Skill	288-pin DIMM (DDR4)	2 x 16GB	Black	16	1.35 V	Non-ECC / Unbuffered	Yes	€134.00	https://fi.pcpartpicker.com/product/kXbkcf/gskill-memory-f43200c16d32gvk
6	G.Skill Ripjaws V 16 GB (2 x 8 GB) DDR4-3200 CL16 Memory (F4-3200C16D-16GVKB)	G.Skill	288-pin DIMM (DDR4)	2 x 8GB	Black	16	1.35 V	Non-ECC / Unbuffered	Yes	€76.00	https://fi.pcpartpicker.com/product/Cf98TW/gskill-ripjaws-v-series-16-gb-2-x-8-gb-ddr4-3200-cl16-memory-f4-3200c16d-16gvkb
7	Corsair Vengeance LPX 32 GB (2 x 16 GB) DDR4-3600 CL18 Memory (CMK32GX4M2D3600C18)	Corsair	288-pin DIMM (DDR4)	2 x 16GB	Black / Yellow	18	1.35 V	Non-ECC / Unbuffered	Yes	€159.90	https://fi.pcpartpicker.com/product/Yg3mP6/corsair-vengeance-lpx-32-gb-2-x-16-gb-ddr4-3600-memory-cmk32gx4m2d3600c18
8	Corsair Vengeance RGB Pro 16 GB (2 x 8 GB) DDR4-3200 CL16 Memory (CMW16GX4M2C3200C16W)	Corsair	288-pin DIMM (DDR4)	2 x 8GB	White	16	1.35 V	Non-ECC / Unbuffered	Yes	€99.90	https://fi.pcpartpicker.com/product/vfDJ7P/corsair-vengeance-rgb-pro-16gb-2-x-8gb-ddr4-3200-memory-cmw16gx4m2c3200c16w
9	G.Skill Trident Z RGB 16 GB (2 x 8 GB) DDR4-3600 CL18 Memory (F4-3600C18D-16GTZRX)	G.Skill	288-pin DIMM (DDR4)	2 x 8GB	Black	18	1.35 V	Non-ECC / Unbuffered	Yes	€111.00	https://fi.pcpartpicker.com/product/6jBTwP/gskill-trident-z-rgb-16gb-2-x-8gb-ddr4-3600-memory-f4-3600c18d-16gtzrx
10	Corsair Vengeance LPX 16 GB (2 x 8 GB) DDR4-3600 CL18 Memory (CMK16GX4M2D3600C18)	Corsair	288-pin DIMM (DDR4)	2 x 8GB	Black	18	1.35 V	Non-ECC / Unbuffered	Yes	€89.90	https://fi.pcpartpicker.com/product/VNJtt6/corsair-16-gb-2-x-8-gb-ddr4-3600-memory-cmk16gx4m2d3600c18
11	Corsair Vengeance RGB Pro SL 32 GB (2 x 16 GB) DDR4-3600 CL18 Memory (CMH32GX4M2D3600C18W)	Corsair	288-pin DIMM (DDR4)	2 x 16GB	White / Black	18	1.35 V	Non-ECC / Unbuffered	Yes	€178.00	https://fi.pcpartpicker.com/product/bjjNnQ/corsair-vengeance-rgb-pro-sl-32-gb-2-x-16-gb-ddr4-3600-cl18-memory-cmh32gx4m2d3600c18w
12	G.Skill Trident Z Neo 32 GB (2 x 16 GB) DDR4-3600 CL16 Memory (F4-3600C16D-32GTZNC)	G.Skill	288-pin DIMM (DDR4)	2 x 16GB	Black / Silver	16	1.35 V	Non-ECC / Unbuffered	Yes	€224.90	https://fi.pcpartpicker.com/product/w3FKHx/gskill-trident-z-neo-32-gb-2-x-16-gb-ddr4-3600-cl16-memory-f4-3600c16d-32gtznc
13	G.Skill Ripjaws V 16 GB (2 x 8 GB) DDR4-3600 CL16 Memory (F4-3600C16D-16GVKC)	G.Skill	288-pin DIMM (DDR4)	2 x 8GB	Black	16	1.35 V	Non-ECC / Unbuffered	Yes	€95.00	https://fi.pcpartpicker.com/product/jBZzK8/gskill-ripjaws-v-16-gb-2-x-8-gb-ddr4-3600-memory-f4-3600c16d-16gvkc
14	Corsair Vengeance LPX 32 GB (2 x 16 GB) DDR4-3200 CL16 Memory (CMK32GX4M2E3200C16)	Corsair	288-pin DIMM (DDR4)	2 x 16GB	Black / Yellow	16	1.35 V	Non-ECC / Unbuffered	Yes	€149.90	https://fi.pcpartpicker.com/product/W6ndnQ/corsair-vengeance-lpx-32-gb-2-x-16-gb-ddr4-3200-memory-cmk32gx4m2e3200c16
15	Corsair Vengeance RGB Pro 16 GB (2 x 8 GB) DDR4-3600 CL18 Memory (CMW16GX4M2D3600C18)	Corsair	288-pin DIMM (DDR4)	2 x 8GB	Black	18	1.35 V	Non-ECC / Unbuffered	Yes	€111.00	https://fi.pcpartpicker.com/product/XWGnTW/corsair-vengeance-rgb-pro-16-gb-2-x-8-gb-ddr4-3600-memory-cmw16gx4m2d3600c18
16	G.Skill Trident Z RGB 32 GB (2 x 16 GB) DDR4-3600 CL16 Memory (F4-3600C16D-32GTZRC)	G.Skill	288-pin DIMM (DDR4)	2 x 16GB	Black	16	1.35 V	Non-ECC / Unbuffered	Yes	€231.00	https://fi.pcpartpicker.com/product/jxH8TW/gskill-trident-z-rgb-32-gb-2-x-16-gb-ddr4-3600-memory-f4-3600c16d-32gtzrc
17	Corsair Vengeance LPX 16 GB (2 x 8 GB) DDR4-3200 CL16 Memory (CMK16GX4M2E3200C16)	Corsair	288-pin DIMM (DDR4)	2 x 8GB	Black	16	1.35 V	Non-ECC / Unbuffered	Yes	€79.00	https://fi.pcpartpicker.com/product/mpx2FT/corsair-vengeance-lpx-16-gb-2-x-8-gb-ddr4-3200-memory-cmk16gx4m2e3200c16
18	G.Skill Ripjaws V 32 GB (2 x 16 GB) DDR4-3600 CL16 Memory (F4-3600C16D-32GVKC)	G.Skill	288-pin DIMM (DDR4)	2 x 16GB	Black	16	1.35 V	Non-ECC / Unbuffered	Yes	€179.90	https://fi.pcpartpicker.com/product/zcH8TW/gskill-ripjaws-v-32-gb-2-x-16-gb-ddr4-3600-memory-f4-3600c16d-32gvkc
19	G.Skill Trident Z RGB 64 GB (2 x 32 GB) DDR4-3600 CL18 Memory (F4-3600C18D-64GTZR)	G.Skill	288-pin DIMM (DDR4)	2 x 32GB	Black	18	1.35 V	Non-ECC / Unbuffered	Yes	€345.00	https://fi.pcpartpicker.com/product/gRMTwP/gskill-trident-z-rgb-64-gb-2-x-32-gb-ddr4-3600-memory-f4-3600c18d-64gtzr
20	Corsair Vengeance RGB Pro 32 GB (4 x 8 GB) DDR4-3200 CL16 Memory (CMW32GX4M4C3200C16W)	Corsair	288-pin DIMM (DDR4)	4 x 8GB	White	16	1.35 V	Non-ECC / Unbuffered	Yes	€211.00	https://fi.pcpartpicker.com/product/vZrmP6/corsair-vengeance-rgb-pro-32gb-4-x-8gb-ddr4-3200-memory-cmw32gx4m4c3200c16w
21	Corsair Vengeance LPX 64 GB (2 x 32 GB) DDR4-3200 CL16 Memory (CMK64GX4M2E3200C16)	Corsair	288-pin DIMM (DDR4)	2 x 32GB	Black / Yellow	16	1.35 V	Non-ECC / Unbuffered	Yes	€319.00	https://fi.pcpartpicker.com/product/k2mFf7/corsair-vengeance-lpx-64-gb-2-x-32-gb-ddr4-3200-memory-cmk64gx4m2e3200c16
22	Corsair Vengeance RGB Pro 32 GB (2 x 16 GB) DDR4-3200 CL16 Memory (CMW32GX4M2E3200C16)	Corsair	288-pin DIMM (DDR4)	2 x 16GB	Black	16	1.35 V	Non-ECC / Unbuffered	Yes	€173.00	https://fi.pcpartpicker.com/product/27TzK8/corsair-vengeance-rgb-pro-32-gb-2-x-16-gb-ddr4-3200-memory-cmw32gx4m2e3200c16
23	G.Skill Trident Z RGB 16 GB (2 x 8 GB) DDR4-3200 CL16 Memory (F4-3200C16D-16GTZR)	G.Skill	288-pin DIMM (DDR4)	2 x 8GB	Black	16	1.35 V	Non-ECC / Unbuffered	Yes	€113.00	https://fi.pcpartpicker.com/product/ybrcCJ/gskill-tridentz-rgb-16gb-2-x-8gb-ddr4-3200-memory-f4-3200c16d-16gtzr
24	Corsair Vengeance LPX 16 GB (2 x 8 GB) DDR4-3600 CL16 Memory (CMK16GX4M2D3600C16)	Corsair	288-pin DIMM (DDR4)	2 x 8GB	Black / Yellow	16	1.35 V	Non-ECC / Unbuffered	Yes	€99.90	https://fi.pcpartpicker.com/product/6cZzK8/corsair-vengeance-lpx-16-gb-2-x-8-gb-ddr4-3600-cl16-memory-cmk16gx4m2d3600c16
25	Corsair Vengeance RGB Pro 16 GB (2 x 8 GB) DDR4-3600 CL18 Memory (CMW16GX4M2D3600C18W)	Corsair	288-pin DIMM (DDR4)	2 x 8GB	White	18	1.35 V	Non-ECC / Unbuffered	Yes	€104.90	https://fi.pcpartpicker.com/product/zgpmP6/corsair-vengeance-rgb-pro-16-gb-2-x-8-gb-ddr4-3600-memory-cmw16gx4m2d3600c18w
26	Corsair Vengeance RGB RT 32 GB (2 x 16 GB) DDR4-3600 CL16 Memory (CMN32GX4M2Z3600C16)	Corsair	288-pin DIMM (DDR4)	2 x 16GB	Black	16	1.35 V	Non-ECC / Unbuffered	Yes	€187.00	https://fi.pcpartpicker.com/product/cfVmP6/corsair-vengeance-rgb-rt-32-gb-2-x-16-gb-ddr4-3600-cl16-memory-cmn32gx4m2z3600c16
27	Kingston FURY Beast 16 GB (2 x 8 GB) DDR4-3200 CL16 Memory (KF432C16BBK216)	Kingston	288-pin DIMM (DDR4)	2 x 8GB	Black	16	1.35 V	Non-ECC / Unbuffered	Yes	€76.90	https://fi.pcpartpicker.com/product/6YfnTW/kingston-fury-beast-16-gb-2-x-8-gb-ddr4-3200-cl16-memory-kf432c16bbk216
28	G.Skill Ripjaws V 32 GB (2 x 16 GB) DDR4-4000 CL18 Memory (F4-4000C18D-32GVK)	G.Skill	288-pin DIMM (DDR4)	2 x 16GB	Black	18	1.4 V	Non-ECC / Unbuffered	Yes	€175.00	https://fi.pcpartpicker.com/product/dqbTwP/gskill-ripjaws-v-32-gb-2-x-16-gb-ddr4-4000-cl18-memory-f4-4000c18d-32gvk
29	G.Skill Trident Z Neo 16 GB (2 x 8 GB) DDR4-3600 CL16 Memory (F4-3600C16D-16GTZNC)	G.Skill	288-pin DIMM (DDR4)	2 x 8GB	Black / Silver	16	1.35 V	Non-ECC / Unbuffered	Yes	€138.00	https://fi.pcpartpicker.com/product/JgLwrH/gskill-trident-z-neo-16-gb-2-x-8-gb-ddr4-3600-cl16-memory-f4-3600c16d-16gtznc
30	Corsair Vengeance LPX 32 GB (2 x 16 GB) DDR4-3600 CL16 Memory (CMK32GX4M2D3600C16)	Corsair	288-pin DIMM (DDR4)	2 x 16GB	Black / Yellow	16	1.35 V	Non-ECC / Unbuffered	Yes	€216.00	https://fi.pcpartpicker.com/product/9392FT/corsair-vengeance-lpx-32-gb-2-x-16-gb-ddr4-3600-cl16-memory-cmk32gx4m2d3600c16
31	Corsair Vengeance LPX 8 GB (1 x 8 GB) DDR4-2400 CL16 Memory (CMK8GX4M1A2400C16)	Corsair	288-pin DIMM (DDR4)	1 x 8GB	Black / Yellow	16	1.2 V	Non-ECC / Unbuffered	Yes	€43.00	https://fi.pcpartpicker.com/product/sMbkcf/corsair-memory-cmk8gx4m1a2400c16
32	G.Skill Ripjaws V 64 GB (2 x 32 GB) DDR4-3600 CL18 Memory (F4-3600C18D-64GVK)	G.Skill	288-pin DIMM (DDR4)	2 x 32GB	Black	18	1.35 V	Non-ECC / Unbuffered	Yes	€325.00	https://fi.pcpartpicker.com/product/kmBhP6/gskill-ripjaws-v-64-gb-2-x-32-gb-ddr4-3600-memory-f4-3600c18d-64gvk
33	Kingston FURY Beast RGB 16 GB (2 x 8 GB) DDR4-3200 CL16 Memory (KF432C16BBAK216)	Kingston	288-pin DIMM (DDR4)	2 x 8GB	Black	16	1.35 V	Non-ECC / Unbuffered	Yes	€84.90	https://fi.pcpartpicker.com/product/D62WGX/kingston-fury-beast-rgb-16-gb-2-x-8-gb-ddr4-3200-cl16-memory-kf432c16bbak216
34	Corsair Dominator Platinum RGB 32 GB (4 x 8 GB) DDR4-3600 CL18 Memory (CMT32GX4M4C3600C18W)	Corsair	288-pin DIMM (DDR4)	4 x 8GB	White	18	1.35 V	Non-ECC / Unbuffered	Yes	€304.00	https://fi.pcpartpicker.com/product/kChmP6/corsair-dominator-platinum-rgb-32-gb-4-x-8-gb-ddr4-3600-cl18-memory-cmt32gx4m4c3600c18w
35	G.Skill Ripjaws V 32 GB (2 x 16 GB) DDR4-3600 CL18 Memory (F4-3600C18D-32GVK)	G.Skill	288-pin DIMM (DDR4)	2 x 16GB	Black	18	1.35 V	Non-ECC / Unbuffered	Yes	€136.00	https://fi.pcpartpicker.com/product/nvjNnQ/gskill-ripjaws-v-32-gb-2-x-16-gb-ddr4-3600-memory-f4-3600c18d-32gvk
36	G.Skill Trident Z Neo 64 GB (4 x 16 GB) DDR4-3600 CL16 Memory (F4-3600C16Q-64GTZNC)	G.Skill	288-pin DIMM (DDR4)	4 x 16GB	Black / Silver	16	1.35 V	Non-ECC / Unbuffered	Yes	€446.00	https://fi.pcpartpicker.com/product/hFdrxr/gskill-trident-z-neo-64-gb-4-x-16-gb-ddr4-3600-cl16-memory-f4-3600c16q-64gtznc
37	Corsair Vengeance RGB RS 16 GB (2 x 8 GB) DDR4-3200 CL16 Memory (CMG16GX4M2E3200C16)	Corsair	288-pin DIMM (DDR4)	2 x 8GB	Black / Gray	16	1.35 V	Non-ECC / Unbuffered	Yes	€96.00	https://fi.pcpartpicker.com/product/9rWzK8/corsair-vengeance-rgb-rs-16-gb-2-x-8-gb-ddr4-3200-cl16-memory-cmg16gx4m2e3200c16
38	G.Skill Trident Z RGB 32 GB (2 x 16 GB) DDR4-3600 CL18 Memory (F4-3600C18D-32GTZR)	G.Skill	288-pin DIMM (DDR4)	2 x 16GB	Black	18	1.35 V	Non-ECC / Unbuffered	Yes	€173.00	https://fi.pcpartpicker.com/product/fBLwrH/gskill-trident-z-rgb-32-gb-2-x-16-gb-ddr4-3600-memory-f4-3600c18d-32gtzr
39	Corsair Vengeance LPX 16 GB (2 x 8 GB) DDR4-3200 CL16 Memory (CMK16GX4M2B3200C16W)	Corsair	288-pin DIMM (DDR4)	2 x 8GB	White	16	1.35 V	Non-ECC / Unbuffered	Yes	€86.00	https://fi.pcpartpicker.com/product/jjZ2FT/corsair-vengeance-lpx-16gb-2-x-8gb-ddr4-3200-memory-cmk16gx4m2b3200c16w
40	Corsair Vengeance LPX 32 GB (4 x 8 GB) DDR4-3600 CL18 Memory (CMK32GX4M4D3600C18)	Corsair	288-pin DIMM (DDR4)	4 x 8GB	Black / Yellow	18	1.35 V	Non-ECC / Unbuffered	Yes	€275.00	https://fi.pcpartpicker.com/product/mtXnTW/corsair-vengeance-lpx-32-gb-4-x-8-gb-ddr4-3600-memory-cmk32gx4m4d3600c18
41	Corsair Vengeance RGB Pro 32 GB (4 x 8 GB) DDR4-3600 CL18 Memory (CMW32GX4M4D3600C18)	Corsair	288-pin DIMM (DDR4)	4 x 8GB	Black	18	1.35 V	Non-ECC / Unbuffered	Yes	€304.00	https://fi.pcpartpicker.com/product/PfrYcf/corsair-vengeance-rgb-pro-32-gb-4-x-8-gb-ddr4-3600-memory-cmw32gx4m4d3600c18
42	Corsair Vengeance RGB Pro 32 GB (4 x 8 GB) DDR4-3600 CL18 Memory (CMW32GX4M4C3600C18W)	Corsair	288-pin DIMM (DDR4)	4 x 8GB	White	18	1.35 V	Non-ECC / Unbuffered	Yes	€242.00	https://fi.pcpartpicker.com/product/68zkcf/corsair-vengeance-rgb-pro-32gb-4-x-8gb-ddr4-3600-memory-cmw32gx4m4c3600c18w
43	Corsair Vengeance RGB Pro 32 GB (4 x 8 GB) DDR4-3600 CL18 Memory (CMW32GX4M4C3600C18W)	Corsair	288-pin DIMM (DDR4)	4 x 8GB	White	18	1.35 V	Non-ECC / Unbuffered	Yes	€242.00	https://fi.pcpartpicker.com/product/68zkcf/corsair-vengeance-rgb-pro-32gb-4-x-8gb-ddr4-3600-memory-cmw32gx4m4c3600c18w
44	Corsair Vengeance RGB Pro SL 16 GB (2 x 8 GB) DDR4-3200 CL16 Memory (CMH16GX4M2E3200C16)	Corsair	288-pin DIMM (DDR4)	2 x 8GB	Black	16	1.35 V	Non-ECC / Unbuffered	Yes	€96.00	https://fi.pcpartpicker.com/product/LDCFf7/corsair-vengeance-rgb-pro-sl-16-gb-2-x-8-gb-ddr4-3200-cl16-memory-cmh16gx4m2e3200c16
45	Corsair Dominator Platinum RGB 32 GB (2 x 16 GB) DDR4-4000 CL19 Memory (CMT32GX4M2K4000C19W)	Corsair	288-pin DIMM (DDR4)	2 x 16GB	White	19	1.35 V	Non-ECC / Unbuffered	Yes	€333.00	https://fi.pcpartpicker.com/product/sPPgXL/corsair-dominator-platinum-rgb-32-gb-2-x-16-gb-ddr4-4000-cl19-memory-cmt32gx4m2k4000c19w
46	Corsair Vengeance RGB Pro 32 GB (2 x 16 GB) DDR4-3600 CL18 Memory (CMW32GX4M2D3600C18)	Corsair	288-pin DIMM (DDR4)	2 x 16GB	Black	18	1.35 V	Non-ECC / Unbuffered	Yes	€181.00	https://fi.pcpartpicker.com/product/xn848d/corsair-vengeance-rgb-pro-32-gb-2-x-16-gb-ddr4-3600-memory-cmw32gx4m2d3600c18
47	G.Skill Ripjaws V 64 GB (4 x 16 GB) DDR4-3200 CL16 Memory (F4-3200C16Q-64GVK)	G.Skill	288-pin DIMM (DDR4)	4 x 16GB	Black	16	1.35 V	Non-ECC / Unbuffered	Yes	€272.00	https://fi.pcpartpicker.com/product/7Xbkcf/gskill-memory-f43200c16q64gvk
48	Corsair Vengeance LPX 16 GB (2 x 8 GB) DDR4-3000 CL15 Memory (CMK16GX4M2B3000C15)	Corsair	288-pin DIMM (DDR4)	2 x 8GB	Black / Yellow	15	1.35 V	Non-ECC / Unbuffered	Yes	€86.00	https://fi.pcpartpicker.com/product/MYH48d/corsair-memory-cmk16gx4m2b3000c15
49	Corsair Vengeance RGB Pro SL 16 GB (2 x 8 GB) DDR4-3600 CL18 Memory (CMH16GX4M2D3600C18W)	Corsair	288-pin DIMM (DDR4)	2 x 8GB	White / Black	18	1.35 V	Non-ECC / Unbuffered	Yes	€111.00	https://fi.pcpartpicker.com/product/NNLwrH/corsair-vengeance-rgb-pro-sl-16-gb-2-x-8-gb-ddr4-3600-cl18-memory-cmh16gx4m2d3600c18w
50	Kingston FURY Beast 32 GB (2 x 16 GB) DDR4-3600 CL18 Memory (KF436C18BBK2/32)	Kingston	288-pin DIMM (DDR4)	2 x 16GB	Black	18	1.35 V	Non-ECC / Unbuffered	Yes	€154.00	https://fi.pcpartpicker.com/product/hsWzK8/kingston-fury-beast-32-gb-2-x-16-gb-ddr4-3600-cl18-memory-kf436c18bbk232
51	Corsair Vengeance LPX 16 GB (2 x 8 GB) DDR4-2400 CL16 Memory (CMK16GX4M2A2400C16)	Corsair	288-pin DIMM (DDR4)	2 x 8GB	Black / Yellow	16	1.2 V	Non-ECC / Unbuffered	Yes	€79.00	https://fi.pcpartpicker.com/product/y9rcCJ/corsair-memory-cmk16gx4m2a2400c16
52	Kingston FURY Renegade 32 GB (2 x 16 GB) DDR4-3600 CL16 Memory (KF436C16RB1K2/32)	Kingston	288-pin DIMM (DDR4)	2 x 16GB	Black	16	1.35 V	Non-ECC / Unbuffered	Yes	€159.90	https://fi.pcpartpicker.com/product/Y9QcCJ/kingston-fury-renegade-32-gb-2-x-16-gb-ddr4-3600-cl16-memory-kf436c16rb1k232
53	G.Skill Trident Z Royal 16 GB (2 x 8 GB) DDR4-3200 CL16 Memory (F4-3200C16D-16GTRS)	G.Skill	288-pin DIMM (DDR4)	2 x 8GB	Silver	16	1.35 V	Non-ECC / Unbuffered	Yes	€137.00	https://fi.pcpartpicker.com/product/pyzkcf/gskill-trident-z-royal-16-gb-2-x-8-gb-ddr4-3200-memory-f4-3200c16d-16gtrs
54	Corsair Vengeance RGB Pro 16 GB (2 x 8 GB) DDR4-3600 CL16 Memory (CMW16GX4M2D3600C16)	Corsair	288-pin DIMM (DDR4)	2 x 8GB	Black	16	1.35 V	Non-ECC / Unbuffered	Yes	€135.00	https://fi.pcpartpicker.com/product/Nv6p99/corsair-vengeance-rgb-pro-16-gb-2-x-8-gb-ddr4-3600-cl16-memory-cmw16gx4m2d3600c16
55	Corsair Vengeance LPX 16 GB (2 x 8 GB) DDR4-2666 CL16 Memory (CMK16GX4M2A2666C16)	Corsair	288-pin DIMM (DDR4)	2 x 8GB	Black / Yellow	16	1.2 V	Non-ECC / Unbuffered	Yes	€82.00	https://fi.pcpartpicker.com/product/J27CmG/corsair-memory-cmk16gx4m2a2666c16
56	Corsair Vengeance RGB RS 16 GB (2 x 8 GB) DDR4-3600 CL18 Memory (CMG16GX4M2D3600C18)	Corsair	288-pin DIMM (DDR4)	2 x 8GB	Black / Gray	18	1.35 V	Non-ECC / Unbuffered	Yes	€109.00	https://fi.pcpartpicker.com/product/RvmmP6/corsair-vengeance-rgb-rs-16-gb-2-x-8-gb-ddr4-3600-cl18-memory-cmg16gx4m2d3600c18
57	Corsair Dominator Platinum RGB 32 GB (4 x 8 GB) DDR4-3600 CL18 Memory (CMT32GX4M4C3600C18)	Corsair	288-pin DIMM (DDR4)	4 x 8GB	Black	18	1.35 V	Non-ECC / Unbuffered	Yes	€307.00	https://fi.pcpartpicker.com/product/8T22FT/corsair-dominator-platinum-rgb-32-gb-4-x-8-gb-ddr4-3600-memory-cmt32gx4m4c3600c18
58	G.Skill Trident Z RGB 32 GB (4 x 8 GB) DDR4-3200 CL16 Memory (F4-3200C16Q-32GTZR)	G.Skill	288-pin DIMM (DDR4)	4 x 8GB	Black	16	1.35 V	Non-ECC / Unbuffered	Yes	€210.00	https://fi.pcpartpicker.com/product/KJ2rxr/gskill-tridentz-rgb-32gb-4-x-8gb-ddr4-3200-memory-f4-3200c16q-32gtzr
59	Kingston FURY Beast 32 GB (2 x 16 GB) DDR4-3200 CL16 Memory (KF432C16BB1K2/32)	Kingston	288-pin DIMM (DDR4)	2 x 16GB	Black	16	1.35 V	Non-ECC / Unbuffered	Yes	€144.90	https://fi.pcpartpicker.com/product/gtddnQ/kingston-fury-beast-32-gb-2-x-16-gb-ddr4-3200-cl16-memory-kf432c16bb1k232
60	Kingston FURY Beast RGB 8 GB (1 x 8 GB) DDR4-3200 CL16 Memory (KF432C16BBA8)	Kingston	288-pin DIMM (DDR4)	1 x 8GB	Black / Silver	16	1.35 V	Non-ECC / Unbuffered	Yes	€49.00	https://fi.pcpartpicker.com/product/n2nypg/kingston-fury-beast-rgb-8-gb-1-x-8-gb-ddr4-3200-cl16-memory-kf432c16bba8
61	Corsair Vengeance LPX 32 GB (2 x 16 GB) DDR4-2133 CL13 Memory (CMK32GX4M2A2133C13)	Corsair	288-pin DIMM (DDR4)	2 x 16GB	Black / Yellow	13	1.2 V	Non-ECC / Unbuffered	Yes	€151.00	https://fi.pcpartpicker.com/product/wMvZxr/corsair-memory-cmk32gx4m2a2133c13
62	G.Skill Trident Z Neo 32 GB (2 x 16 GB) DDR4-3600 CL18 Memory (F4-3600C18D-32GTZN)	G.Skill	288-pin DIMM (DDR4)	2 x 16GB	Black / Silver	18	1.35 V	Non-ECC / Unbuffered	Yes	€184.00	https://fi.pcpartpicker.com/product/H7hmP6/gskill-trident-z-neo-32-gb-2-x-16-gb-ddr4-3600-cl18-memory-f4-3600c18d-32gtzn
63	Corsair Vengeance RGB Pro SL 32 GB (2 x 16 GB) DDR4-3200 CL16 Memory (CMH32GX4M2E3200C16)	Corsair	288-pin DIMM (DDR4)	2 x 16GB	Black	16	1.35 V	Non-ECC / Unbuffered	Yes	€172.00	https://fi.pcpartpicker.com/product/D8FKHx/corsair-vengeance-rgb-pro-sl-32-gb-2-x-16-gb-ddr4-3200-cl16-memory-cmh32gx4m2e3200c16
64	Kingston Fury Renegade RGB 32 GB (2 x 16 GB) DDR4-3600 CL16 Memory (KF436C16RB1AK2/32)	Kingston	288-pin DIMM (DDR4)	2 x 16GB	Black / Silver	16	1.35 V	Non-ECC / Unbuffered	Yes	€174.90	https://fi.pcpartpicker.com/product/3wbTwP/kingston-fury-renegade-rgb-32-gb-2-x-16-gb-ddr4-3600-cl16-memory-kf436c16rb1ak232
65	Kingston FURY Renegade 16 GB (2 x 8 GB) DDR4-3600 CL16 Memory (KF436C16RBK2/16)	Kingston	288-pin DIMM (DDR4)	2 x 8GB	Black / Silver	16	1.35 V	Non-ECC / Unbuffered	Yes	€93.90	https://fi.pcpartpicker.com/product/wzrRsY/kingston-fury-renegade-16-gb-2-x-8-gb-ddr4-3600-cl16-memory-kf436c16rbk216
66	Corsair Vengeance RGB Pro SL 16 GB (2 x 8 GB) DDR4-3200 CL16 Memory (CMH16GX4M2E3200C16W)	Corsair	288-pin DIMM (DDR4)	2 x 8GB	White / Black	16	1.35 V	Non-ECC / Unbuffered	Yes	€101.00	https://fi.pcpartpicker.com/product/GfMTwP/corsair-vengeance-rgb-pro-sl-16-gb-2-x-8-gb-ddr4-3200-cl16-memory-cmh16gx4m2e3200c16w
67	Corsair Dominator Platinum RGB 64 GB (4 x 16 GB) DDR4-3600 CL18 Memory (CMT64GX4M4K3600C18W)	Corsair	288-pin DIMM (DDR4)	4 x 16GB	White	18	1.35 V	Non-ECC / Unbuffered	Yes	€482.00	https://fi.pcpartpicker.com/product/Vm9tt6/corsair-dominator-platinum-rgb-64-gb-4-x-16-gb-ddr4-3600-cl18-memory-cmt64gx4m4k3600c18w
68	Corsair Vengeance LPX 32 GB (2 x 16 GB) DDR4-3600 CL18 Memory (CMK32GX4M2Z3600C18)	Corsair	288-pin DIMM (DDR4)	2 x 16GB	Black / Yellow	18	1.35 V	Non-ECC / Unbuffered	Yes	€159.90	https://fi.pcpartpicker.com/product/VhmFf7/corsair-vengeance-lpx-32-gb-2-x-16-gb-ddr4-3600-memory-cmk32gx4m2z3600c18
69	G.Skill Trident Z Neo 32 GB (2 x 16 GB) DDR4-3600 CL14 Memory (F4-3600C14D-32GTZN)	G.Skill	288-pin DIMM (DDR4)	2 x 16GB	Black / Silver	14	1.45 V	Non-ECC / Unbuffered	Yes	€358.00	https://fi.pcpartpicker.com/product/tm6qqs/gskill-trident-z-neo-32-gb-2-x-16-gb-ddr4-3600-cl14-memory-f4-3600c14d-32gtzn
70	G.Skill Trident Z Neo 32 GB (4 x 8 GB) DDR4-3600 CL16 Memory (F4-3600C16Q-32GTZNC)	G.Skill	288-pin DIMM (DDR4)	4 x 8GB	Silver / Black	16	1.35 V	Non-ECC / Unbuffered	Yes	€259.90	https://fi.pcpartpicker.com/product/XJVG3C/gskill-trident-z-neo-32-gb-4-x-8-gb-ddr4-3600-memory-f4-3600c16q-32gtznc
71	Corsair Vengeance RGB Pro SL 64 GB (4 x 16 GB) DDR4-3600 CL18 Memory (CMH64GX4M4D3600C18W)	Corsair	288-pin DIMM (DDR4)	4 x 16GB	White	18	1.35 V	Non-ECC / Unbuffered	Yes	€350.00	https://fi.pcpartpicker.com/product/NQwypg/corsair-vengeance-rgb-pro-sl-64-gb-4-x-16-gb-ddr4-3600-cl18-memory-cmh64gx4m4d3600c18w
72	Kingston FURY Beast 16 GB (2 x 8 GB) DDR4-3600 CL17 Memory (KF436C17BBK2/16)	Kingston	288-pin DIMM (DDR4)	2 x 8GB	Black	17	1.35 V	Non-ECC / Unbuffered	Yes	€86.00	https://fi.pcpartpicker.com/product/DBH7YJ/kingston-fury-beast-16-gb-2-x-8-gb-ddr4-3600-cl17-memory-kf436c17bbk216
73	Corsair Vengeance RGB RT 32 GB (2 x 16 GB) DDR4-4600 CL18 Memory (CMN32GX4M2Z4600C18)	Corsair	288-pin DIMM (DDR4)	2 x 16GB	Black	18	1.5 V	Non-ECC / Unbuffered	Yes	€326.00	https://fi.pcpartpicker.com/product/Bm2WGX/corsair-vengeance-rgb-rt-32-gb-2-x-16-gb-ddr4-4600-cl18-memory-cmn32gx4m2z4600c18
74	Corsair Dominator Platinum RGB 32 GB (2 x 16 GB) DDR4-3200 CL16 Memory (CMT32GX4M2C3200C16)	Corsair	288-pin DIMM (DDR4)	2 x 16GB	Black	16	1.35 V	Non-ECC / Unbuffered	Yes	€234.00	https://fi.pcpartpicker.com/product/f7KcCJ/corsair-dominator-platinum-rgb-32-gb-2-x-16-gb-ddr4-3200-memory-cmt32gx4m2c3200c16
75	G.Skill Trident Z RGB 32 GB (2 x 16 GB) DDR4-4000 CL18 Memory (F4-4000C18D-32GTZR)	G.Skill	288-pin DIMM (DDR4)	2 x 16GB	Black	18	1.4 V	Non-ECC / Unbuffered	Yes	€196.00	https://fi.pcpartpicker.com/product/pdfnTW/gskill-trident-z-rgb-32-gb-2-x-16-gb-ddr4-4000-cl18-memory-f4-4000c18d-32gtzr
76	Corsair Vengeance RGB Pro SL 16 GB (2 x 8 GB) DDR4-3600 CL18 Memory (CMH16GX4M2D3600C18)	Corsair	288-pin DIMM (DDR4)	2 x 8GB	Black	18	1.35 V	Non-ECC / Unbuffered	Yes	€104.90	https://fi.pcpartpicker.com/product/nnmFf7/corsair-vengeance-rgb-pro-sl-16-gb-2-x-8-gb-ddr4-3600-cl18-memory-cmh16gx4m2d3600c18
77	Crucial CT4G4DFS8266 4 GB (1 x 4 GB) DDR4-2666 CL19 Memory (CT4G4DFS8266)	Crucial	288-pin DIMM (DDR4)	1 x 4GB	Green / Black	19	1.2 V	Non-ECC / Unbuffered	No	€28.00	https://fi.pcpartpicker.com/product/HqMwrH/crucial-4-gb-1-x-4-gb-ddr4-2666-memory-ct4g4dfs8266
78	Corsair Vengeance RGB Pro 128 GB (4 x 32 GB) DDR4-3600 CL18 Memory (CMW128GX4M4D3600C18)	Corsair	288-pin DIMM (DDR4)	4 x 32GB	Black	18	1.35 V	Non-ECC / Unbuffered	Yes	€780.00	https://fi.pcpartpicker.com/product/DyH8TW/corsair-vengeance-rgb-pro-128-gb-4-x-32-gb-ddr4-3600-memory-cmw128gx4m4d3600c18
79	G.Skill Trident Z RGB 16 GB (2 x 8 GB) DDR4-3600 CL16 Memory (F4-3600C16D-16GTZRC)	G.Skill	288-pin DIMM (DDR4)	2 x 8GB	Black	16	1.35 V	Non-ECC / Unbuffered	Yes	€132.00	https://fi.pcpartpicker.com/product/WRK2FT/gskill-trident-z-rgb-16-gb-2-x-8-gb-ddr4-3600-memory-f4-3600c16d-16gtzrc
80	Corsair Dominator Platinum RGB 16 GB (2 x 8 GB) DDR4-3600 CL18 Memory (CMT16GX4M2C3600C18W)	Corsair	288-pin DIMM (DDR4)	2 x 8GB	White	18	1.35 V	Non-ECC / Unbuffered	Yes	€159.00	https://fi.pcpartpicker.com/product/PkNgXL/corsair-dominator-platinum-rgb-16-gb-2-x-8-gb-ddr4-3600-cl18-memory-cmt16gx4m2c3600c18w
81	Corsair Vengeance RGB Pro SL 32 GB (2 x 16 GB) DDR4-3200 CL16 Memory (CMH32GX4M2E3200C16W)	Corsair	288-pin DIMM (DDR4)	2 x 16GB	White / Black	16	1.35 V	Non-ECC / Unbuffered	Yes	€170.00	https://fi.pcpartpicker.com/product/CybCmG/corsair-vengeance-rgb-pro-sl-32-gb-2-x-16-gb-ddr4-3200-cl16-memory-cmh32gx4m2e3200c16w
82	Corsair Vengeance RGB Pro 32 GB (4 x 8 GB) DDR4-3600 CL16 Memory (CMW32GX4M4D3600C16)	Corsair	288-pin DIMM (DDR4)	4 x 8GB	Black	16	1.35 V	Non-ECC / Unbuffered	Yes	€245.00	https://fi.pcpartpicker.com/product/jQjNnQ/corsair-vengeance-rgb-pro-32-gb-4-x-8-gb-ddr4-3600-cl16-memory-cmw32gx4m4d3600c16
83	Corsair Vengeance RGB Pro SL 32 GB (2 x 16 GB) DDR4-3600 CL18 Memory (CMH32GX4M2D3600C18)	Corsair	288-pin DIMM (DDR4)	2 x 16GB	Black	18	1.35 V	Non-ECC / Unbuffered	Yes	€179.90	https://fi.pcpartpicker.com/product/2RNgXL/corsair-vengeance-rgb-pro-sl-32-gb-2-x-16-gb-ddr4-3600-cl18-memory-cmh32gx4m2d3600c18
84	Corsair Vengeance RGB Pro 32 GB (2 x 16 GB) DDR4-2666 CL16 Memory (CMW32GX4M2A2666C16W)	Corsair	288-pin DIMM (DDR4)	2 x 16GB	White	16	1.2 V	Non-ECC / Unbuffered	Yes	€167.00	https://fi.pcpartpicker.com/product/h9QG3C/corsair-vengeance-rgb-pro-32gb-2-x-16gb-ddr4-2666-memory-cmw32gx4m2a2666c16w
85	Corsair Vengeance LPX 64 GB (4 x 16 GB) DDR4-3200 CL16 Memory (CMK64GX4M4E3200C16)	Corsair	288-pin DIMM (DDR4)	4 x 16GB	Black / Yellow	16	1.35 V	Non-ECC / Unbuffered	Yes	€309.00	https://fi.pcpartpicker.com/product/KdgQzy/corsair-vengeance-lpx-64-gb-4-x-16-gb-ddr4-3200-memory-cmk64gx4m4e3200c16
86	Corsair Dominator Platinum RGB 16 GB (2 x 8 GB) DDR4-3600 CL18 Memory (CMT16GX4M2C3600C18)	Corsair	288-pin DIMM (DDR4)	2 x 8GB	Black	18	1.35 V	Non-ECC / Unbuffered	Yes	€160.00	https://fi.pcpartpicker.com/product/7Y3H99/corsair-dominator-platinum-rgb-16-gb-2-x-8-gb-ddr4-3600-memory-cmt16gx4m2c3600c18
87	G.Skill Trident Z RGB 32 GB (2 x 16 GB) DDR4-3200 CL16 Memory (F4-3200C16D-32GTZR)	G.Skill	288-pin DIMM (DDR4)	2 x 16GB	Black	16	1.35 V	Non-ECC / Unbuffered	Yes	€166.00	https://fi.pcpartpicker.com/product/FPYLrH/gskill-trident-z-rgb-32gb-2-x-16gb-ddr4-3200-memory-f4-3200c16d-32gtzr
88	Corsair Vengeance LPX 64 GB (2 x 32 GB) DDR4-3600 CL18 Memory (CMK64GX4M2D3600C18)	Corsair	288-pin DIMM (DDR4)	2 x 32GB	Black	18	1.35 V	Non-ECC / Unbuffered	Yes	€359.00	https://fi.pcpartpicker.com/product/C4pmP6/corsair-vengeance-lpx-64-gb-2-x-32-gb-ddr4-3600-memory-cmk64gx4m2d3600c18
89	Kingston FURY Beast 8 GB (1 x 8 GB) DDR4-3200 CL16 Memory (KF432C16BB8)	Kingston	288-pin DIMM (DDR4)	1 x 8GB	Black	16	1.35 V	Non-ECC / Unbuffered	Yes	€39.90	https://fi.pcpartpicker.com/product/PkbTwP/kingston-fury-beast-8-gb-1-x-8-gb-ddr4-3200-cl16-memory-kf432c16bb8
90	Corsair Vengeance LPX 16 GB (2 x 8 GB) DDR4-3600 CL18 Memory (CMK16GX4M2Z3600C18)	Corsair	288-pin DIMM (DDR4)	2 x 8GB	Black / Yellow	18	1.35 V	Non-ECC / Unbuffered	Yes	€89.90	https://fi.pcpartpicker.com/product/RLqhP6/corsair-vengeance-lpx-16gb-2-x-8gb-ddr4-3600-memory-cmk16gx4m2z3600c18
91	Corsair Vengeance RGB RS 32 GB (2 x 16 GB) DDR4-3200 CL16 Memory (CMG32GX4M2E3200C16)	Corsair	288-pin DIMM (DDR4)	2 x 16GB	Black / Gray	16	1.35 V	Non-ECC / Unbuffered	Yes	€173.00	https://fi.pcpartpicker.com/product/7tLFf7/corsair-vengeance-rgb-rs-32-gb-2-x-16-gb-ddr4-3200-cl16-memory-cmg32gx4m2e3200c16
92	G.Skill Flare X 16 GB (2 x 8 GB) DDR4-3200 CL14 Memory (F4-3200C14D-16GFX)	G.Skill	288-pin DIMM (DDR4)	2 x 8GB	Black	14	1.35 V	Non-ECC / Unbuffered	Yes	€127.00	https://fi.pcpartpicker.com/product/wX7CmG/gskill-flare-x-series-16gb-2-x-8gb-ddr4-3200-memory-f4-3200c14d-16gfx
93	G.Skill Ripjaws V 64 GB (2 x 32 GB) DDR4-3600 CL16 Memory (F4-3600C16D-64GVK)	G.Skill	288-pin DIMM (DDR4)	2 x 32GB	Black	16	1.45 V	Non-ECC / Unbuffered	Yes	€397.00	https://fi.pcpartpicker.com/product/KYvqqs/gskill-ripjaws-v-64-gb-2-x-32-gb-ddr4-3600-cl16-memory-f4-3600c16d-64gvk
94	G.Skill Ripjaws V 64 GB (2 x 32 GB) DDR4-4000 CL18 Memory (F4-4000C18D-64GVK)	G.Skill	288-pin DIMM (DDR4)	2 x 32GB	Black	18	1.4 V	Non-ECC / Unbuffered	Yes	€356.00	https://fi.pcpartpicker.com/product/29gQzy/gskill-ripjaws-v-64-gb-2-x-32-gb-ddr4-4000-cl18-memory-f4-4000c18d-64gvk
95	Corsair Vengeance LPX 128 GB (4 x 32 GB) DDR4-3200 CL16 Memory (CMK128GX4M4E3200C16)	Corsair	288-pin DIMM (DDR4)	4 x 32GB	Black / Yellow	16	1.35 V	Non-ECC / Unbuffered	Yes	€665.00	https://fi.pcpartpicker.com/product/tRH8TW/corsair-vengeance-lpx-128-gb-4-x-32-gb-ddr4-3200-memory-cmk128gx4m4e3200c16
96	Corsair Vengeance LPX 8 GB (2 x 4 GB) DDR4-2666 CL16 Memory (CMK8GX4M2A2666C16)	Corsair	288-pin DIMM (DDR4)	2 x 4GB	Black / Yellow	16	1.2 V	Non-ECC / Unbuffered	Yes	€57.00	https://fi.pcpartpicker.com/product/NTCrxr/corsair-memory-cmk8gx4m2a2666c16
97	Corsair Vengeance LPX 8 GB (1 x 8 GB) DDR4-3000 CL16 Memory (CMK8GX4M1D3000C16)	Corsair	288-pin DIMM (DDR4)	1 x 8GB	Black	16	1.35 V	Non-ECC / Unbuffered	Yes	€43.00	https://fi.pcpartpicker.com/product/TRF48d/corsair-vengeance-lpx-8gb-1-x-8gb-ddr4-3000-memory-cmk8gx4m1d3000c16
98	Corsair Vengeance LPX 16 GB (2 x 8 GB) DDR4-2133 CL13 Memory (CMK16GX4M2A2133C13)	Corsair	288-pin DIMM (DDR4)	2 x 8GB	Black / Yellow	13	1.2 V	Non-ECC / Unbuffered	Yes	€82.00	https://fi.pcpartpicker.com/product/PL2rxr/corsair-memory-cmk16gx4m2a2133c13
99	G.Skill Trident Z Neo 16 GB (2 x 8 GB) DDR4-3600 CL18 Memory (F4-3600C18D-16GTZN)	G.Skill	288-pin DIMM (DDR4)	2 x 8GB	Black / Silver	18	1.35 V	Non-ECC / Unbuffered	Yes	€111.00	https://fi.pcpartpicker.com/product/DwVG3C/gskill-trident-z-neo-16-gb-2-x-8-gb-ddr4-3600-cl18-memory-f4-3600c18d-16gtzn
100	Kingston ValueRAM 8 GB (1 x 8 GB) DDR4-2666 CL19 Memory (KVR26N19S8/8)	Kingston	288-pin DIMM (DDR4)	1 x 8GB	Green / Black	19	1.2 V	Non-ECC / Unbuffered	No	€43.00	https://fi.pcpartpicker.com/product/yRVD4D/kingston-valueram-8gb-1-x-8gb-ddr4-2666-memory-kvr26n19s88
101	G.Skill Trident Z RGB 32 GB (2 x 16 GB) DDR4-3200 CL14 Memory (F4-3200C14D-32GTZR)	G.Skill	288-pin DIMM (DDR4)	2 x 16GB	Black	14	1.35 V	Non-ECC / Unbuffered	Yes	€293.00	https://fi.pcpartpicker.com/product/WtjWGX/gskill-tridentz-rgb-32gb-2-x-16gb-ddr4-3200-memory-f4-3200c14d-32gtzr
102	G.Skill Trident Z Neo 64 GB (2 x 32 GB) DDR4-3600 CL16 Memory (F4-3600C16D-64GTZN)	G.Skill	288-pin DIMM (DDR4)	2 x 32GB	Black / Silver	16	1.45 V	Non-ECC / Unbuffered	Yes	€420.00	https://fi.pcpartpicker.com/product/kJvqqs/gskill-trident-z-neo-64-gb-2-x-32-gb-ddr4-3600-cl16-memory-f4-3600c16d-64gtzn
103	G.Skill Ripjaws V 32 GB (2 x 16 GB) DDR4-3600 CL14 Memory (F4-3600C14D-32GVK)	G.Skill	288-pin DIMM (DDR4)	2 x 16GB	Black	14	1.45 V	Non-ECC / Unbuffered	Yes	€309.00	https://fi.pcpartpicker.com/product/RyJmP6/gskill-ripjaws-v-32-gb-2-x-16-gb-ddr4-3600-cl14-memory-f4-3600c14d-32gvk
104	Corsair Vengeance RGB Pro SL 32 GB (4 x 8 GB) DDR4-3200 CL16 Memory (CMH32GX4M4E3200C16W)	Corsair	288-pin DIMM (DDR4)	4 x 8GB	White / Black	16	1.35 V	Non-ECC / Unbuffered	Yes	€196.00	https://fi.pcpartpicker.com/product/zMfFf7/corsair-vengeance-rgb-pro-sl-32-gb-4-x-8-gb-ddr4-3200-cl16-memory-cmh32gx4m4e3200c16w
105	Corsair Vengeance RGB Pro SL 32 GB (4 x 8 GB) DDR4-3600 CL18 Memory (CMH32GX4M4D3600C18)	Corsair	288-pin DIMM (DDR4)	4 x 8GB	Black	18	1.35 V	Non-ECC / Unbuffered	Yes	€220.00	https://fi.pcpartpicker.com/product/6XmFf7/corsair-vengeance-rgb-pro-sl-32-gb-4-x-8-gb-ddr4-3600-cl18-memory-cmh32gx4m4d3600c18
106	Corsair Vengeance RGB Pro SL 32 GB (4 x 8 GB) DDR4-3600 CL18 Memory (CMH32GX4M4D3600C18W)	Corsair	288-pin DIMM (DDR4)	4 x 8GB	White	18	1.35 V	Non-ECC / Unbuffered	Yes	€213.00	https://fi.pcpartpicker.com/product/FhmmP6/corsair-vengeance-rgb-pro-sl-32-gb-4-x-8-gb-ddr4-3600-cl18-memory-cmh32gx4m4d3600c18w
107	Corsair Vengeance RGB RS 32 GB (2 x 16 GB) DDR4-3600 CL18 Memory (CMG32GX4M2D3600C18)	Corsair	288-pin DIMM (DDR4)	2 x 16GB	Black / Gray	18	1.35 V	Non-ECC / Unbuffered	Yes	€179.00	https://fi.pcpartpicker.com/product/94Z9TW/corsair-vengeance-rgb-rs-32-gb-2-x-16-gb-ddr4-3600-cl18-memory-cmg32gx4m2d3600c18
108	Crucial CT8G4DFS824A 8 GB (1 x 8 GB) DDR4-2400 CL17 Memory (CT8G4DFS824A)	Crucial	288-pin DIMM (DDR4)	1 x 8GB	Green	17	1.2 V	Non-ECC / Unbuffered	No	€43.00	https://fi.pcpartpicker.com/product/pyRzK8/crucial-8gb-1-x-8gb-ddr4-2133-memory-ct8g4dfs824a
109	Kingston FURY Beast RGB 16 GB (2 x 8 GB) DDR4-3600 CL17 Memory (KF436C17BBAK2/16)	Kingston	288-pin DIMM (DDR4)	2 x 8GB	Black	17	1.35 V	Non-ECC / Unbuffered	Yes	€95.00	https://fi.pcpartpicker.com/product/cbxRsY/kingston-fury-beast-rgb-16-gb-2-x-8-gb-ddr4-3600-cl17-memory-kf436c17bbak216
110	Corsair Dominator Platinum RGB 64 GB (4 x 16 GB) DDR4-3600 CL18 Memory (CMT64GX4M4K3600C18)	Corsair	288-pin DIMM (DDR4)	4 x 16GB	Black	18	1.35 V	Non-ECC / Unbuffered	Yes	€482.00	https://fi.pcpartpicker.com/product/sY3H99/corsair-dominator-platinum-rgb-64-gb-4-x-16-gb-ddr4-3600-memory-cmt64gx4m4k3600c18
111	Corsair Vengeance RGB RS 64 GB (2 x 32 GB) DDR4-3600 CL18 Memory (CMG64GX4M2D3600C18)	Corsair	288-pin DIMM (DDR4)	2 x 32GB	Black	18	1.35 V	Non-ECC / Unbuffered	Yes	€365.00	https://fi.pcpartpicker.com/product/VxxRsY/corsair-vengeance-rgb-rs-64-gb-2-x-32-gb-ddr4-3600-cl18-memory-cmg64gx4m2d3600c18
112	G.Skill Trident Z Neo 128 GB (4 x 32 GB) DDR4-3600 CL16 Memory (F4-3600C16Q-128GTZN)	G.Skill	288-pin DIMM (DDR4)	4 x 32GB	Black / Silver	16	1.45 V	Non-ECC / Unbuffered	Yes	€816.00	https://fi.pcpartpicker.com/product/CM9tt6/gskill-trident-z-neo-128-gb-4-x-32-gb-ddr4-3600-cl16-memory-f4-3600c16q-128gtzn
113	G.Skill Trident Z RGB 64 GB (2 x 32 GB) DDR4-4000 CL18 Memory (F4-4000C18D-64GTZR)	G.Skill	288-pin DIMM (DDR4)	2 x 32GB	Black	18	1.4 V	Non-ECC / Unbuffered	Yes	€388.00	https://fi.pcpartpicker.com/product/RjzFf7/gskill-trident-z-rgb-64-gb-2-x-32-gb-ddr4-4000-cl18-memory-f4-4000c18d-64gtzr
114	Kingston FURY Beast RGB 32 GB (2 x 16 GB) DDR4-3200 CL16 Memory (KF432C16BBAK2/32)	Kingston	288-pin DIMM (DDR4)	2 x 16GB	Black	16	1.35 V	Non-ECC / Unbuffered	Yes	€148.00	https://fi.pcpartpicker.com/product/WrQcCJ/kingston-fury-beast-rgb-32-gb-2-x-16-gb-ddr4-3200-cl16-memory-kf432c16bbak232
115	G.Skill Trident Z Neo 32 GB (2 x 16 GB) DDR4-4000 CL18 Memory (F4-4000C18D-32GTZN)	G.Skill	288-pin DIMM (DDR4)	2 x 16GB	Black / Silver	18	1.4 V	Non-ECC / Unbuffered	Yes	€205.00	https://fi.pcpartpicker.com/product/f9jNnQ/gskill-trident-z-neo-32-gb-2-x-16-gb-ddr4-4000-cl18-memory-f4-4000c18d-32gtzn
116	G.Skill Trident Z RGB 32 GB (2 x 16 GB) DDR4-4000 CL16 Memory (F4-4000C16D-32GTZR)	G.Skill	288-pin DIMM (DDR4)	2 x 16GB	Black	16	1.4 V	Non-ECC / Unbuffered	Yes	€346.00	https://fi.pcpartpicker.com/product/fcwkcf/gskill-trident-z-rgb-32-gb-2-x-16-gb-ddr4-4000-cl16-memory-f4-4000c16d-32gtzr
117	G.Skill Ripjaws V 16 GB (2 x 8 GB) DDR4-4000 CL14 Memory (F4-4000C14D-16GVK)	G.Skill	288-pin DIMM (DDR4)	2 x 8GB	Black	14	1.55 V	Non-ECC / Unbuffered	Yes	€254.00	https://fi.pcpartpicker.com/product/6VD7YJ/gskill-ripjaws-v-16-gb-2-x-8-gb-ddr4-4000-cl14-memory-f4-4000c14d-16gvk
118	Corsair Vengeance RGB Pro 16 GB (1 x 16 GB) DDR4-3600 CL18 Memory (CMW16GX4M1Z3600C18)	Corsair	288-pin DIMM (DDR4)	1 x 16GB	Black	18	1.35 V	Non-ECC / Unbuffered	Yes	€96.00	https://fi.pcpartpicker.com/product/vG848d/corsair-vengeance-rgb-pro-16-gb-1-x-16-gb-ddr4-3600-cl18-memory-cmw16gx4m1z3600c18
119	Corsair Vengeance RGB Pro SL 16 GB (2 x 8 GB) DDR4-3600 CL16 Memory (CMH16GX4M2Z3600C16)	Corsair	288-pin DIMM (DDR4)	2 x 8GB	Black	16	1.35 V	Non-ECC / Unbuffered	Yes	€124.00	https://fi.pcpartpicker.com/product/rpRYcf/corsair-vengeance-rgb-pro-sl-16-gb-2-x-8-gb-ddr4-3600-cl16-memory-cmh16gx4m2z3600c16
120	G.Skill Trident Z RGB 16 GB (2 x 8 GB) DDR4-3600 CL18 Memory (F4-3600C18D-16GTZR)	G.Skill	288-pin DIMM (DDR4)	2 x 8GB	Black	18	1.35 V	Non-ECC / Unbuffered	Yes	€111.00	https://fi.pcpartpicker.com/product/4WtKHx/gskill-trident-z-rgb-16-gb-2-x-8-gb-ddr4-3600-memory-f4-3600c18d-16gtzr
121	G.Skill Ripjaws V 64 GB (2 x 32 GB) DDR4-3200 CL16 Memory (F4-3200C16D-64GVK)	G.Skill	288-pin DIMM (DDR4)	2 x 32GB	Black	16	1.35 V	Non-ECC / Unbuffered	Yes	€293.00	https://fi.pcpartpicker.com/product/kGjNnQ/gskill-ripjaws-v-64-gb-2-x-32-gb-ddr4-3200-memory-f4-3200c16d-64gvk
122	Kingston Fury Renegade RGB 16 GB (2 x 8 GB) DDR4-3600 CL16 Memory (KF436C16RBAK2/16)	Kingston	288-pin DIMM (DDR4)	2 x 8GB	Black	16	1.35 V	Non-ECC / Unbuffered	Yes	€104.90	https://fi.pcpartpicker.com/product/Jm2WGX/kingston-fury-renegade-rgb-16-gb-2-x-8-gb-ddr4-3600-cl16-memory-kf436c16rbak216
123	Kingston FURY Beast 64 GB (2 x 32 GB) DDR4-3200 CL16 Memory (KF432C16BBK2/64)	Kingston	288-pin DIMM (DDR4)	2 x 32GB	Black / Silver	16	1.35 V	Non-ECC / Unbuffered	Yes	€259.90	https://fi.pcpartpicker.com/product/xkRYcf/kingston-fury-beast-64-gb-2-x-32-gb-ddr4-3200-cl16-memory-kf432c16bbk264
124	G.Skill Trident Z Royal 32 GB (2 x 16 GB) DDR4-3200 CL16 Memory (F4-3200C16D-32GTRS)	G.Skill	288-pin DIMM (DDR4)	2 x 16GB	Silver	16	1.35 V	Non-ECC / Unbuffered	Yes	€196.00	https://fi.pcpartpicker.com/product/ZRc48d/gskill-trident-z-royal-32-gb-2-x-16-gb-ddr4-3200-memory-f4-3200c16d-32gtrs
125	Corsair Vengeance RGB RT 16 GB (2 x 8 GB) DDR4-3600 CL16 Memory (CMN16GX4M2Z3600C16)	Corsair	288-pin DIMM (DDR4)	2 x 8GB	Black	16	1.35 V	Non-ECC / Unbuffered	Yes	€130.00	https://fi.pcpartpicker.com/product/wPvdnQ/corsair-vengeance-rgb-rt-16-gb-2-x-8-gb-ddr4-3600-cl16-memory-cmn16gx4m2z3600c16
126	G.Skill Trident Z RGB 64 GB (4 x 16 GB) DDR4-3600 CL18 Memory (F4-3600C18Q-64GTZR)	G.Skill	288-pin DIMM (DDR4)	4 x 16GB	Black	18	1.35 V	Non-ECC / Unbuffered	Yes	€336.00	https://fi.pcpartpicker.com/product/LTYQzy/gskill-trident-z-rgb-64-gb-4-x-16-gb-ddr4-3600-memory-f4-3600c18q-64gtzr
127	Corsair Vengeance RGB Pro 16 GB (2 x 8 GB) DDR4-3600 CL18 Memory (CMW16GX4M2C3600C18W)	Corsair	288-pin DIMM (DDR4)	2 x 8GB	White	18	1.35 V	Non-ECC / Unbuffered	Yes	€123.00	https://fi.pcpartpicker.com/product/FgqhP6/corsair-vengeance-rgb-pro-16gb-2-x-8gb-ddr4-3600-memory-cmw16gx4m2c3600c18w
128	G.Skill Ripjaws V 16 GB (2 x 8 GB) DDR4-4000 CL18 Memory (F4-4000C18D-16GVK)	G.Skill	288-pin DIMM (DDR4)	2 x 8GB	Black	18	1.35 V	Non-ECC / Unbuffered	Yes	€109.00	https://fi.pcpartpicker.com/product/YCpmP6/gskill-ripjaws-v-16-gb-2-x-8-gb-ddr4-4000-cl18-memory-f4-4000c18d-16gvk
129	Corsair Vengeance RGB Pro 64 GB (4 x 16 GB) DDR4-3200 CL16 Memory (CMW64GX4M4E3200C16)	Corsair	288-pin DIMM (DDR4)	4 x 16GB	Black	16	1.35 V	Non-ECC / Unbuffered	Yes	€333.00	https://fi.pcpartpicker.com/product/9jsnTW/corsair-vengeance-rgb-pro-64-gb-4-x-16-gb-ddr4-3200-memory-cmw64gx4m4e3200c16
130	Corsair Vengeance RGB Pro SL 32 GB (4 x 8 GB) DDR4-3200 CL16 Memory (CMH32GX4M4E3200C16)	Corsair	288-pin DIMM (DDR4)	4 x 8GB	Black	16	1.35 V	Non-ECC / Unbuffered	Yes	€190.00	https://fi.pcpartpicker.com/product/jc6qqs/corsair-vengeance-rgb-pro-sl-32-gb-4-x-8-gb-ddr4-3200-cl16-memory-cmh32gx4m4e3200c16
131	Corsair Vengeance RGB Pro 128 GB (4 x 32 GB) DDR4-3600 CL16 Memory (CMW128GX4M4Z3600C18)	Corsair	288-pin DIMM (DDR4)	4 x 32GB	Black	16	1.35 V	Non-ECC / Unbuffered	Yes	€1034.00	https://fi.pcpartpicker.com/product/JLCFf7/corsair-vengeance-rgb-pro-128-gb-4-x-32-gb-ddr4-3600-cl16-memory-cmw128gx4m4z3600c18
132	Crucial CT2K4G4DFS824A 8 GB (2 x 4 GB) DDR4-2400 CL17 Memory (CT2K4G4DFS824A)	Crucial	288-pin DIMM (DDR4)	2 x 4GB	Green	17	1.2 V	Non-ECC / Unbuffered	No	€43.00	https://fi.pcpartpicker.com/product/yz8H99/crucial-8gb-2-x-4gb-ddr4-2400-memory-ct2k4g4dfs824a
133	Corsair Dominator Platinum RGB 32 GB (4 x 8 GB) DDR4-3200 CL16 Memory (CMT32GX4M4C3200C16W)	Corsair	288-pin DIMM (DDR4)	4 x 8GB	White	16	1.35 V	Non-ECC / Unbuffered	Yes	€290.00	https://fi.pcpartpicker.com/product/jz3mP6/corsair-dominator-platinum-rgb-32-gb-4-x-8-gb-ddr4-3200-cl16-memory-cmt32gx4m4c3200c16w
134	Corsair Vengeance RGB Pro 16 GB (2 x 8 GB) DDR4-2666 CL16 Memory (CMW16GX4M2A2666C16W)	Corsair	288-pin DIMM (DDR4)	2 x 8GB	White	16	1.2 V	Non-ECC / Unbuffered	Yes	€99.00	https://fi.pcpartpicker.com/product/rrtQzy/corsair-vengeance-rgb-pro-16gb-2-x-8gb-ddr4-2666-memory-cmw16gx4m2a2666c16w
135	Kingston FURY Beast 32 GB (2 x 16 GB) DDR4-3200 CL16 Memory (KF432C16BBK2/32)	Kingston	288-pin DIMM (DDR4)	2 x 16GB	Black	16	1.35 V	Non-ECC / Unbuffered	Yes	€139.00	https://fi.pcpartpicker.com/product/3q2WGX/kingston-fury-beast-32-gb-2-x-16-gb-ddr4-3200-cl16-memory-kf432c16bbk232
136	Corsair Vengeance RGB Pro 16 GB (2 x 8 GB) DDR4-3600 CL18 Memory (CMW16GX4M2Z3600C18)	Corsair	288-pin DIMM (DDR4)	2 x 8GB	Black	18	1.35 V	Non-ECC / Unbuffered	Yes	€104.90	https://fi.pcpartpicker.com/product/WH9tt6/corsair-vengeance-rgb-pro-16-gb-2-x-8-gb-ddr4-3600-cl18-memory-cmw16gx4m2z3600c18
137	Corsair Vengeance LPX 64 GB (4 x 16 GB) DDR4-3600 CL18 Memory (CMK64GX4M4D3600C18)	Corsair	288-pin DIMM (DDR4)	4 x 16GB	Black	18	1.35 V	Non-ECC / Unbuffered	Yes	€316.00	https://fi.pcpartpicker.com/product/cTM48d/corsair-vengeance-lpx-64-gb-4-x-16-gb-ddr4-3600-cl18-memory-cmk64gx4m4d3600c18
138	Corsair Vengeance RGB Pro 16 GB (2 x 8 GB) DDR4-2666 CL16 Memory (CMW16GX4M2A2666C16)	Corsair	288-pin DIMM (DDR4)	2 x 8GB	Black	16	1.2 V	Non-ECC / Unbuffered	Yes	€93.00	https://fi.pcpartpicker.com/product/rVgzK8/corsair-vengeance-rgb-pro-16gb-2-x-8gb-ddr4-2666-memory-cmw16gx4m2a2666c16
139	G.Skill Ripjaws V 128 GB (4 x 32 GB) DDR4-3200 CL16 Memory (F4-3200C16Q-128GVK)	G.Skill	288-pin DIMM (DDR4)	4 x 32GB	Black	16	1.35 V	Non-ECC / Unbuffered	Yes	€584.00	https://fi.pcpartpicker.com/product/rJkgXL/gskill-ripjaws-v-128-gb-4-x-32-gb-ddr4-3200-memory-f4-3200c16q-128gvk
140	Corsair Vengeance LPX 256 GB (8 x 32 GB) DDR4-3600 CL18 Memory (CMK256GX4M8D3600C18)	Corsair	288-pin DIMM (DDR4)	8 x 32GB	Black / Yellow	18	1.35 V	Non-ECC / Unbuffered	Yes	€1522.00	https://fi.pcpartpicker.com/product/g4GnTW/corsair-vengeance-lpx-256-gb-8-x-32-gb-ddr4-3600-memory-cmk256gx4m8d3600c18
141	Corsair Vengeance LPX 32 GB (2 x 16 GB) DDR4-3000 CL16 Memory (CMK32GX4M2D3000C16)	Corsair	288-pin DIMM (DDR4)	2 x 16GB	Black	16	1.35 V	Non-ECC / Unbuffered	Yes	€155.00	https://fi.pcpartpicker.com/product/DFXnTW/corsair-vengeance-lpx-32gb-2-x-16gb-ddr4-3000-memory-cmk32gx4m2d3000c16
142	G.Skill Trident Z Neo 16 GB (2 x 8 GB) DDR4-3600 CL14 Memory (F4-3600C14D-16GTZNB)	G.Skill	288-pin DIMM (DDR4)	2 x 8GB	Black / Silver	14	1.45 V	Non-ECC / Unbuffered	Yes	€212.00	https://fi.pcpartpicker.com/product/2Cdrxr/gskill-trident-z-neo-16-gb-2-x-8-gb-ddr4-3600-cl14-memory-f4-3600c14d-16gtznb
143	G.Skill Trident Z RGB 16 GB (2 x 8 GB) DDR4-3000 CL16 Memory (F4-3000C16D-16GTZR)	G.Skill	288-pin DIMM (DDR4)	2 x 8GB	Black	16	1.35 V	Non-ECC / Unbuffered	Yes	€105.00	https://fi.pcpartpicker.com/product/qjM323/gskill-trident-z-rgb-16gb-2-x-8gb-ddr3-3000-memory-f4-3000c16d-16gtzr
144	G.Skill Trident Z Neo 32 GB (4 x 8 GB) DDR4-3600 CL18 Memory (F4-3600C18Q-32GTZN)	G.Skill	288-pin DIMM (DDR4)	4 x 8GB	Silver / Black	18	1.35 V	Non-ECC / Unbuffered	Yes	€225.00	https://fi.pcpartpicker.com/product/2wVG3C/gskill-trident-z-neo-32-gb-4-x-8-gb-ddr4-3600-memory-f4-3600c18q-32gtzn
145	G.Skill Trident Z Neo 32 GB (2 x 16 GB) DDR4-3600 CL16 Memory (F4-3600C16D-32GTZN)	G.Skill	288-pin DIMM (DDR4)	2 x 16GB	Black / Silver	16	1.35 V	Non-ECC / Unbuffered	Yes	€284.00	https://fi.pcpartpicker.com/product/gqkgXL/gskill-trident-z-neo-32-gb-2-x-16-gb-ddr4-3600-cl16-memory-f4-3600c16d-32gtzn
146	Corsair Vengeance RGB Pro 32 GB (4 x 8 GB) DDR4-3600 CL18 Memory (CMW32GX4M4C3600C18)	Corsair	288-pin DIMM (DDR4)	4 x 8GB	Black	18	1.35 V	Non-ECC / Unbuffered	Yes	€234.00	https://fi.pcpartpicker.com/product/RvNv6h/corsair-vengeance-rgb-pro-32gb-4-x-8gb-ddr4-3600-memory-cmw32gx4m4c3600c18
147	Corsair Vengeance RGB Pro 64 GB (2 x 32 GB) DDR4-3600 CL18 Memory (CMW64GX4M2D3600C18)	Corsair	288-pin DIMM (DDR4)	2 x 32GB	Black	18	1.35 V	Non-ECC / Unbuffered	Yes	€356.00	https://fi.pcpartpicker.com/product/LPK2FT/corsair-vengeance-rgb-pro-64-gb-2-x-32-gb-ddr4-3600-memory-cmw64gx4m2d3600c18
148	Corsair Vengeance LPX 16 GB (2 x 8 GB) DDR4-3000 CL16 Memory (CMK16GX4M2D3000C16W)	Corsair	288-pin DIMM (DDR4)	2 x 8GB	White	16	1.35 V	Non-ECC / Unbuffered	Yes	€79.00	https://fi.pcpartpicker.com/product/nrc48d/corsair-vengeance-lpx-16gb-2-x-8gb-ddr4-3000-memory-cmk16gx4m2d3000c16w
149	G.Skill Ripjaws V 64 GB (4 x 16 GB) DDR4-3600 CL18 Memory (F4-3600C18Q-64GVK)	G.Skill	288-pin DIMM (DDR4)	4 x 16GB	Black	18	1.35 V	Non-ECC / Unbuffered	Yes	€282.00	https://fi.pcpartpicker.com/product/G4MTwP/gskill-ripjaws-v-64-gb-4-x-16-gb-ddr4-3600-memory-f4-3600c18q-64gvk
150	G.Skill Trident Z RGB 64 GB (4 x 16 GB) DDR4-3600 CL14 Memory (F4-3600C14Q-64GTZR)	G.Skill	288-pin DIMM (DDR4)	4 x 16GB	Black	14	1.45 V	Non-ECC / Unbuffered	Yes	€690.00	https://fi.pcpartpicker.com/product/ybBhP6/gskill-trident-z-rgb-64-gb-4-x-16-gb-ddr4-3600-cl14-memory-f4-3600c14q-64gtzr
151	G.Skill Trident Z Neo 32 GB (2 x 16 GB) DDR4-3200 CL16 Memory (F4-3200C16D-32GTZN)	G.Skill	288-pin DIMM (DDR4)	2 x 16GB	Silver / Black	16	1.35 V	Non-ECC / Unbuffered	Yes	€172.00	https://fi.pcpartpicker.com/product/RLDkcf/gskill-trident-z-neo-32-gb-2-x-16-gb-ddr4-3200-memory-f4-3200c16d-32gtzn
152	Corsair Dominator Platinum RGB 64 GB (2 x 32 GB) DDR4-3600 CL18 Memory (CMT64GX4M2C3600C18)	Corsair	288-pin DIMM (DDR4)	2 x 32GB	Black	18	1.35 V	Non-ECC / Unbuffered	Yes	€436.00	https://fi.pcpartpicker.com/product/zPD7YJ/corsair-dominator-platinum-rgb-64-gb-2-x-32-gb-ddr4-3600-cl18-memory-cmt64gx4m2c3600c18
153	Corsair Dominator Platinum RGB 32 GB (4 x 8 GB) DDR4-3200 CL16 Memory (CMT32GX4M4C3200C16)	Corsair	288-pin DIMM (DDR4)	4 x 8GB	Black	16	1.35 V	Non-ECC / Unbuffered	Yes	€280.00	https://fi.pcpartpicker.com/product/mPPKHx/corsair-dominator-platinum-rgb-32-gb-4-x-8-gb-ddr4-3200-memory-cmt32gx4m4c3200c16
154	Corsair Dominator Platinum RGB 32 GB (2 x 16 GB) DDR4-3600 CL18 Memory (CMT32GX4M2Z3600C18)	Corsair	288-pin DIMM (DDR4)	2 x 16GB	Black	18	1.35 V	Non-ECC / Unbuffered	Yes	€251.00	https://fi.pcpartpicker.com/product/JdkgXL/corsair-dominator-platinum-rgb-32-gb-2-x-16-gb-ddr4-3600-cl18-memory-cmt32gx4m2z3600c18
155	G.Skill Trident Z Royal 16 GB (2 x 8 GB) DDR4-3600 CL18 Memory (F4-3600C18D-16GTRS)	G.Skill	288-pin DIMM (DDR4)	2 x 8GB	Silver	18	1.35 V	Non-ECC / Unbuffered	Yes	€137.00	https://fi.pcpartpicker.com/product/ZHMwrH/gskill-trident-z-royal-16-gb-2-x-8-gb-ddr4-3600-memory-f4-3600c18d-16gtrs
156	Corsair Dominator Platinum RGB 16 GB (2 x 8 GB) DDR4-3200 CL16 Memory (CMT16GX4M2C3200C16W)	Corsair	288-pin DIMM (DDR4)	2 x 8GB	White	16	1.35 V	Non-ECC / Unbuffered	Yes	€144.00	https://fi.pcpartpicker.com/product/6GzFf7/corsair-dominator-platinum-rgb-16-gb-2-x-8-gb-ddr4-3200-cl16-memory-cmt16gx4m2c3200c16w
157	Corsair Vengeance LPX 32 GB (4 x 8 GB) DDR4-3600 CL16 Memory (CMK32GX4M4D3600C16)	Corsair	288-pin DIMM (DDR4)	4 x 8GB	Black / Yellow	16	1.35 V	Non-ECC / Unbuffered	Yes	€193.00	https://fi.pcpartpicker.com/product/Js4Ycf/corsair-vengeance-lpx-32-gb-4-x-8-gb-ddr4-3600-cl16-memory-cmk32gx4m4d3600c16
158	Corsair Vengeance RGB RT 256 GB (8 x 32 GB) DDR4-3600 CL18 Memory (CMN256GX4M8Z3600C18)	Corsair	288-pin DIMM (DDR4)	8 x 32GB	Black	18	1.35 V	Non-ECC / Unbuffered	Yes	€1648.00	https://fi.pcpartpicker.com/product/D3WzK8/corsair-vengeance-rgb-rt-256-gb-8-x-32-gb-ddr4-3600-cl18-memory-cmn256gx4m8z3600c18
159	Corsair Vengeance LPX 8 GB (2 x 4 GB) DDR4-2400 CL16 Memory (CMK8GX4M2A2400C16)	Corsair	288-pin DIMM (DDR4)	2 x 4GB	Black / Yellow	16	1.2 V	Non-ECC / Unbuffered	Yes	€59.00	https://fi.pcpartpicker.com/product/HBjWGX/corsair-memory-cmk8gx4m2a2400c16
160	Corsair Vengeance LPX 4 GB (1 x 4 GB) DDR4-2400 CL16 Memory (CMK4GX4M1A2400C16)	Corsair	288-pin DIMM (DDR4)	1 x 4GB	Black / Yellow	16	1.2 V	Non-ECC / Unbuffered	Yes	€30.00	https://fi.pcpartpicker.com/product/JBjWGX/corsair-memory-cmk4gx4m1a2400c16
161	Kingston FURY Beast RGB 32 GB (2 x 16 GB) DDR4-3600 CL18 Memory (KF436C18BBAK2/32)	Kingston	288-pin DIMM (DDR4)	2 x 16GB	Black	18	1.35 V	Non-ECC / Unbuffered	Yes	€165.00	https://fi.pcpartpicker.com/product/Lt2WGX/kingston-fury-beast-rgb-32-gb-2-x-16-gb-ddr4-3600-cl18-memory-kf436c18bbak232
162	Corsair Vengeance LPX 32 GB (2 x 16 GB) DDR4-2666 CL16 Memory (CMK32GX4M2A2666C16)	Corsair	288-pin DIMM (DDR4)	2 x 16GB	Black / Yellow	16	1.2 V	Non-ECC / Unbuffered	Yes	€153.00	https://fi.pcpartpicker.com/product/wf98TW/corsair-memory-cmk32gx4m2a2666c16
163	G.Skill Ripjaws V 32 GB (2 x 16 GB) DDR4-4000 CL16 Memory (F4-4000C16D-32GVKA)	G.Skill	288-pin DIMM (DDR4)	2 x 16GB	Black	16	1.4 V	Non-ECC / Unbuffered	Yes	€315.00	https://fi.pcpartpicker.com/product/3bxRsY/gskill-ripjaws-v-32-gb-2-x-16-gb-ddr4-4000-cl16-memory-f4-4000c16d-32gvka
164	G.Skill Trident Z RGB 16 GB (2 x 8 GB) DDR4-4000 CL18 Memory (F4-4000C18D-16GTZRB)	G.Skill	288-pin DIMM (DDR4)	2 x 8GB	Black	18	1.35 V	Non-ECC / Unbuffered	Yes	€140.00	https://fi.pcpartpicker.com/product/Z3cRsY/gskill-trident-z-rgb-16-gb-2-x-8-gb-ddr4-4000-cl18-memory-f4-4000c18d-16gtzrb
165	Corsair Vengeance LPX 256 GB (8 x 32 GB) DDR4-3200 CL16 Memory (CMK256GX4M8E3200C16)	Corsair	288-pin DIMM (DDR4)	8 x 32GB	Black / Yellow	16	1.35 V	Non-ECC / Unbuffered	Yes	€1372.00	https://fi.pcpartpicker.com/product/ZZQfrH/corsair-vengeance-lpx-256-gb-8-x-32-gb-ddr4-3200-memory-cmk256gx4m8e3200c16
166	Kingston FURY Beast 32 GB (1 x 32 GB) DDR4-3600 CL17 Memory (KF436C18BB/32)	Kingston	288-pin DIMM (DDR4)	1 x 32GB	Black	17	1.35 V	Non-ECC / Unbuffered	Yes	€150.00	https://fi.pcpartpicker.com/product/xbzhP6/kingston-fury-beast-32-gb-1-x-32-gb-ddr4-3600-cl17-memory-kf436c18bb32
167	Corsair Vengeance RGB Pro 256 GB (8 x 32 GB) DDR4-3200 CL16 Memory (CMW256GX4M8E3200C16)	Corsair	288-pin DIMM (DDR4)	8 x 32GB	Black	16	1.35 V	Non-ECC / Unbuffered	Yes	€1476.00	https://fi.pcpartpicker.com/product/Q9848d/corsair-vengeance-rgb-pro-256-gb-8-x-32-gb-ddr4-3200-memory-cmw256gx4m8e3200c16
168	G.Skill Trident Z RGB 64 GB (2 x 32 GB) DDR4-3600 CL16 Memory (F4-3600C16D-64GTZR)	G.Skill	288-pin DIMM (DDR4)	2 x 32GB	Black	16	1.45 V	Non-ECC / Unbuffered	Yes	€407.00	https://fi.pcpartpicker.com/product/TKXJ7P/gskill-trident-z-rgb-64-gb-2-x-32-gb-ddr4-3600-cl16-memory-f4-3600c16d-64gtzr
169	Corsair Vengeance RGB RT 16 GB (2 x 8 GB) DDR4-3200 CL16 Memory (CMN16GX4M2Z3200C16W)	Corsair	288-pin DIMM (DDR4)	2 x 8GB	White / Black	16	1.35 V	Non-ECC / Unbuffered	Yes	€101.00	https://fi.pcpartpicker.com/product/DwD7YJ/corsair-vengeance-rgb-rt-16-gb-2-x-8-gb-ddr4-3200-cl16-memory-cmn16gx4m2z3200c16w
170	Kingston FURY Beast 16 GB (1 x 16 GB) DDR4-3200 CL16 Memory (KF432C16BB/16)	Kingston	288-pin DIMM (DDR4)	1 x 16GB	Black	16	1.35 V	Non-ECC / Unbuffered	Yes	€73.00	https://fi.pcpartpicker.com/product/vJTp99/kingston-fury-beast-16-gb-1-x-16-gb-ddr4-3200-cl16-memory-kf432c16bb16
171	Crucial CT2K8G4DFS824A 16 GB (2 x 8 GB) DDR4-2400 CL17 Memory (CT2K8G4DFS824A)	Crucial	288-pin DIMM (DDR4)	2 x 8GB	Green / Black	17	1.2 V	Non-ECC / Unbuffered	No	€79.00	https://fi.pcpartpicker.com/product/QMBTwP/crucial-16-gb-2-x-8-gb-ddr4-2400-memory-ct2k8g4dfs824a
172	G.Skill Trident Z Royal 32 GB (2 x 16 GB) DDR4-3600 CL16 Memory (F4-3600C16D-32GTRSC)	G.Skill	288-pin DIMM (DDR4)	2 x 16GB	Silver	16	1.35 V	Non-ECC / Unbuffered	Yes	€252.00	https://fi.pcpartpicker.com/product/rrMTwP/gskill-trident-z-royal-32-gb-2-x-16-gb-ddr4-3600-memory-f4-3600c16d-32gtrsc
173	Corsair Vengeance RGB Pro 16 GB (2 x 8 GB) DDR4-4000 CL19 Memory (CMW16GX4M2K4000C19)	Corsair	288-pin DIMM (DDR4)	2 x 8GB	Black	19	1.35 V	Non-ECC / Unbuffered	Yes	€162.00	https://fi.pcpartpicker.com/product/2VbwrH/corsair-vengeance-rgb-pro-16gb-2-x-8gb-ddr4-4000-memory-cmw16gx4m2k4000c19
174	G.Skill Trident Z RGB 32 GB (4 x 8 GB) DDR4-4000 CL15 Memory (F4-4000C15Q-32GTZR)	G.Skill	288-pin DIMM (DDR4)	4 x 8GB	Black	15	1.5 V	Non-ECC / Unbuffered	Yes	€446.00	https://fi.pcpartpicker.com/product/VFxbt6/gskill-trident-z-rgb-32-gb-4-x-8-gb-ddr4-4000-memory-f4-4000c15q-32gtzr
175	Corsair Vengeance LPX 8 GB (2 x 4 GB) DDR4-2400 CL15 Memory (CMK8GX4M2A2400C14)	Corsair	288-pin DIMM (DDR4)	2 x 4GB	Black / Yellow	15	1.2 V	Non-ECC / Unbuffered	Yes	€59.00	https://fi.pcpartpicker.com/product/PpgPxr/corsair-memory-cmk8gx4m2a2400c14
176	Corsair Dominator Platinum RGB 16 GB (2 x 8 GB) DDR4-3200 CL16 Memory (CMT16GX4M2C3200C16)	Corsair	288-pin DIMM (DDR4)	2 x 8GB	Black	16	1.35 V	Non-ECC / Unbuffered	Yes	€144.00	https://fi.pcpartpicker.com/product/cfqhP6/corsair-dominator-platinum-rgb-16-gb-2-x-8-gb-ddr4-3200-memory-cmt16gx4m2c3200c16
177	Kingston FURY Beast RGB 32 GB (2 x 16 GB) DDR4-3200 CL16 Memory (KF432C16BB1AK232)	Kingston	288-pin DIMM (DDR4)	2 x 16GB	Black	16	1.35 V	Non-ECC / Unbuffered	Yes	€157.00	https://fi.pcpartpicker.com/product/BQwypg/kingston-fury-beast-rgb-32-gb-2-x-16-gb-ddr4-3200-cl16-memory-kf432c16bb1ak232
178	G.Skill Ripjaws V 16 GB (2 x 8 GB) DDR4-4000 CL16 Memory (F4-4000C16D-16GVK)	G.Skill	288-pin DIMM (DDR4)	2 x 8GB	Black	16	1.4 V	Non-ECC / Unbuffered	Yes	€155.00	https://fi.pcpartpicker.com/product/MQkgXL/gskill-ripjaws-v-16-gb-2-x-8-gb-ddr4-4000-cl16-memory-f4-4000c16d-16gvk
179	Corsair Vengeance RGB RS 8 GB (1 x 8 GB) DDR4-3200 CL16 Memory (CMG8GX4M1E3200C16)	Corsair	288-pin DIMM (DDR4)	1 x 8GB	Black / Gray	16	1.35 V	Non-ECC / Unbuffered	Yes	€51.00	https://fi.pcpartpicker.com/product/xsstt6/corsair-vengeance-rgb-rs-8-gb-1-x-8-gb-ddr4-3200-cl16-memory-cmg8gx4m1e3200c16
180	G.Skill TridentZ RGB 32 GB (2 x 16 GB) DDR4-3600 CL14 Memory (F4-3600C14D-32GTZRA)	G.Skill	288-pin DIMM (DDR4)	2 x 16GB	Black	14	1.45 V	Non-ECC / Unbuffered	Yes	€393.00	https://fi.pcpartpicker.com/product/9bkWGX/gskill-tridentz-rgb-32-gb-2-x-16-gb-ddr4-3600-cl14-memory-f4-3600c14d-32gtzra
181	Corsair Vengeance RGB Pro SL 64 GB (4 x 16 GB) DDR4-3200 CL16 Memory (CMH64GX4M4E3200C16W)	Corsair	288-pin DIMM (DDR4)	4 x 16GB	White	16	1.35 V	Non-ECC / Unbuffered	Yes	€338.00	https://fi.pcpartpicker.com/product/Dh2WGX/corsair-vengeance-rgb-pro-sl-64-gb-4-x-16-gb-ddr4-3200-cl16-memory-cmh64gx4m4e3200c16w
182	Corsair Vengeance RGB Pro SL 64 GB (4 x 16 GB) DDR4-3200 CL16 Memory (CMH64GX4M4E3200C16W)	Corsair	288-pin DIMM (DDR4)	4 x 16GB	White	16	1.35 V	Non-ECC / Unbuffered	Yes	€338.00	https://fi.pcpartpicker.com/product/Dh2WGX/corsair-vengeance-rgb-pro-sl-64-gb-4-x-16-gb-ddr4-3200-cl16-memory-cmh64gx4m4e3200c16w
183	Crucial CT16G4DFD832A 16 GB (1 x 16 GB) DDR4-3200 CL22 Memory (CT16G4DFD832A)	Crucial	288-pin DIMM (DDR4)	1 x 16GB	Green / Black	22	1.2 V	Non-ECC / Unbuffered	No	€86.00	https://fi.pcpartpicker.com/product/BD66Mp/crucial-16-gb-1-x-16-gb-ddr4-3200-memory-ct16g4dfd832a
184	Kingston FURY Beast 8 GB (2 x 4 GB) DDR4-2666 CL16 Memory (KF426C16BBK2/8)	Kingston	288-pin DIMM (DDR4)	2 x 4GB	Black	16	1.2 V	Non-ECC / Unbuffered	Yes	€64.00	https://fi.pcpartpicker.com/product/j7nypg/kingston-fury-beast-8-gb-2-x-4-gb-ddr4-2666-cl16-memory-kf426c16bbk28
185	G.Skill Trident Z Royal 32 GB (4 x 8 GB) DDR4-3600 CL16 Memory (F4-3600C16Q-32GTRS)	G.Skill	288-pin DIMM (DDR4)	4 x 8GB	Silver	16	1.35 V	Non-ECC / Unbuffered	Yes	€417.00	https://fi.pcpartpicker.com/product/btMwrH/gskill-trident-z-royal-32-gb-4-x-8-gb-ddr4-3600-memory-f4-3600c16q-32gtrs
186	Corsair Vengeance RGB Pro SL 32 GB (2 x 16 GB) DDR4-3200 CL16 Memory (CMH32GX4M2Z3200C16)	Corsair	288-pin DIMM (DDR4)	2 x 16GB	Black	16	1.35 V	Non-ECC / Unbuffered	Yes	€172.00	https://fi.pcpartpicker.com/product/WXmFf7/corsair-vengeance-rgb-pro-sl-32-gb-2-x-16-gb-ddr4-3200-cl16-memory-cmh32gx4m2z3200c16
187	G.Skill Trident Z Royal 16 GB (2 x 8 GB) DDR4-3200 CL16 Memory (F4-3200C16D-16GTRG)	G.Skill	288-pin DIMM (DDR4)	2 x 8GB	Gold	16	1.35 V	Non-ECC / Unbuffered	Yes	€140.00	https://fi.pcpartpicker.com/product/H6zkcf/gskill-trident-z-royal-16-gb-2-x-8-gb-ddr4-3200-memory-f4-3200c16d-16gtrg
188	G.Skill Trident Z Neo 16 GB (2 x 8 GB) DDR4-3200 CL16 Memory (F4-3200C16D-16GTZN)	G.Skill	288-pin DIMM (DDR4)	2 x 8GB	Silver / Black	16	1.35 V	Non-ECC / Unbuffered	Yes	€111.00	https://fi.pcpartpicker.com/product/V29tt6/gskill-trident-z-neo-16-gb-2-x-8-gb-ddr4-3200-memory-f4-3200c16d-16gtzn
189	Corsair Vengeance RGB RT 32 GB (2 x 16 GB) DDR4-3600 CL18 Memory (CMN32GX4M2Z3600C18W)	Corsair	288-pin DIMM (DDR4)	2 x 16GB	White / Black	18	1.35 V	Non-ECC / Unbuffered	Yes	€183.00	https://fi.pcpartpicker.com/product/ycBG3C/corsair-vengeance-rgb-rt-32-gb-2-x-16-gb-ddr4-3600-cl18-memory-cmn32gx4m2z3600c18w
190	Corsair Vengeance RGB Pro 16 GB (2 x 8 GB) DDR4-3000 CL15 Memory (CMW16GX4M2C3000C15)	Corsair	288-pin DIMM (DDR4)	2 x 8GB	Black	15	1.35 V	Non-ECC / Unbuffered	Yes	€99.00	https://fi.pcpartpicker.com/product/rsWfrH/corsair-vengeance-rgb-pro-16gb-2-x-8gb-ddr4-3000-memory-cmw16gx4m2c3000c15
191	Corsair Vengeance LPX 16 GB (4 x 4 GB) DDR4-2666 CL15 Memory (CMK16GX4M4A2666C16)	Corsair	288-pin DIMM (DDR4)	4 x 4GB	Black / Yellow	15	1.2 V	Non-ECC / Unbuffered	Yes	€116.00	https://fi.pcpartpicker.com/product/s4XfrH/corsair-memory-cmk16gx4m4a2666c16
192	Corsair Vengeance LPX 16 GB (2 x 8 GB) DDR4-3200 CL16 Memory (CMK16GX4M2B3200C16R)	Corsair	288-pin DIMM (DDR4)	2 x 8GB	Red	16	1.35 V	Non-ECC / Unbuffered	Yes	€86.00	https://fi.pcpartpicker.com/product/mtp323/corsair-memory-cmk16gx4m2b3200c16r
193	Corsair Vengeance LPX 32 GB (1 x 32 GB) DDR4-3000 CL16 Memory (CMK32GX4M1D3000C16)	Corsair	288-pin DIMM (DDR4)	1 x 32GB	Black / Yellow	16	1.35 V	Non-ECC / Unbuffered	Yes	€164.00	https://fi.pcpartpicker.com/product/MMZzK8/corsair-vengeance-lpx-32-gb-1-x-32-gb-ddr4-3000-memory-cmk32gx4m1d3000c16
194	Corsair Dominator Platinum RGB 128 GB (4 x 32 GB) DDR4-3200 CL16 Memory (CMT128GX4M4C3200C16)	Corsair	288-pin DIMM (DDR4)	4 x 32GB	Black	16	1.35 V	Non-ECC / Unbuffered	Yes	€821.00	https://fi.pcpartpicker.com/product/NM7p99/corsair-dominator-platinum-rgb-128-gb-4-x-32-gb-ddr4-3200-cl16-memory-cmt128gx4m4c3200c16
195	G.Skill Trident Z Neo 64 GB (2 x 32 GB) DDR4-3600 CL18 Memory (F4-3600C18D-64GTZN)	G.Skill	288-pin DIMM (DDR4)	2 x 32GB	Silver / Black	18	1.35 V	Non-ECC / Unbuffered	Yes	€345.00	https://fi.pcpartpicker.com/product/tcVG3C/gskill-trident-z-neo-64-gb-2-x-32-gb-ddr4-3600-memory-f4-3600c18d-64gtzn
196	Corsair Vengeance RGB Pro SL 32 GB (2 x 16 GB) DDR4-3600 CL18 Memory (CMH32GX4M2Z3600C18)	Corsair	288-pin DIMM (DDR4)	2 x 16GB	Black	18	1.35 V	Non-ECC / Unbuffered	Yes	€177.00	https://fi.pcpartpicker.com/product/cc6qqs/corsair-vengeance-rgb-pro-sl-32-gb-2-x-16-gb-ddr4-3600-cl18-memory-cmh32gx4m2z3600c18
197	G.Skill Ripjaws V 32 GB (2 x 16 GB) DDR4-3600 CL14 Memory (F4-3600C14D-32GVKA)	G.Skill	288-pin DIMM (DDR4)	2 x 16GB	Black	14	1.45 V	Non-ECC / Unbuffered	Yes	€361.00	https://fi.pcpartpicker.com/product/kfmmP6/gskill-ripjaws-v-32-gb-2-x-16-gb-ddr4-3600-cl14-memory-f4-3600c14d-32gvka
198	Corsair Vengeance 32 GB (2 x 16 GB) DDR5-5600 CL36 Memory (CMK32GX5M2B5600C36)	Corsair	288-pin DIMM (DDR5)	2 x 16GB	Black	36	1.25 V	Non-ECC / Unbuffered	Yes	€322.00	https://fi.pcpartpicker.com/product/4kmmP6/corsair-vengeance-32-gb-2-x-16-gb-ddr5-5600-cl36-memory-cmk32gx5m2b5600c36
199	G.Skill Trident Z5 RGB 32 GB (2 x 16 GB) DDR5-6400 CL32 Memory (F5-6400J3239G16GX2-TZ5RK)	G.Skill	288-pin DIMM (DDR5)	2 x 16GB	Black	32	1.4 V	Non-ECC / Unbuffered	Yes	€603.00	https://fi.pcpartpicker.com/product/RXGbt6/gskill-trident-z5-rgb-32-gb-2-x-16-gb-ddr5-6400-cl32-memory-f5-6400j3239g16gx2-tz5rk
200	Kingston FURY Beast 32 GB (2 x 16 GB) DDR5-4800 CL38 Memory (KF548C38BBK2-32)	Kingston	288-pin DIMM (DDR5)	2 x 16GB	Black / Silver	38	1.1 V	Non-ECC / Unbuffered	Yes	€218.00	https://fi.pcpartpicker.com/product/HPYmP6/kingston-fury-beast-32-gb-2-x-16-gb-ddr5-4800-cl38-memory-kf548c38bbk2-32
201	Corsair Dominator Platinum RGB 32 GB (2 x 16 GB) DDR5-6200 CL36 Memory (CMT32GX5M2X6200C36)	Corsair	288-pin DIMM (DDR5)	2 x 16GB	Black	36	1.3 V	Non-ECC / Unbuffered	Yes	€471.00	https://fi.pcpartpicker.com/product/XDXJ7P/corsair-dominator-platinum-rgb-32-gb-2-x-16-gb-ddr5-6200-cl36-memory-cmt32gx5m2x6200c36
202	Corsair Dominator Platinum RGB 64 GB (2 x 32 GB) DDR5-5200 CL40 Memory (CMT64GX5M2B5200C40)	Corsair	288-pin DIMM (DDR5)	2 x 32GB	Black	40	1.25 V	Non-ECC / Unbuffered	Yes	€705.00	https://fi.pcpartpicker.com/product/ZZD7YJ/corsair-dominator-platinum-rgb-64-gb-2-x-32-gb-ddr5-5200-cl40-memory-cmt64gx5m2b5200c40
203	Kingston FURY Beast 32 GB (2 x 16 GB) DDR5-5200 CL40 Memory (KF552C40BBK2-32)	Kingston	288-pin DIMM (DDR5)	2 x 16GB	Black / Silver	40	1.25 V	Non-ECC / Unbuffered	Yes	€214.90	https://fi.pcpartpicker.com/product/p7Z9TW/kingston-fury-beast-32-gb-2-x-16-gb-ddr5-5200-cl40-memory-kf552c40bbk2-32
204	Kingston FURY Beast 16 GB (2 x 8 GB) DDR5-4800 CL38 Memory (KF548C38BBK2-16)	Kingston	288-pin DIMM (DDR5)	2 x 8GB	Black	38	1.1 V	Non-ECC / Unbuffered	Yes	€120.00	https://fi.pcpartpicker.com/product/9fgFf7/kingston-fury-beast-16-gb-2-x-8-gb-ddr5-4800-cl38-memory-kf548c38bbk2-16
205	Corsair Vengeance 32 GB (2 x 16 GB) DDR5-5200 CL40 Memory (CMK32GX5M2B5200C40)	Corsair	288-pin DIMM (DDR5)	2 x 16GB	Black	40	1.25 V	Non-ECC / Unbuffered	Yes	€314.00	https://fi.pcpartpicker.com/product/YBWzK8/corsair-vengeance-32-gb-2-x-16-gb-ddr5-5200-cl40-memory-cmk32gx5m2b5200c40
206	Corsair Dominator Platinum RGB 32 GB (2 x 16 GB) DDR5-5200 CL40 Memory (CMT32GX5M2B5200C40)	Corsair	288-pin DIMM (DDR5)	2 x 16GB	Black / Silver	40	1.25 V	Non-ECC / Unbuffered	Yes	€359.90	https://fi.pcpartpicker.com/product/Zy3gXL/corsair-dominator-platinum-rgb-32-gb-2-x-16-gb-ddr5-5200-cl40-memory-cmt32gx5m2b5200c40
207	Corsair Dominator Platinum RGB 32 GB (2 x 16 GB) DDR5-5600 CL36 Memory (CMT32GX5M2X5600C36)	Corsair	288-pin DIMM (DDR5)	2 x 16GB	Black / Silver	36	1.25 V	Non-ECC / Unbuffered	Yes	€454.00	https://fi.pcpartpicker.com/product/f42WGX/corsair-dominator-platinum-rgb-32-gb-2-x-16-gb-ddr5-5600-cl36-memory-cmt32gx5m2x5600c36
208	G.Skill Trident Z5 RGB 32 GB (2 x 16 GB) DDR5-6000 CL36 Memory (F5-6000J3636F16GX2-TZ5RK)	G.Skill	288-pin DIMM (DDR5)	2 x 16GB	Black	36	1.35 V	Non-ECC / Unbuffered	Yes	€377.00	https://fi.pcpartpicker.com/product/mhJgXL/gskill-trident-z5-rgb-32-gb-2-x-16-gb-ddr5-6000-cl36-memory-f5-6000j3636f16gx2-tz5rk
209	Crucial CT2K8G48C40U5 16 GB (2 x 8 GB) DDR5-4800 CL40 Memory (CT2K8G48C40U5)	Crucial	288-pin DIMM (DDR5)	2 x 8GB	Black	40	1.1 V	Non-ECC / Unbuffered	No	€112.00	https://fi.pcpartpicker.com/product/X7Z9TW/crucial-16-gb-2-x-8-gb-ddr5-4800-cl40-memory-ct2k8g48c40u5
210	Corsair Vengeance 64 GB (2 x 32 GB) DDR5-5200 CL40 Memory (CMK64GX5M2B5200C40)	Corsair	288-pin DIMM (DDR5)	2 x 32GB	Black	40	1.25 V	Non-ECC / Unbuffered	Yes	€629.00	https://fi.pcpartpicker.com/product/TJZ9TW/corsair-vengeance-64-gb-2-x-32-gb-ddr5-5200-cl40-memory-cmk64gx5m2b5200c40
211	Kingston FURY Beast 16 GB (1 x 16 GB) DDR5-5200 CL40 Memory (KF552C40BB-16)	Kingston	288-pin DIMM (DDR5)	1 x 16GB	Black / Silver	40	1.25 V	Non-ECC / Unbuffered	Yes	€116.00	https://fi.pcpartpicker.com/product/hhBG3C/kingston-fury-beast-16-gb-1-x-16-gb-ddr5-5200-cl40-memory-kf552c40bb-16
212	Crucial CT2K32G48C40U5 64 GB (2 x 32 GB) DDR5-4800 CL40 Memory (CT2K32G48C40U5)	Crucial	288-pin DIMM (DDR5)	2 x 32GB	Black	40	1.1 V	Non-ECC / Unbuffered	No	€531.00	https://fi.pcpartpicker.com/product/4LjBD3/crucial-64-gb-2-x-32-gb-ddr5-4800-cl40-memory-ct2k32g48c40u5
213	Crucial CT2K16G48C40U5 32 GB (2 x 16 GB) DDR5-4800 CL40 Memory (CT2K16G48C40U5)	Crucial	288-pin DIMM (DDR5)	2 x 16GB	Black	40	1.1 V	Non-ECC / Unbuffered	No	€268.00	https://fi.pcpartpicker.com/product/vGH7YJ/crucial-32-gb-2-x-16-gb-ddr5-4800-cl40-memory-ct2k16g48c40u5
214	Kingston FURY Beast 32 GB (2 x 16 GB) DDR5-5600 CL40 Memory (KF556C40BBK2-32)	Kingston	288-pin DIMM (DDR5)	2 x 16GB	Black	40	1.25 V	Non-ECC / Unbuffered	Yes	€245.00	https://fi.pcpartpicker.com/product/4TfnTW/kingston-fury-beast-32-gb-2-x-16-gb-ddr5-5600-cl40-memory-kf556c40bbk2-32
215	Corsair Vengeance 32 GB (2 x 16 GB) DDR5-6000 CL36 Memory (CMK32GX5M2B6000C36)	Corsair	288-pin DIMM (DDR5)	2 x 16GB	Black	36	1.25 V	Non-ECC / Unbuffered	Yes	€348.00	https://fi.pcpartpicker.com/product/JB3gXL/corsair-vengeance-32-gb-2-x-16-gb-ddr5-6000-cl36-memory-cmk32gx5m2b6000c36
216	G.Skill Trident Z5 RGB 32 GB (2 x 16 GB) DDR5-6400 CL32 Memory (F5-6400J3239G16GX2-TZ5RS)	G.Skill	288-pin DIMM (DDR5)	2 x 16GB	Silver / Black	32	1.4 V	Non-ECC / Unbuffered	Yes	€481.00	https://fi.pcpartpicker.com/product/3Q92FT/gskill-trident-z5-rgb-32-gb-2-x-16-gb-ddr5-6400-cl32-memory-f5-6400j3239g16gx2-tz5rs
217	Corsair Dominator Platinum RGB 64 GB (2 x 32 GB) DDR5-5600 CL40 Memory (CMT64GX5M2X5600C40)	Corsair	288-pin DIMM (DDR5)	2 x 32GB	Black	40	1.25 V	Non-ECC / Unbuffered	Yes	€734.00	https://fi.pcpartpicker.com/product/XXQcCJ/corsair-dominator-platinum-rgb-64-gb-2-x-32-gb-ddr5-5600-cl40-memory-cmt64gx5m2x5600c40
218	Corsair Vengeance 32 GB (2 x 16 GB) DDR5-5200 CL40 Memory (CMK32GX5M2B5200C40W)	Corsair	288-pin DIMM (DDR5)	2 x 16GB	White	40	1.25 V	Non-ECC / Unbuffered	Yes	€298.00	https://fi.pcpartpicker.com/product/nq8bt6/corsair-vengeance-32-gb-2-x-16-gb-ddr5-5200-cl40-memory-cmk32gx5m2b5200c40w
219	Kingston FURY Beast RGB 16 GB (2 x 8 GB) DDR5-6000 CL40 Memory (KF560C40BBAK2-16)	Kingston	288-pin DIMM (DDR5)	2 x 8GB	Black	40	1.35 V	Non-ECC / Unbuffered	Yes	€180.00	https://fi.pcpartpicker.com/product/3jVmP6/kingston-fury-beast-rgb-16-gb-2-x-8-gb-ddr5-6000-cl40-memory-kf560c40bbak2-16
220	G.Skill Trident Z5 RGB 32 GB (2 x 16 GB) DDR5-5600 CL36 Memory (F5-5600J3636C16GX2-TZ5RK)	G.Skill	288-pin DIMM (DDR5)	2 x 16GB	Black	36	1.2 V	Non-ECC / Unbuffered	Yes	€320.00	https://fi.pcpartpicker.com/product/rBddnQ/gskill-trident-z5-rgb-32-gb-2-x-16-gb-ddr5-5600-cl36-memory-f5-5600j3636c16gx2-tz5rk
221	Kingston FURY Beast 16 GB (1 x 16 GB) DDR5-6000 CL40 Memory (KF560C40BB-16)	Kingston	288-pin DIMM (DDR5)	1 x 16GB	Black / Silver	40	1.35 V	Non-ECC / Unbuffered	Yes	€157.00	https://fi.pcpartpicker.com/product/Ny2WGX/kingston-fury-beast-16-gb-1-x-16-gb-ddr5-6000-cl40-memory-kf560c40bb-16
222	Kingston FURY Beast RGB 64 GB (2 x 32 GB) DDR5-5200 CL40 Memory (KF552C40BBAK2-64)	Kingston	288-pin DIMM (DDR5)	2 x 32GB	Black	40	1.25 V	Non-ECC / Unbuffered	Yes	€444.00	https://fi.pcpartpicker.com/product/q73gXL/kingston-fury-beast-rgb-64-gb-2-x-32-gb-ddr5-5200-cl40-memory-kf552c40bbak2-64
223	Corsair Vengeance 32 GB (2 x 16 GB) DDR5-4800 CL40 Memory (CMK32GX5M2A4800C40)	Corsair	288-pin DIMM (DDR5)	2 x 16GB	Black	40	1.1 V	Non-ECC / Unbuffered	Yes	€288.00	https://fi.pcpartpicker.com/product/CMrRsY/corsair-vengeance-32-gb-2-x-16-gb-ddr5-4800-cl40-memory-cmk32gx5m2a4800c40
224	Kingston FURY Beast RGB 16 GB (2 x 8 GB) DDR5-5600 CL40 Memory (KF556C40BBAK2-16)	Kingston	288-pin DIMM (DDR5)	2 x 8GB	Black	40	1.25 V	Non-ECC / Unbuffered	Yes	€158.00	https://fi.pcpartpicker.com/product/KGTp99/kingston-fury-beast-rgb-16-gb-2-x-8-gb-ddr5-5600-cl40-memory-kf556c40bbak2-16
225	Corsair Vengeance 32 GB (2 x 16 GB) DDR5-6200 CL36 Memory (CMK32GX5M2B6200C36)	Corsair	288-pin DIMM (DDR5)	2 x 16GB	Black	36	1.3 V	Non-ECC / Unbuffered	Yes	€357.00	https://fi.pcpartpicker.com/product/973gXL/corsair-vengeance-32-gb-2-x-16-gb-ddr5-6200-cl36-memory-cmk32gx5m2b6200c36
226	Corsair Vengeance 64 GB (2 x 32 GB) DDR5-5600 CL40 Memory (CMK64GX5M2B5600C40)	Corsair	288-pin DIMM (DDR5)	2 x 32GB	Black	40	1.25 V	Non-ECC / Unbuffered	Yes	€616.00	https://fi.pcpartpicker.com/product/MDgFf7/corsair-vengeance-64-gb-2-x-32-gb-ddr5-5600-cl40-memory-cmk64gx5m2b5600c40
227	Kingston FURY Beast RGB 16 GB (2 x 8 GB) DDR5-5200 CL40 Memory (KF552C40BBAK2-16)	Kingston	288-pin DIMM (DDR5)	2 x 8GB	Black	40	1.25 V	Non-ECC / Unbuffered	Yes	€142.00	https://fi.pcpartpicker.com/product/t4fnTW/kingston-fury-beast-rgb-16-gb-2-x-8-gb-ddr5-5200-cl40-memory-kf552c40bbak2-16
228	Kingston FURY Beast RGB 16 GB (2 x 8 GB) DDR5-4800 CL38 Memory (KF548C38BBAK2-16)	Kingston	288-pin DIMM (DDR5)	2 x 8GB	Black	38	1.1 V	Non-ECC / Unbuffered	Yes	€139.00	https://fi.pcpartpicker.com/product/hBnypg/kingston-fury-beast-rgb-16-gb-2-x-8-gb-ddr5-4800-cl38-memory-kf548c38bbak2-16
229	Kingston FURY Beast RGB 32 GB (2 x 16 GB) DDR5-5200 CL40 Memory (KF552C40BBAK2-32)	Kingston	288-pin DIMM (DDR5)	2 x 16GB	Black	40	1.25 V	Non-ECC / Unbuffered	Yes	€241.00	https://fi.pcpartpicker.com/product/gpwypg/kingston-fury-beast-rgb-32-gb-2-x-16-gb-ddr5-5200-cl40-memory-kf552c40bbak2-32
230	Kingston FURY Beast 8 GB (1 x 8 GB) DDR5-4800 CL38 Memory (KF548C38BB-8)	Kingston	288-pin DIMM (DDR5)	1 x 8GB	Black	38	1.1 V	Non-ECC / Unbuffered	Yes	€66.00	https://fi.pcpartpicker.com/product/hB6p99/kingston-fury-beast-8-gb-1-x-8-gb-ddr5-4800-cl38-memory-kf548c38bb-8
231	Kingston FURY Beast 32 GB (1 x 32 GB) DDR5-4800 CL38 Memory (KF548C38BB-32)	Kingston	288-pin DIMM (DDR5)	1 x 32GB	Black	38	1.1 V	Non-ECC / Unbuffered	Yes	€209.00	https://fi.pcpartpicker.com/product/RZ3gXL/kingston-fury-beast-32-gb-1-x-32-gb-ddr5-4800-cl38-memory-kf548c38bb-32
232	Kingston FURY Beast 16 GB (1 x 16 GB) DDR5-4800 CL38 Memory (KF548C38BB-16)	Kingston	288-pin DIMM (DDR5)	1 x 16GB	Black / Silver	38	1.1 V	Non-ECC / Unbuffered	Yes	€113.00	https://fi.pcpartpicker.com/product/X4Gbt6/kingston-fury-beast-16-gb-1-x-16-gb-ddr5-4800-cl38-memory-kf548c38bb-16
233	G.Skill Trident Z5 32 GB (2 x 16 GB) DDR5-5600 CL36 Memory (F5-5600U3636C16GX2-TZ5S)	G.Skill	288-pin DIMM (DDR5)	2 x 16GB	Silver / Black	36	1.2 V	Non-ECC / Unbuffered	Yes	€348.00	https://fi.pcpartpicker.com/product/8fRYcf/gskill-trident-z5-32-gb-2-x-16-gb-ddr5-5600-cl36-memory-f5-5600u3636c16gx2-tz5s
234	Corsair Dominator Platinum RGB 32 GB (2 x 16 GB) DDR5-6200 CL36 Memory (CMT32GX5M2X6200C36W)	Corsair	288-pin DIMM (DDR5)	2 x 16GB	White	36	1.3 V	Non-ECC / Unbuffered	Yes	€471.00	https://fi.pcpartpicker.com/product/qBBG3C/corsair-dominator-platinum-rgb-32-gb-2-x-16-gb-ddr5-6200-cl36-memory-cmt32gx5m2x6200c36w
235	Kingston FURY Beast RGB 32 GB (2 x 16 GB) DDR5-6000 CL40 Memory (KF560C40BBAK2-32)	Kingston	288-pin DIMM (DDR5)	2 x 16GB	Black	40	1.35 V	Non-ECC / Unbuffered	Yes	€321.00	https://fi.pcpartpicker.com/product/RMt9TW/kingston-fury-beast-rgb-32-gb-2-x-16-gb-ddr5-6000-cl40-memory-kf560c40bbak2-32
236	Kingston FURY Beast RGB 64 GB (2 x 32 GB) DDR5-5600 CL40 Memory (KF556C40BBAK2-64)	Kingston	288-pin DIMM (DDR5)	2 x 32GB	Black	40	1.25 V	Non-ECC / Unbuffered	Yes	€506.00	https://fi.pcpartpicker.com/product/Fpwypg/kingston-fury-beast-rgb-64-gb-2-x-32-gb-ddr5-5600-cl40-memory-kf556c40bbak2-64
237	Kingston FURY Beast RGB 64 GB (2 x 32 GB) DDR5-4800 CL38 Memory (KF548C38BBAK2-64)	Kingston	288-pin DIMM (DDR5)	2 x 32GB	Black	38	1.1 V	Non-ECC / Unbuffered	Yes	€431.00	https://fi.pcpartpicker.com/product/pNhFf7/kingston-fury-beast-rgb-64-gb-2-x-32-gb-ddr5-4800-cl38-memory-kf548c38bbak2-64
238	Kingston FURY Beast RGB 32 GB (2 x 16 GB) DDR5-4800 CL38 Memory (KF548C38BBAK2-32)	Kingston	288-pin DIMM (DDR5)	2 x 16GB	Black	38	1.1 V	Non-ECC / Unbuffered	Yes	€235.00	https://fi.pcpartpicker.com/product/HrjBD3/kingston-fury-beast-rgb-32-gb-2-x-16-gb-ddr5-4800-cl38-memory-kf548c38bbak2-32
239	Corsair Vengeance 32 GB (2 x 16 GB) DDR5-6000 CL36 Memory (CMK32GX5M2D6000C36)	Corsair	288-pin DIMM (DDR5)	2 x 16GB	Black	36	1.35 V	Non-ECC / Unbuffered	Yes	€348.00	https://fi.pcpartpicker.com/product/8yzhP6/corsair-vengeance-32-gb-2-x-16-gb-ddr5-6000-cl36-memory-cmk32gx5m2d6000c36
240	Corsair Dominator Platinum RGB 32 GB (2 x 16 GB) DDR5-6000 CL36 Memory (CMT32GX5M2X6000C36)	Corsair	288-pin DIMM (DDR5)	2 x 16GB	Black	36	1.25 V	Non-ECC / Unbuffered	Yes	€457.00	https://fi.pcpartpicker.com/product/YNVmP6/corsair-dominator-platinum-rgb-32-gb-2-x-16-gb-ddr5-6000-cl36-memory-cmt32gx5m2x6000c36
241	Corsair Dominator Platinum RGB 32 GB (2 x 16 GB) DDR5-5600 CL36 Memory (CMT32GX5M2B5600C36W)	Corsair	288-pin DIMM (DDR5)	2 x 16GB	White	36	1.3 V	Non-ECC / Unbuffered	Yes	€414.00	https://fi.pcpartpicker.com/product/gQH7YJ/corsair-dominator-platinum-rgb-32-gb-2-x-16-gb-ddr5-5600-cl36-memory-cmt32gx5m2b5600c36w
242	Kingston FURY Beast RGB 32 GB (1 x 32 GB) DDR5-5600 CL40 Memory (KF556C40BBA-32)	Kingston	288-pin DIMM (DDR5)	1 x 32GB	Black	40	1.25 V	Non-ECC / Unbuffered	Yes	€253.00	https://fi.pcpartpicker.com/product/JRPQzy/kingston-fury-beast-rgb-32-gb-1-x-32-gb-ddr5-5600-cl40-memory-kf556c40bba-32
243	G.Skill Trident Z5 RGB 32 GB (2 x 16 GB) DDR5-5200 CL36 Memory (F5-5200J3636C16GX2-TZ5RK)	G.Skill	288-pin DIMM (DDR5)	2 x 16GB	Black	36	1.2 V	Non-ECC / Unbuffered	Yes	€333.00	https://fi.pcpartpicker.com/product/WT92FT/gskill-trident-z5-rgb-32-gb-2-x-16-gb-ddr5-5200-cl36-memory-f5-5200j3636c16gx2-tz5rk
244	Kingston FURY Beast RGB 32 GB (2 x 16 GB) DDR5-5600 CL40 Memory (KF556C40BBAK2-32)	Kingston	288-pin DIMM (DDR5)	2 x 16GB	Black	40	1.25 V	Non-ECC / Unbuffered	Yes	€272.00	https://fi.pcpartpicker.com/product/QBnypg/kingston-fury-beast-rgb-32-gb-2-x-16-gb-ddr5-5600-cl40-memory-kf556c40bbak2-32
245	G.Skill Trident Z5 RGB 32 GB (2 x 16 GB) DDR5-6000 CL36 Memory (F5-6000J3636F16GX2-TZ5RS)	G.Skill	288-pin DIMM (DDR5)	2 x 16GB	Silver / Black	36	1.35 V	Non-ECC / Unbuffered	Yes	€377.00	https://fi.pcpartpicker.com/product/VQ92FT/gskill-trident-z5-rgb-32-gb-2-x-16-gb-ddr5-6000-cl36-memory-f5-6000j3636f16gx2-tz5rs
246	G.Skill Trident Z5 RGB 32 GB (2 x 16 GB) DDR5-6000 CL36 Memory (F5-6000J3636F16GX2-TZ5K)	G.Skill	288-pin DIMM (DDR5)	2 x 16GB	Black	36	1.35 V	Non-ECC / Unbuffered	Yes	€375.00	https://fi.pcpartpicker.com/product/pLBG3C/gskill-trident-z5-rgb-32-gb-2-x-16-gb-ddr5-6000-cl36-memory-f5-6000j3636f16gx2-tz5k
247	Corsair Dominator Platinum RGB 64 GB (2 x 32 GB) DDR5-5600 CL40 Memory (CMT64GX5M2B5600C40W)	Corsair	288-pin DIMM (DDR5)	2 x 32GB	White	40	1.25 V	Non-ECC / Unbuffered	Yes	€738.00	https://fi.pcpartpicker.com/product/whzhP6/corsair-dominator-platinum-rgb-64-gb-2-x-32-gb-ddr5-5600-cl40-memory-cmt64gx5m2b5600c40w
248	Kingston FURY Beast 64 GB (2 x 32 GB) DDR5-5600 CL40 Memory (KF556C40BBK2-64)	Kingston	288-pin DIMM (DDR5)	2 x 32GB	Black	40	1.25 V	Non-ECC / Unbuffered	Yes	€512.00	https://fi.pcpartpicker.com/product/4jxRsY/kingston-fury-beast-64-gb-2-x-32-gb-ddr5-5600-cl40-memory-kf556c40bbk2-64
249	G.Skill Trident Z5 RGB 32 GB (2 x 16 GB) DDR5-5600 CL36 Memory (F5-5600J3636C16GX2-TZ5RS)	G.Skill	288-pin DIMM (DDR5)	2 x 16GB	Silver / Black	36	1.2 V	Non-ECC / Unbuffered	Yes	€334.00	https://fi.pcpartpicker.com/product/kKgFf7/gskill-trident-z5-rgb-32-gb-2-x-16-gb-ddr5-5600-cl36-memory-f5-5600j3636c16gx2-tz5rs
250	ADATA Premier 16 GB (1 x 16 GB) DDR5-4800 CL40 Memory (AD5U480016G-S)	ADATA	288-pin DIMM (DDR5)	1 x 16GB	Black	40	1.1 V	Non-ECC / Unbuffered	Yes	€122.00	https://fi.pcpartpicker.com/product/LvFbt6/adata-premier-16-gb-1-x-16-gb-ddr5-4800-cl40-memory-ad5u480016g-s
251	ADATA XPG LANCER RGB 16 GB (1 x 16 GB) DDR5-5200 CL38 Memory (AX5U5200C3816G-CLARBK)	ADATA	288-pin DIMM (DDR5)	1 x 16GB	Black	38	1.25 V	Non-ECC / Unbuffered	Yes	€159.90	https://fi.pcpartpicker.com/product/MrgFf7/adata-xpg-lancer-rgb-16-gb-1-x-16-gb-ddr5-5200-cl38-memory-ax5u5200c3816g-clarbk
252	Kingston FURY Beast RGB 8 GB (1 x 8 GB) DDR5-5200 CL40 Memory (KF552C40BBA-8)	Kingston	288-pin DIMM (DDR5)	1 x 8GB	Black	40	1.25 V	Non-ECC / Unbuffered	Yes	€74.00	https://fi.pcpartpicker.com/product/cmTp99/kingston-fury-beast-rgb-8-gb-1-x-8-gb-ddr5-5200-cl40-memory-kf552c40bba-8
253	G.Skill Trident Z5 32 GB (2 x 16 GB) DDR5-5600 CL36 Memory (F5-5600U3636C16GX2-TZ5K)	G.Skill	288-pin DIMM (DDR5)	2 x 16GB	Black / Silver	36	1.2 V	Non-ECC / Unbuffered	Yes	€426.00	https://fi.pcpartpicker.com/product/mbGbt6/gskill-trident-z5-32-gb-2-x-16-gb-ddr5-5600-cl36-memory-f5-5600u3636c16gx2-tz5k
254	Kingston FURY Beast RGB 8 GB (1 x 8 GB) DDR5-4800 CL38 Memory (KF548C38BBA-8)	Kingston	288-pin DIMM (DDR5)	1 x 8GB	Black	38	1.1 V	Non-ECC / Unbuffered	Yes	€73.00	https://fi.pcpartpicker.com/product/wjVmP6/kingston-fury-beast-rgb-8-gb-1-x-8-gb-ddr5-4800-cl38-memory-kf548c38bba-8
255	Kingston FURY Beast RGB 8 GB (1 x 8 GB) DDR5-5600 CL40 Memory (KF556C40BBA-8)	Kingston	288-pin DIMM (DDR5)	1 x 8GB	Black	40	1.25 V	Non-ECC / Unbuffered	Yes	€83.00	https://fi.pcpartpicker.com/product/dg7G3C/kingston-fury-beast-rgb-8-gb-1-x-8-gb-ddr5-5600-cl40-memory-kf556c40bba-8
256	Corsair Dominator Platinum RGB 64 GB (2 x 32 GB) DDR5-5200 CL40 Memory (CMT64GX5M2B5200C40W)	Corsair	288-pin DIMM (DDR5)	2 x 32GB	White	40	1.25 V	Non-ECC / Unbuffered	Yes	€705.00	https://fi.pcpartpicker.com/product/pmM48d/corsair-dominator-platinum-rgb-64-gb-2-x-32-gb-ddr5-5200-cl40-memory-cmt64gx5m2b5200c40w
257	G.Skill Trident Z5 RGB 32 GB (2 x 16 GB) DDR5-6000 CL40 Memory (F5-6000J4040F16GX2-TZ5RK)	G.Skill	288-pin DIMM (DDR5)	2 x 16GB	Black	40	1.35 V	Non-ECC / Unbuffered	Yes	€381.00	https://fi.pcpartpicker.com/product/xKgFf7/gskill-trident-z5-rgb-32-gb-2-x-16-gb-ddr5-6000-cl40-memory-f5-6000j4040f16gx2-tz5rk
258	Kingston FURY Beast RGB 32 GB (1 x 32 GB) DDR5-4800 CL38 Memory (KF548C38BBA-32)	Kingston	288-pin DIMM (DDR5)	1 x 32GB	Black	38	1.1 V	Non-ECC / Unbuffered	Yes	€216.00	https://fi.pcpartpicker.com/product/CtfnTW/kingston-fury-beast-rgb-32-gb-1-x-32-gb-ddr5-4800-cl38-memory-kf548c38bba-32
259	Corsair Dominator Platinum RGB 64 GB (2 x 32 GB) DDR5-5600 CL40 Memory (CMT64GX5M2B5600C40)	Corsair	288-pin DIMM (DDR5)	2 x 32GB	Black	40	1.25 V	Non-ECC / Unbuffered	Yes	€738.00	https://fi.pcpartpicker.com/product/McD7YJ/corsair-dominator-platinum-rgb-64-gb-2-x-32-gb-ddr5-5600-cl40-memory-cmt64gx5m2b5600c40
260	Corsair Vengeance 32 GB (2 x 16 GB) DDR5-5600 CL36 Memory (CMK32GX5M2B5600C36W)	Corsair	288-pin DIMM (DDR5)	2 x 16GB	White	36	1.25 V	Non-ECC / Unbuffered	Yes	€310.00	https://fi.pcpartpicker.com/product/6bPQzy/corsair-vengeance-32-gb-2-x-16-gb-ddr5-5600-cl36-memory-cmk32gx5m2b5600c36w
261	G.Skill Trident Z5 RGB 32 GB (2 x 16 GB) DDR5-6000 CL40 Memory (F5-6000J4040F16GX2-TZ5K)	G.Skill	288-pin DIMM (DDR5)	2 x 16GB	Black	40	1.35 V	Non-ECC / Unbuffered	Yes	€360.00	https://fi.pcpartpicker.com/product/gyTp99/gskill-trident-z5-rgb-32-gb-2-x-16-gb-ddr5-6000-cl40-memory-f5-6000j4040f16gx2-tz5k
262	Kingston FURY Beast RGB 32 GB (1 x 32 GB) DDR5-5200 CL40 Memory (KF552C40BBA-32)	Kingston	288-pin DIMM (DDR5)	1 x 32GB	Black	40	1.25 V	Non-ECC / Unbuffered	Yes	€222.00	https://fi.pcpartpicker.com/product/yyPQzy/kingston-fury-beast-rgb-32-gb-1-x-32-gb-ddr5-5200-cl40-memory-kf552c40bba-32
263	Kingston FURY Beast 8 GB (1 x 8 GB) DDR5-5200 CL40 Memory (KF552C40BB-8)	Kingston	288-pin DIMM (DDR5)	1 x 8GB	Black	40	1.25 V	Non-ECC / Unbuffered	Yes	€68.00	https://fi.pcpartpicker.com/product/w4fnTW/kingston-fury-beast-8-gb-1-x-8-gb-ddr5-5200-cl40-memory-kf552c40bb-8
264	Kingston FURY Beast RGB 16 GB (1 x 16 GB) DDR5-5200 CL40 Memory (KF552C40BBA-16)	Kingston	288-pin DIMM (DDR5)	1 x 16GB	Black	40	1.25 V	Non-ECC / Unbuffered	Yes	€123.00	https://fi.pcpartpicker.com/product/ss4Ycf/kingston-fury-beast-rgb-16-gb-1-x-16-gb-ddr5-5200-cl40-memory-kf552c40bba-16
265	G.Skill Trident Z5 32 GB (2 x 16 GB) DDR5-6000 CL36 Memory (F5-6000J3636F16GX2-TZ5S)	G.Skill	288-pin DIMM (DDR5)	2 x 16GB	Silver / Black	36	1.35 V	Non-ECC / Unbuffered	Yes	€371.00	https://fi.pcpartpicker.com/product/HZKKHx/gskill-trident-z5-32-gb-2-x-16-gb-ddr5-6000-cl36-memory-f5-6000j3636f16gx2-tz5s
266	Kingston FURY Beast RGB 16 GB (1 x 16 GB) DDR5-5600 CL40 Memory (KF556C40BBA-16)	Kingston	288-pin DIMM (DDR5)	1 x 16GB	Black	40	1.25 V	Non-ECC / Unbuffered	Yes	€138.00	https://fi.pcpartpicker.com/product/PYFbt6/kingston-fury-beast-rgb-16-gb-1-x-16-gb-ddr5-5600-cl40-memory-kf556c40bba-16
267	G.Skill Trident Z5 RGB 32 GB (2 x 16 GB) DDR5-6000 CL40 Memory (F5-6000J4040F16GX2-TZ5S)	G.Skill	288-pin DIMM (DDR5)	2 x 16GB	Silver / Black	40	1.35 V	Non-ECC / Unbuffered	Yes	€360.00	https://fi.pcpartpicker.com/product/tyTp99/gskill-trident-z5-rgb-32-gb-2-x-16-gb-ddr5-6000-cl40-memory-f5-6000j4040f16gx2-tz5s
268	Kingston FURY Beast RGB 16 GB (1 x 16 GB) DDR5-4800 CL38 Memory (KF548C38BBA-16)	Kingston	288-pin DIMM (DDR5)	1 x 16GB	Black	38	1.1 V	Non-ECC / Unbuffered	Yes	€120.00	https://fi.pcpartpicker.com/product/DMt9TW/kingston-fury-beast-rgb-16-gb-1-x-16-gb-ddr5-4800-cl38-memory-kf548c38bba-16
269	G.Skill Trident Z5 RGB 32 GB (2 x 16 GB) DDR5-5600 CL40 Memory (F5-5600J4040C16GX2-TZ5RS)	G.Skill	288-pin DIMM (DDR5)	2 x 16GB	Silver / Black	40	1.2 V	Non-ECC / Unbuffered	Yes	€342.00	https://fi.pcpartpicker.com/product/2MddnQ/gskill-trident-z5-rgb-32-gb-2-x-16-gb-ddr5-5600-cl40-memory-f5-5600j4040c16gx2-tz5rs
270	G.Skill Trident Z5 32 GB (2 x 16 GB) DDR5-5600 CL36 Memory (F5-5600J3636C16GX2-TZ5K)	G.Skill	288-pin DIMM (DDR5)	2 x 16GB	Black	36	1.2 V	Non-ECC / Unbuffered	Yes	€345.00	https://fi.pcpartpicker.com/product/KQ92FT/gskill-trident-z5-32-gb-2-x-16-gb-ddr5-5600-cl36-memory-f5-5600j3636c16gx2-tz5k
271	G.Skill Trident Z5 RGB 32 GB (2 x 16 GB) DDR5-5600 CL40 Memory (F5-5600J4040C16GX2-TZ5RK)	G.Skill	288-pin DIMM (DDR5)	2 x 16GB	Black	40	1.2 V	Non-ECC / Unbuffered	Yes	€348.00	https://fi.pcpartpicker.com/product/bQ92FT/gskill-trident-z5-rgb-32-gb-2-x-16-gb-ddr5-5600-cl40-memory-f5-5600j4040c16gx2-tz5rk
272	Kingston FURY Beast RGB 8 GB (1 x 8 GB) DDR5-5600 CL40 Memory (KF560C40BBA-8)	Kingston	288-pin DIMM (DDR5)	1 x 8GB	Black	40	1.35 V	Non-ECC / Unbuffered	Yes	€91.00	https://fi.pcpartpicker.com/product/vmTp99/kingston-fury-beast-rgb-8-gb-1-x-8-gb-ddr5-5600-cl40-memory-kf560c40bba-8
273	G.Skill Trident Z5 RGB 32 GB (2 x 16 GB) DDR5-6000 CL40 Memory (F5-6000J4040F16GX2-TZ5RS)	G.Skill	288-pin DIMM (DDR5)	2 x 16GB	Silver / Black	40	1.35 V	Non-ECC / Unbuffered	Yes	€381.00	https://fi.pcpartpicker.com/product/83kWGX/gskill-trident-z5-rgb-32-gb-2-x-16-gb-ddr5-6000-cl40-memory-f5-6000j4040f16gx2-tz5rs
274	G.Skill Trident Z5 32 GB (2 x 16 GB) DDR5-5600 CL36 Memory (F5-5600J3636C16GX2-TZ5S)	G.Skill	288-pin DIMM (DDR5)	2 x 16GB	Silver / Black	36	1.2 V	Non-ECC / Unbuffered	Yes	€345.00	https://fi.pcpartpicker.com/product/q8wypg/gskill-trident-z5-32-gb-2-x-16-gb-ddr5-5600-cl36-memory-f5-5600j3636c16gx2-tz5s
275	G.Skill Trident Z5 RGB 32 GB (2 x 16 GB) DDR5-5200 CL36 Memory (F5-5200J3636C16GX2-TZ5RS)	G.Skill	288-pin DIMM (DDR5)	2 x 16GB	White / Black	36	1.2 V	Non-ECC / Unbuffered	Yes	€333.00	https://fi.pcpartpicker.com/product/9Qstt6/gskill-trident-z5-rgb-32-gb-2-x-16-gb-ddr5-5200-cl36-memory-f5-5200j3636c16gx2-tz5rs
276	G.Skill Trident Z5 RGB 32 GB (2 x 16 GB) DDR5-5600 CL40 Memory (F5-5600U4040C16GX2-TZ5RS)	G.Skill	288-pin DIMM (DDR5)	2 x 16GB	White / Black	40	1.2 V	Non-ECC / Unbuffered	Yes	€353.00	https://fi.pcpartpicker.com/product/JBBG3C/gskill-trident-z5-rgb-32-gb-2-x-16-gb-ddr5-5600-cl40-memory-f5-5600u4040c16gx2-tz5rs
277	G.Skill Trident Z5 RGB 32 GB (2 x 16 GB) DDR5-5600 CL36 Memory (F5-5600U3636C16GX2-TZ5RK)	G.Skill	288-pin DIMM (DDR5)	2 x 16GB	Black	36	1.2 V	Non-ECC / Unbuffered	Yes	€412.00	https://fi.pcpartpicker.com/product/7JH7YJ/gskill-trident-z5-rgb-32-gb-2-x-16-gb-ddr5-5600-cl36-memory-f5-5600u3636c16gx2-tz5rk
278	Kingston FURY Beast 32 GB (2 x 16 GB) DDR5-5200 CL40 Memory (KF552C40BBK2-64)	Kingston	288-pin DIMM (DDR5)	2 x 16GB	Black	40	1.25 V	Non-ECC / Unbuffered	Yes	€431.00	https://fi.pcpartpicker.com/product/D6zhP6/kingston-fury-beast-32-gb-2-x-16-gb-ddr5-5200-cl40-memory-kf552c40bbk2-64
279	G.Skill Ripjaws S5 32 GB (2 x 16 GB) DDR5-5200 CL40 Memory (F5-5200U4040A16GX2-RS5K)	G.Skill	288-pin DIMM (DDR5)	2 x 16GB	Black	40	1.1 V	Non-ECC / Unbuffered	Yes	€331.00	https://fi.pcpartpicker.com/product/dyytt6/gskill-ripjaws-s5-32-gb-2-x-16-gb-ddr5-5200-cl40-memory-f5-5200u4040a16gx2-rs5k
280	G.Skill Trident Z5 RGB 32 GB (2 x 16 GB) DDR5-5600 CL36 Memory (F5-5600U3636C16GX2-TZ5RS)	G.Skill	288-pin DIMM (DDR5)	2 x 16GB	Silver / Black	36	1.2 V	Non-ECC / Unbuffered	Yes	€413.00	https://fi.pcpartpicker.com/product/9ZKKHx/gskill-trident-z5-rgb-32-gb-2-x-16-gb-ddr5-5600-cl36-memory-f5-5600u3636c16gx2-tz5rs
281	Kingston ValueRAM 96 GB (12 x 8 GB) DDR5-4800 CL40 Memory (KVR48S40BS6K2-16)	Kingston	262-pin SODIMM	12 x 8GB		40	1.1 V	Non-ECC / Unbuffered	No	€122.00	https://fi.pcpartpicker.com/product/3kQcCJ/kingston-valueram-96-gb-12-x-8-gb-ddr5-4800-cl40-memory-kvr48s40bs6k2-16
282	Kingston FURY Beast RGB 16 GB (1 x 16 GB) DDR5-5600 CL40 Memory (KF560C40BBA-16)	Kingston	288-pin DIMM (DDR5)	1 x 16GB	Black	40	1.35 V	Non-ECC / Unbuffered	Yes	€163.00	https://fi.pcpartpicker.com/product/XFNxFT/kingston-fury-beast-rgb-16-gb-1-x-16-gb-ddr5-5600-cl40-memory-kf560c40bba-16
283	G.Skill Ripjaws S5 32 GB (2 x 16 GB) DDR5-5200 CL36 Memory (F5-5200J3636C16GX2-RS5K)	G.Skill	288-pin DIMM (DDR5)	2 x 16GB	Black	36	1.2 V	Non-ECC / Unbuffered	Yes	€304.00	https://fi.pcpartpicker.com/product/t7Fbt6/gskill-ripjaws-s5-32-gb-2-x-16-gb-ddr5-5200-cl36-memory-f5-5200j3636c16gx2-rs5k
284	G.Skill Trident Z5 32 GB (2 x 16 GB) DDR5-5600 CL40 Memory (F5-5600U4040C16GX2-TZ5K)	G.Skill	288-pin DIMM (DDR5)	2 x 16GB	Black / Silver	40	1.2 V	Non-ECC / Unbuffered	Yes	€401.00	https://fi.pcpartpicker.com/product/kxkWGX/gskill-trident-z5-32-gb-2-x-16-gb-ddr5-5600-cl40-memory-f5-5600u4040c16gx2-tz5k
285	Kingston ValueRAM 32 GB (2 x 16 GB) DDR5-4800 CL40 Memory (KVR48S40BS8K2-32)	Kingston	262-pin SODIMM	2 x 16GB		40	1.1 V	Non-ECC / Unbuffered	No	€216.00	https://fi.pcpartpicker.com/product/9QH7YJ/kingston-valueram-32-gb-2-x-16-gb-ddr5-4800-cl40-memory-kvr48s40bs8k2-32
286	G.Skill Ripjaws S5 32 GB (2 x 16 GB) DDR5-5600 CL36 Memory (F5-5600J3636C16GX2-RS5W)	G.Skill	288-pin DIMM (DDR5)	2 x 16GB	White	36	1.2 V	Non-ECC / Unbuffered	Yes	€333.00	https://fi.pcpartpicker.com/product/HMddnQ/gskill-ripjaws-s5-32-gb-2-x-16-gb-ddr5-5600-cl36-memory-f5-5600j3636c16gx2-rs5w
287	Kingston ValueRAM 32 GB (1 x 32 GB) DDR5-4800 CL40 Memory (KVR48S40BD8-32)	Kingston	262-pin SODIMM	1 x 32GB		40	1.1 V	Non-ECC / Unbuffered	No	€197.00	https://fi.pcpartpicker.com/product/7qZ9TW/kingston-valueram-32-gb-1-x-32-gb-ddr5-4800-cl40-memory-kvr48s40bd8-32
288	Kingston ValueRAM 8 GB (1 x 8 GB) DDR5-4800 CL40 Memory (KVR48S40BS6-8)	Kingston	262-pin SODIMM	1 x 8GB		40	1.1 V	Non-ECC / Unbuffered	No	€64.00	https://fi.pcpartpicker.com/product/FrbTwP/kingston-valueram-8-gb-1-x-8-gb-ddr5-4800-cl40-memory-kvr48s40bs6-8
289	Kingston ValueRAM 16 GB (1 x 16 GB) DDR5-4800 CL40 Memory (KVR48S40BS8-16)	Kingston	262-pin SODIMM	1 x 16GB		40	1.1 V	Non-ECC / Unbuffered	No	€106.00	https://fi.pcpartpicker.com/product/RbPQzy/kingston-valueram-16-gb-1-x-16-gb-ddr5-4800-cl40-memory-kvr48s40bs8-16
290	Kingston ValueRAM 64 GB (2 x 32 GB) DDR5-4800 CL40 Memory (KVR48S40BD8K2-64)	Kingston	262-pin SODIMM	2 x 32GB		40	1.1 V	Non-ECC / Unbuffered	No	€411.00	https://fi.pcpartpicker.com/product/VTkWGX/kingston-valueram-64-gb-2-x-32-gb-ddr5-4800-cl40-memory-kvr48s40bd8k2-64
291	G.Skill Trident Z5 RGB 32 GB (2 x 16 GB) DDR5-5600 CL40 Memory (F5-5600U4040C16GX2-TZ5RK)	G.Skill	288-pin DIMM (DDR5)	2 x 16GB	Black	40	1.2 V	Non-ECC / Unbuffered	Yes	€419.00	https://fi.pcpartpicker.com/product/dMWzK8/gskill-trident-z5-rgb-32-gb-2-x-16-gb-ddr5-5600-cl40-memory-f5-5600u4040c16gx2-tz5rk
292	G.Skill Trident Z5 RGB 32 GB (2 x 16 GB) DDR5-5600 CL40 Memory (F5-5600U4040C16GX2-TZ5RK)	G.Skill	288-pin DIMM (DDR5)	2 x 16GB	Black	40	1.2 V	Non-ECC / Unbuffered	Yes	€419.00	https://fi.pcpartpicker.com/product/dMWzK8/gskill-trident-z5-rgb-32-gb-2-x-16-gb-ddr5-5600-cl40-memory-f5-5600u4040c16gx2-tz5rk
293	G.Skill Trident Z5 32 GB (2 x 16 GB) DDR5-5600 CL40 Memory (F5-5600U4040C16GX2-TZ5S)	G.Skill	288-pin DIMM (DDR5)	2 x 16GB	Silver / Black	40	1.2 V	Non-ECC / Unbuffered	Yes	€337.00	https://fi.pcpartpicker.com/product/x7nypg/gskill-trident-z5-32-gb-2-x-16-gb-ddr5-5600-cl40-memory-f5-5600u4040c16gx2-tz5s
294	Corsair Vengeance 16 GB (2 x 8 GB) DDR3-1600 CL9 Memory (CMZ16GX3M2A1600C10)	Corsair	240-pin DIMM	2 x 8GB	Black / Yellow	9	1.5 V	Non-ECC / Unbuffered	Yes	€99.00	https://fi.pcpartpicker.com/product/qdkD4D/corsair-memory-cmz16gx3m2a1600c10
295	G.Skill Ripjaws 8 GB (2 x 4 GB) DDR3-1600 CL9 Memory (F3-12800CL9D-8GBRL)	G.Skill	240-pin DIMM	2 x 4GB	Black / Red	9	1.5 V	Non-ECC / Unbuffered	Yes	€47.00	https://fi.pcpartpicker.com/product/36zv6h/gskill-memory-f312800cl9d8gbrl
296	G.Skill Ripjaws X 16 GB (2 x 8 GB) DDR3-1600 CL10 Memory (F3-12800CL10D-16GBXL)	G.Skill	240-pin DIMM	2 x 8GB	Black / Red	10	1.5 V	Non-ECC / Unbuffered	Yes	€79.00	https://fi.pcpartpicker.com/product/qqvRsY/gskill-memory-f312800cl10d16gbxl
297	Corsair Vengeance 8 GB (2 x 4 GB) DDR3-1600 CL9 Memory (CMZ8GX3M2A1600C9)	Corsair	240-pin DIMM	2 x 4GB	Black / Silver	9	1.5 V	Non-ECC / Unbuffered	Yes	€62.00	https://fi.pcpartpicker.com/product/KK9KHx/corsair-memory-cmz8gx3m2a1600c9
298	Corsair Vengeance LP 32 GB (4 x 8 GB) DDR3-1600 CL9 Memory (CML32GX3M4A1600C10)	Corsair	240-pin DIMM	4 x 8GB	Black / Yellow	9	1.5 V	Non-ECC / Unbuffered	Yes	€196.00	https://fi.pcpartpicker.com/product/D2PfrH/corsair-memory-cml32gx3m4a1600c10
299	G.Skill Ripjaws X 16 GB (2 x 8 GB) DDR3-1600 CL9 Memory (F3-1600C9D-16GXM)	G.Skill	240-pin DIMM	2 x 8GB	Black / Blue	9	1.5 V	Non-ECC / Unbuffered	Yes	€81.00	https://fi.pcpartpicker.com/product/kP4gXL/gskill-memory-f31600c9d16gxm
300	Kingston KVR16N11/8 8 GB (1 x 8 GB) DDR3-1600 CL11 Memory (KVR16N11/8)	Kingston	240-pin DIMM	1 x 8GB	Green	11	1.5 V	Non-ECC / Unbuffered	No	€80.00	https://fi.pcpartpicker.com/product/m2PfrH/kingston-memory-kvr16n118
301	Corsair Vengeance 8 GB (2 x 4 GB) DDR3-1600 CL9 Memory (CMZ8GX3M2A1600C9B)	Corsair	240-pin DIMM	2 x 4GB	Black / Blue	9	1.5 V	Non-ECC / Unbuffered	Yes	€62.00	https://fi.pcpartpicker.com/product/6hzv6h/corsair-memory-cmz8gx3m2a1600c9b
302	Corsair Vengeance Pro 16 GB (2 x 8 GB) DDR3-1600 CL9 Memory (CMY16GX3M2A1600C9R)	Corsair	240-pin DIMM	2 x 8GB	Black / Red	9	1.5 V	Non-ECC / Unbuffered	Yes	€111.00	https://fi.pcpartpicker.com/product/7x7wrH/corsair-memory-cmy16gx3m2a1600c9r
303	Corsair Vengeance 16 GB (2 x 8 GB) DDR3-1600 CL9 Memory (CMZ16GX3M2A1600C10B)	Corsair	240-pin DIMM	2 x 8GB	Black / Blue	9	1.5 V	Non-ECC / Unbuffered	Yes	€95.00	https://fi.pcpartpicker.com/product/ryh9TW/corsair-memory-cmz16gx3m2a1600c10b
304	Corsair Vengeance LP 16 GB (2 x 8 GB) DDR3-1600 CL10 Memory (CML16GX3M2A1600C10)	Corsair	240-pin DIMM	2 x 8GB	Black / Yellow	10	1.5 V	Non-ECC / Unbuffered	Yes	€95.00	https://fi.pcpartpicker.com/product/NdkD4D/corsair-memory-cml16gx3m2a1600c10
305	Corsair Vengeance 8 GB (1 x 8 GB) DDR3-1600 CL10 Memory (CMZ8GX3M1A1600C10)	Corsair	240-pin DIMM	1 x 8GB	Black / Silver	10	1.5 V	Non-ECC / Unbuffered	Yes	€48.00	https://fi.pcpartpicker.com/product/bYjG3C/corsair-vengeance-8-gb-1-x-8-gb-ddr3-1600-cl10-memory-cmz8gx3m1a1600c10
306	Corsair Vengeance 4 GB (1 x 4 GB) DDR3-1600 CL9 Memory (CMZ4GX3M1A1600C9)	Corsair	240-pin DIMM	1 x 4GB	Black / Silver	9	1.5 V	Non-ECC / Unbuffered	Yes	€36.00	https://fi.pcpartpicker.com/product/gFNp99/corsair-memory-cmz4gx3m1a1600c9
307	Corsair XMS3 8 GB (2 x 4 GB) DDR3-1333 CL9 Memory (CMX8GX3M2A1333C9)	Corsair	240-pin DIMM	2 x 4GB	Black / Silver	9	1.5 V	Non-ECC / Unbuffered	Yes	€58.00	https://fi.pcpartpicker.com/product/YQW9TW/corsair-memory-cmx8gx3m2a1333c9
308	Kingston KVR16N11K2/16 16 GB (2 x 8 GB) DDR3-1600 CL11 Memory (KVR16N11K2/16)	Kingston	240-pin DIMM	2 x 8GB	Green	11	1.5 V	Non-ECC / Unbuffered	No	€158.00	https://fi.pcpartpicker.com/product/9yh9TW/kingston-memory-kvr16n11k216
309	Kingston KVR16N11S8/4 4 GB (1 x 4 GB) DDR3-1600 CL11 Memory (KVR16N11S8/4)	Kingston	240-pin DIMM	1 x 4GB	Green	11	1.5 V	Non-ECC / Unbuffered	No	€47.00	https://fi.pcpartpicker.com/product/RCTmP6/kingston-memory-kvr16n11s84
310	G.Skill Value 16 GB (2 x 8 GB) DDR3-1600 CL11 Memory (F3-1600C11D-16GNT)	G.Skill	240-pin DIMM	2 x 8GB	Black	11	1.5 V	Non-ECC / Unbuffered	No	€67.00	https://fi.pcpartpicker.com/product/fvXfrH/gskill-memory-f31600c11d16gnt
311	Corsair Vengeance 12 GB (3 x 4 GB) DDR3-1600 CL9 Memory (CMZ12GX3M3A1600C9)	Corsair	240-pin DIMM	3 x 4GB	Black / Silver	9	1.5 V	Non-ECC / Unbuffered	Yes	€92.00	https://fi.pcpartpicker.com/product/rrjG3C/corsair-memory-cmz12gx3m3a1600c9
312	Corsair Vengeance 8 GB (2 x 4 GB) DDR3-1600 CL9 Memory (CML8GX3M2A1600C9)	Corsair	240-pin DIMM	2 x 4GB	Black / Yellow	9	1.5 V	Non-ECC / Unbuffered	Yes	€62.00	https://fi.pcpartpicker.com/product/vtDwrH/corsair-memory-cml8gx3m2a1600c9
313	Corsair Vengeance LP 16 GB (2 x 8 GB) DDR3-1600 CL9 Memory (CML16GX3M2A1600C9)	Corsair	240-pin DIMM	2 x 8GB	Black / Yellow	9	1.5 V	Non-ECC / Unbuffered	Yes	€96.00	https://fi.pcpartpicker.com/product/TpCwrH/corsair-memory-cml16gx3m2a1600c9
314	Corsair Vengeance Pro 32 GB (4 x 8 GB) DDR3-1600 CL9 Memory (CMY32GX3M4A1600C9)	Corsair	240-pin DIMM	4 x 8GB	Black / Silver	9	1.5 V	Non-ECC / Unbuffered	Yes	€217.00	https://fi.pcpartpicker.com/product/qF7wrH/corsair-memory-cmy32gx3m4a1600c9
315	G.Skill Value 4 GB (1 x 4 GB) DDR3-1333 CL9 Memory (F3-10600CL9S-4GBNT)	G.Skill	240-pin DIMM	1 x 4GB	Green	9	1.5 V	Non-ECC / Unbuffered	No	€19.00	https://fi.pcpartpicker.com/product/Lqzv6h/gskill-memory-f310600cl9s4gbnt
316	Corsair ValueSelect 4 GB (1 x 4 GB) DDR3-1600 CL11 Memory (CMV4GX3M1C1600C11)	Corsair	240-pin DIMM	1 x 4GB	Black / Green	11	1.35 V	Non-ECC / Unbuffered	No	€29.00	https://fi.pcpartpicker.com/product/Wm8H99/corsair-memory-cmv4gx3m1c1600c11
317	Corsair XMS3 8 GB (2 x 4 GB) DDR3-1600 CL9 Memory (CMX8GX3M2A1600C9)	Corsair	240-pin DIMM	2 x 4GB	Black / Silver	9	1.65 V	Non-ECC / Unbuffered	Yes	€62.00	https://fi.pcpartpicker.com/product/pqn2FT/corsair-memory-cmx8gx3m2a1600c9
318	Corsair XMS3 8 GB (1 x 8 GB) DDR3-1333 CL9 Memory (CMX8GX3M1A1333C9)	Corsair	240-pin DIMM	1 x 8GB	Black / Blue	9	1.5 V	Non-ECC / Unbuffered	Yes	€51.00	https://fi.pcpartpicker.com/product/PvMFf7/corsair-memory-cmx8gx3m1a1333c9
319	Corsair CMV16GX3M2A1333C9 16 GB (2 x 8 GB) DDR3-1333 CL9 Memory (CMV16GX3M2A1333C9)	Corsair	240-pin DIMM	2 x 8GB	Green	9	1.5 V	Non-ECC / Unbuffered	No	€96.00	https://fi.pcpartpicker.com/product/BHH323/corsair-memory-cmv16gx3m2a1333c9
320	Corsair CMV16GX3M2A1333C9 16 GB (2 x 8 GB) DDR3-1333 CL9 Memory (CMV16GX3M2A1333C9)	Corsair	240-pin DIMM	2 x 8GB	Green	9	1.5 V	Non-ECC / Unbuffered	No	€96.00	https://fi.pcpartpicker.com/product/BHH323/corsair-memory-cmv16gx3m2a1333c9
321	Corsair XMS3 16 GB (2 x 8 GB) DDR3-1600 CL9 Memory (CMX16GX3M2A1600C11)	Corsair	240-pin DIMM	2 x 8GB	Black / Silver	9	1.5 V	Non-ECC / Unbuffered	Yes	€96.00	https://fi.pcpartpicker.com/product/gCxfrH/corsair-memory-cmx16gx3m2a1600c11
322	Corsair Vengeance 16 GB (2 x 8 GB) DDR3-1600 CL9 Memory (CMZ16GX3M2A1600C9)	Corsair	240-pin DIMM	2 x 8GB	Black / Silver	9	1.5 V	Non-ECC / Unbuffered	Yes	€102.00	https://fi.pcpartpicker.com/product/hPCwrH/corsair-memory-cmz16gx3m2a1600c9
323	Corsair Vengeance 16 GB (2 x 8 GB) DDR3-1600 CL9 Memory (CMZ16GX3M2A1600C10R)	Corsair	240-pin DIMM	2 x 8GB	Black / Red	9	1.5 V	Non-ECC / Unbuffered	Yes	€99.00	https://fi.pcpartpicker.com/product/rYsKHx/corsair-memory-cmz16gx3m2a1600c10r
324	G.Skill Value 8 GB (1 x 8 GB) DDR3-1600 CL11 Memory (F3-1600C11S-8GNT)	G.Skill	240-pin DIMM	1 x 8GB	Black	11	1.5 V	Non-ECC / Unbuffered	No	€39.00	https://fi.pcpartpicker.com/product/4sDwrH/gskill-memory-f31600c11s8gnt
325	Corsair CMV4GX3M1A1600C11 4 GB (1 x 4 GB) DDR3-1600 CL11 Memory (CMV4GX3M1A1600C11)	Corsair	240-pin DIMM	1 x 4GB	Green	11	1.5 V	Non-ECC / Unbuffered	No	€30.00	https://fi.pcpartpicker.com/product/khfp99/corsair-memory-cmv4gx3m1a1600c11
326	Corsair Vengeance LP 8 GB (1 x 8 GB) DDR3-1600 CL10 Memory (CML8GX3M1A1600C10)	Corsair	240-pin DIMM	1 x 8GB	Black / Yellow	10	1.5 V	Non-ECC / Unbuffered	Yes	€52.00	https://fi.pcpartpicker.com/product/tKw323/corsair-vengeance-lp-8-gb-1-x-8-gb-ddr3-1600-cl10-memory-cml8gx3m1a1600c10
327	G.Skill Value 8 GB (2 x 4 GB) DDR3-1333 CL9 Memory (F3-10600CL9D-8GBNT)	G.Skill	240-pin DIMM	2 x 4GB	Green	9	1.5 V	Non-ECC / Unbuffered	No	€41.00	https://fi.pcpartpicker.com/product/83phP6/gskill-memory-f310600cl9d8gbnt
328	Kingston KCP316ND8/8 8 GB (1 x 8 GB) DDR3-1600 CL11 Memory (KCP316ND8/8)	Kingston	240-pin DIMM	1 x 8GB	Black / Green	11	1.5 V	Non-ECC / Unbuffered	No	€85.00	https://fi.pcpartpicker.com/product/wXyxFT/kingston-memory-kcp316nd88
329	Kingston KVR16N11S8K2/8 8 GB (2 x 4 GB) DDR3-1600 CL11 Memory (KVR16N11S8K2/8)	Kingston	240-pin DIMM	2 x 4GB	Green	11	1.5 V	Non-ECC / Unbuffered	No	€86.00	https://fi.pcpartpicker.com/product/jHkD4D/kingston-memory-kvr16n11s8k28
330	Corsair XMS3 4 GB (1 x 4 GB) DDR3-1600 CL9 Memory (CMX4GX3M1A1600C9)	Corsair	240-pin DIMM	1 x 4GB	Black / Blue	9	1.65 V	Non-ECC / Unbuffered	Yes	€32.00	https://fi.pcpartpicker.com/product/LXrG3C/corsair-memory-cmx4gx3m1a1600c9
331	Corsair CMV8GX3M2A1600C11 8 GB (2 x 4 GB) DDR3-1600 CL11 Memory (CMV8GX3M2A1600C11)	Corsair	240-pin DIMM	2 x 4GB	Green	11	1.5 V	Non-ECC / Unbuffered	No	€57.00	https://fi.pcpartpicker.com/product/r3PfrH/corsair-memory-cmv8gx3m2a1600c11
332	Corsair CMV8GX3M1A1600C11 8 GB (1 x 8 GB) DDR3-1600 CL11 Memory (CMV8GX3M1A1600C11)	Corsair	240-pin DIMM	1 x 8GB	Green	11	1.5 V	Non-ECC / Unbuffered	No	€49.00	https://fi.pcpartpicker.com/product/xFvRsY/corsair-8-gb-1-x-8-gb-ddr3-1600-cl11-memory-cmv8gx3m1a1600c11
333	Corsair CMV4GX3M1A1333C9 4 GB (1 x 4 GB) DDR3-1333 CL9 Memory (CMV4GX3M1A1333C9)	Corsair	240-pin DIMM	1 x 4GB	Black / Silver	9	1.5 V	Non-ECC / Unbuffered	No	€28.00	https://fi.pcpartpicker.com/product/ZzTmP6/corsair-memory-cmv4gx3m1a1333c9
334	Corsair CMV8GX3M2A1333C9 8 GB (2 x 4 GB) DDR3-1333 CL9 Memory (CMV8GX3M2A1333C9)	Corsair	240-pin DIMM	2 x 4GB	Green	9	1.5 V	Non-ECC / Unbuffered	No	€54.00	https://fi.pcpartpicker.com/product/PkQypg/corsair-memory-cmv8gx3m2a1333c9
335	Corsair CMV8GX3M2A1333C9 8 GB (2 x 4 GB) DDR3-1333 CL9 Memory (CMV8GX3M2A1333C9)	Corsair	240-pin DIMM	2 x 4GB	Green	9	1.5 V	Non-ECC / Unbuffered	No	€54.00	https://fi.pcpartpicker.com/product/PkQypg/corsair-memory-cmv8gx3m2a1333c9
336	Corsair Vengeance 4 GB (1 x 4 GB) DDR3-1600 CL9 Memory (CMZ4GX3M1A1600C9B)	Corsair	240-pin DIMM	1 x 4GB	Black / Blue	9	1.5 V	Non-ECC / Unbuffered	Yes	€32.00	https://fi.pcpartpicker.com/product/gtDwrH/corsair-memory-cmz4gx3m1a1600c9b
337	Corsair CMV8GX3M2A1333C9 8 GB (2 x 4 GB) DDR3-1333 CL9 Memory (CMV8GX3M2A1333C9)	Corsair	240-pin DIMM	2 x 4GB	Green	9	1.5 V	Non-ECC / Unbuffered	No	€54.00	https://fi.pcpartpicker.com/product/PkQypg/corsair-memory-cmv8gx3m2a1333c9
