id	Name	Manufacturer	Form Factor	Efficiency Rating	Wattage	Length	Modular	Color	Type	Fanless	ATX Connectors	EPS Connectors	PCIe 12-Pin Connectors	PCIe 8-Pin Connectors	PCIe 6+2-Pin Connectors	PCIe 6-Pin Connectors	SATA Connectors	Molex 4-Pin Connectors	Price	Url
1	Corsair RMx (2021) 850 W 80+ Gold Certified Fully Modular ATX Power Supply (CP-9020200-NA)	Corsair	ATX	80+ Gold	850 W	160 mm	Full	Black	ATX	No	0	3	0	0	4	0	14	4	€137.90	https://fi.pcpartpicker.com/product/26rRsY/corsair-rmx-2021-850-w-80-gold-certified-fully-modular-atx-power-supply-cp-9020200-na
2	Corsair RM (2021) 750 W 80+ Gold Certified Fully Modular ATX Power Supply (CP-9020234-NA)	Corsair	ATX	80+ Gold	750 W	160 mm	Full	Black	ATX	No	0	3	0	0	4	0	14	4	€109.90	https://fi.pcpartpicker.com/product/QdgFf7/corsair-rm-2021-750-w-80-gold-certified-fully-modular-atx-power-supply-cp-9020234-na
3	Corsair HX1000 Platinum 1000 W 80+ Platinum Certified Fully Modular ATX Power Supply (CP-9020139-NA)	Corsair	ATX	80+ Platinum	1000 W	180 mm	Full		ATX	No	0	2	0	0	8	0	16	8	€224.00	https://fi.pcpartpicker.com/product/nQJkcf/corsair-hx-platinum-1000w-80-platinum-certified-fully-modular-atx-power-supply-cp-9020139-na
4	Corsair CV 650 W 80+ Bronze Certified ATX Power Supply (CP-9020236-NA)	Corsair	ATX	80+ Bronze	650 W	125 mm	No	Black	ATX	No	0	1	0	0	2	0	10	8	€69.90	https://fi.pcpartpicker.com/product/cY2bt6/corsair-cv-650-w-80-bronze-certified-atx-power-supply-cp-9020211-na
5	Corsair SF750 750 W 80+ Platinum Certified Fully Modular SFX Power Supply (CP-9020186-NA)	Corsair	SFX	80+ Platinum	750 W	100 mm	Full		SFX12V	No	0	2	0	0	4	0	8	3	€147.00	https://fi.pcpartpicker.com/product/nJrmP6/corsair-750-w-80-platinum-certified-fully-modular-sfx-power-supply-cp-9020186-na
6	Corsair AX1600i 1600 W 80+ Titanium Certified Fully Modular ATX Power Supply (CP-9020087-NA)	Corsair	ATX	80+ Titanium	1600 W	200 mm	Full		ATX	No	0	2	0	0	8	0	5	3	€549.00	https://fi.pcpartpicker.com/product/cJbwrH/corsair-1600w-80-titanium-certified-fully-modular-atx-power-supply-cp-9020087-na
7	Corsair RMx (2021) 1000 W 80+ Gold Certified Fully Modular ATX Power Supply (CP-9020201-NA)	Corsair	ATX	80+ Gold	1000 W	180 mm	Full	Black	ATX	No	0	3	0	0	6	0	14	8	€189.90	https://fi.pcpartpicker.com/product/jRvdnQ/corsair-rmx-2021-1000-w-80-gold-certified-fully-modular-atx-power-supply-cp-9020201-na
8	Corsair HX1200 Platinum 1200 W 80+ Platinum Certified Fully Modular ATX Power Supply (CP-9020140-NA)	Corsair	ATX	80+ Platinum	1200 W	200 mm	Full		ATX	No	0	2	0	0	8	0	16	8	€259.00	https://fi.pcpartpicker.com/product/f7L7YJ/corsair-hx-platinum-1200w-80-platinum-certified-fully-modular-atx-power-supply-cp-9020140-na
9	Corsair RM750x (2018) 750 W 80+ Gold Certified Fully Modular ATX Power Supply (CP-9020179-NA)	Corsair	ATX	80+ Gold	750 W	160 mm	Full	Black	ATX	No	0	2	0	0	4	0	9	2	€112.90	https://fi.pcpartpicker.com/product/79tQzy/corsair-rmx-2018-750w-80-gold-certified-fully-modular-atx-power-supply-cp-9020179-na
10	Corsair CV 550 W 80+ Bronze Certified ATX Power Supply (CP-9020210-NA)	Corsair	ATX	80+ Bronze	550 W	125 mm	No	Black	ATX	No	0	1	0	0	2	0	7	3	€59.90	https://fi.pcpartpicker.com/product/HcgQzy/corsair-cv-550-w-80-bronze-certified-atx-power-supply-cp-9020210-na
11	Cooler Master V850 SFX 850 W 80+ Gold Certified Fully Modular SFX Power Supply (MPY-8501-SFHAGV-US)	Cooler Master	SFX	80+ Gold	850 W	100 mm	Full	Black	SFX12V	No	0	2	0	0	4	0	8	4	€149.90	https://fi.pcpartpicker.com/product/Q36qqs/cooler-master-v-sfx-gold-850-w-80-gold-certified-fully-modular-sfx-power-supply-mpy-8501-sfhagv-us
12	MSI MPG A-GF 650 W 80+ Gold Certified Fully Modular ATX Power Supply (MPG A650GF)	MSI	ATX	80+ Gold	650 W	160 mm	Full	Black	ATX	No	0	2	0	0	6	0	8	5	€119.90	https://fi.pcpartpicker.com/product/bq6qqs/msi-mpg-a-gf-650-w-80-gold-certified-fully-modular-atx-power-supply-mpg-a650gf
13	Gigabyte P750GM 750 W 80+ Gold Certified Fully Modular ATX Power Supply (GP-P750GM)	Gigabyte	ATX	80+ Gold	750 W	140 mm	Full	Black	ATX	No	0	2	0	0	4	0	8	3	€99.90	https://fi.pcpartpicker.com/product/RhH8TW/gigabyte-750-w-80-gold-certified-fully-modular-atx-power-supply-gp-p750gm
14	EVGA 210-GQ-0750-V1 750 W 80+ Gold Certified Semi-modular ATX Power Supply (210-GQ-0750)	EVGA	ATX	80+ Gold	750 W	165 mm	Semi		ATX	No	0	2	0	0	6	0	9	3	€121.00	https://fi.pcpartpicker.com/product/rt8H99/evga-gq-750-w-80-gold-certified-semi-modular-atx-power-supply-210-gq-0750
15	Corsair RMx (2021) 750 W 80+ Gold Certified Fully Modular ATX Power Supply (CP-9020199-NA)	Corsair	ATX	80+ Gold	750 W	160 mm	Full	Black	ATX	No	0	2	0	0	4	0	10	4	€129.90	https://fi.pcpartpicker.com/product/6NcG3C/corsair-rmx-2021-750-w-80-gold-certified-fully-modular-atx-power-supply-cp-9020199-na
16	MSI MPG A-GF 850 W 80+ Gold Certified Fully Modular ATX Power Supply (MPG A850GF)	MSI	ATX	80+ Gold	850 W	160 mm	Full	Black	ATX	No	0	2	0	0	6	0	8	5	€159.90	https://fi.pcpartpicker.com/product/WxZzK8/msi-mpg-a-gf-850-w-80-gold-certified-fully-modular-atx-power-supply-mpg-a850gf
17	Corsair CV 450 W 80+ Bronze Certified ATX Power Supply (CP-9020209-NA)	Corsair	ATX	80+ Bronze	450 W	125 mm	No	Black	ATX	No	0	1	0	0	2	0	7	3	€55.00	https://fi.pcpartpicker.com/product/hfxbt6/corsair-cv-450-w-80-bronze-certified-atx-power-supply-cp-9020209-na
18	Corsair SF 600 W 80+ Platinum Certified Fully Modular SFX Power Supply (CP-9020182-NA)	Corsair	SFX	80+ Platinum	600 W	100 mm	Full	Black	SFX12V	No	0	1	0	0	2	0	4	4	€109.90	https://fi.pcpartpicker.com/product/BtsmP6/corsair-sf-600w-80-platinum-certified-fully-modular-sfx-power-supply-cp-9020182-na
19	Corsair HX850 Platinum 850 W 80+ Platinum Certified Fully Modular ATX Power Supply (CP-9020138-NA)	Corsair	ATX	80+ Platinum	850 W	180 mm	Full		ATX	No	0	2	0	0	6	0	16	6	€194.00	https://fi.pcpartpicker.com/product/NGCrxr/corsair-hx-platinum-850w-80-platinum-certified-fully-modular-atx-power-supply-cp-9020138-na
20	MSI MPG A-GF 750 W 80+ Gold Certified Fully Modular ATX Power Supply (MPG A750GF)	MSI	ATX	80+ Gold	750 W	160 mm	Full	Black	ATX	No	0	2	0	0	6	0	8	5	€136.90	https://fi.pcpartpicker.com/product/v3VG3C/msi-mpg-a-gf-750-w-80-gold-certified-fully-modular-atx-power-supply-mpg-a750gf
21	EVGA W1 600 W 80+ Certified ATX Power Supply (100-W1-0600-K1)	EVGA	ATX	80+	600 W	140 mm	No		ATX	No	0	1	0	0	2	0	6	3	€54.90	https://fi.pcpartpicker.com/product/4FH48d/evga-w1-600-w-80-certified-atx-power-supply-100-w1-0600-k1
22	Cooler Master V850 SFX GOLD 850 W 80+ Gold Certified Fully Modular SFX Power Supply (MPY-8501-SFHAGV-WU)	Cooler Master	SFX	80+ Gold	850 W	100 mm	Full	White	SFX12V	No	0	2	0	0	6	0	8	4	€180.90	https://fi.pcpartpicker.com/product/vJPQzy/cooler-master-v-sfx-gold-850-w-80-gold-certified-fully-modular-sfx-power-supply-mpy-8501-sfhagv-wu
23	be quiet! Dark Power Pro 12 1500 W 80+ Titanium Certified Fully Modular ATX Power Supply (BN647)	be quiet!	ATX	80+ Titanium	1500 W	200 mm	Full	Black	ATX	No	0	2	0	0	10	0	16	8	€417.90	https://fi.pcpartpicker.com/product/sdRgXL/be-quiet-dark-power-pro-12-1500-w-80-titanium-certified-fully-modular-atx-power-supply-bn647
24	Corsair RM750x White (2018) 750 W 80+ Gold Certified Fully Modular ATX Power Supply (CP-9020187-NA)	Corsair	ATX	80+ Gold	750 W	150 mm	Full	White / Black	ATX	No	0	2	0	0	4	0	9	8	€127.90	https://fi.pcpartpicker.com/product/p9YLrH/corsair-rmx-2018-750-w-80-gold-certified-fully-modular-atx-power-supply-cp-9020187-na
25	NZXT C (2020) 650 W 80+ Gold Certified Fully Modular ATX Power Supply (NP-C650M-US)	NZXT	ATX	80+ Gold	650 W	150 mm	Full	Black	ATX	No	0	1	0	0	4	0	8	6	€89.90	https://fi.pcpartpicker.com/product/vFmFf7/nzxt-c-650-w-80-gold-certified-fully-modular-atx-power-supply-np-c650m-us
26	Corsair RMx (2021) 650 W 80+ Gold Certified Fully Modular ATX Power Supply (CP-9020198-NA)	Corsair	ATX	80+ Gold	650 W	160 mm	Full	Black	ATX	No	0	2	0	0	4	0	7	4	€118.90	https://fi.pcpartpicker.com/product/WJM48d/corsair-rmx-2021-650-w-80-gold-certified-fully-modular-atx-power-supply-cp-9020198-na
27	NZXT C (2020) 850 W 80+ Gold Certified Fully Modular ATX Power Supply (NP-C850M-US)	NZXT	ATX	80+ Gold	850 W	150 mm	Full	Black	ATX	No	0	2	0	0	6	0	8	6	€129.00	https://fi.pcpartpicker.com/product/hrqBD3/nzxt-c-850-w-80-gold-certified-fully-modular-atx-power-supply-np-c850m-us
28	SeaSonic PRIME PX-1300 1300 W 80+ Platinum Certified Fully Modular ATX Power Supply (SSR-1300PD)	SeaSonic	ATX	80+ Platinum	1300 W	170 mm	Full	Black	ATX	No	0	2	0	0	12	0	12	5	€299.00	https://fi.pcpartpicker.com/product/s2ZFf7/seasonic-prime-px-1300-w-80-platinum-certified-fully-modular-atx-power-supply-ssr-1300pd
29	Cooler Master MWE GOLD 750 V2 FULL MODULAR 750 W 80+ Gold Certified Fully Modular ATX Power Supply (MPE-7501-AFAAG-US)	Cooler Master	ATX	80+ Gold	750 W	160 mm	Full	Black	ATX	No	0	2	0	0	4	0	12	4	€114.00	https://fi.pcpartpicker.com/product/sscG3C/cooler-master-mwe-gold-v2-750-w-80-gold-certified-fully-modular-atx-power-supply-mpe-7501-afaag-us
30	Corsair CXM 750 W 80+ Bronze Certified Semi-modular ATX Power Supply (CX750M)	Corsair	ATX	80+ Bronze	750 W	160 mm	Semi		ATX	No	0	1	0	0	4	0	8	6	€114.90	https://fi.pcpartpicker.com/product/CVkD4D/corsair-power-supply-cx750m
31	Asus ROG STRIX G 1000 W 80+ Gold Certified Fully Modular ATX Power Supply (ROG-STRIX-1000G)	Asus	ATX	80+ Gold	1000 W	160 mm	Full	Black	ATX	No	0	2	0	0	6	0	8	6	€225.00	https://fi.pcpartpicker.com/product/Nj3mP6/asus-rog-strix-g-1000-w-80-gold-certified-fully-modular-atx-power-supply-rog-strix-1000g
32	SeaSonic FOCUS GX 850 W 80+ Gold Certified Fully Modular ATX Power Supply (FOCUS-GX-850)	SeaSonic	ATX	80+ Gold	850 W	140 mm	Full	Black	ATX	No	0	2	0	0	6	0	10	5	€123.90	https://fi.pcpartpicker.com/product/7v3mP6/seasonic-focus-gx-850-w-80-gold-certified-fully-modular-atx-power-supply-focus-gx-850
33	Cooler Master V750 SFX GOLD 750 W 80+ Gold Certified Fully Modular SFX Power Supply (MPY-7501-SFHAGV-US)	Cooler Master	SFX	80+ Gold	750 W	100 mm	Full	Black	SFX12V	No	0	2	0	0	4	0	8	4	€179.90	https://fi.pcpartpicker.com/product/vr9tt6/cooler-master-v-sfx-gold-750-w-80-gold-certified-fully-modular-sfx-power-supply-mpy-7501-sfhagv-us
34	NZXT C (2020) 750 W 80+ Gold Certified Fully Modular ATX Power Supply (NP-C750M-US)	NZXT	ATX	80+ Gold	750 W	150 mm	Full	Black	ATX	No	0	1	0	0	4	0	8	6	€89.90	https://fi.pcpartpicker.com/product/XBzFf7/nzxt-c-750-w-80-gold-certified-fully-modular-atx-power-supply-np-c750m-us
35	Corsair RM650 (2019) 650 W 80+ Gold Certified Fully Modular ATX Power Supply (CP-9020194-NA)	Corsair	ATX	80+ Gold	650 W	160 mm	Full	Black	ATX	No	0	2	0	0	4	0	6	4	€99.00	https://fi.pcpartpicker.com/product/WxL48d/corsair-rm-2019-650-w-80-gold-certified-fully-modular-atx-power-supply-cp-9020194-na
36	SeaSonic FOCUS GX 550 W 80+ Gold Certified Fully Modular ATX Power Supply (FOCUS-GX-550)	SeaSonic	ATX	80+ Gold	550 W	140 mm	Full	Black	ATX	No	0	2	0	0	2	0	10	3	€82.90	https://fi.pcpartpicker.com/product/3H2bt6/seasonic-focus-gx-550-w-80-gold-certified-fully-modular-atx-power-supply-focus-gx-550
37	be quiet! Dark Power 12 1000 W 80+ Titanium Certified Fully Modular ATX Power Supply (BN316)	be quiet!	ATX	80+ Titanium	1000 W	175 mm	Full	Black	ATX	No	0	2	0	0	8	0	13	5	€256.00	https://fi.pcpartpicker.com/product/hb8bt6/be-quiet-dark-power-12-1000-w-80-titanium-certified-fully-modular-atx-power-supply-bn316
38	SeaSonic FOCUS GX 750 W 80+ Gold Certified Fully Modular ATX Power Supply (FOCUS-GX-750)	SeaSonic	ATX	80+ Gold	750 W	140 mm	Full	Black	ATX	No	0	2	0	0	4	0	10	3	€97.90	https://fi.pcpartpicker.com/product/97848d/seasonic-focus-gx-750-w-80-gold-certified-fully-modular-atx-power-supply-focus-gx-750
39	Corsair HX750 Platinum 750 W 80+ Platinum Certified Fully Modular ATX Power Supply (CP-9020137-NA)	Corsair	ATX	80+ Platinum	750 W	180 mm	Full		ATX	No	0	2	0	0	4	0	16	4	€139.90	https://fi.pcpartpicker.com/product/LkM323/corsair-hx-platinum-750w-80-platinum-certified-fully-modular-atx-power-supply-cp-9020137-na
40	Corsair RMx (2021) 550 W 80+ Gold Certified Fully Modular ATX Power Supply (CP-9020197-NA)	Corsair	ATX	80+ Gold	550 W	160 mm	Full	Black	ATX	No	0	1	0	0	2	0	7	4	€104.60	https://fi.pcpartpicker.com/product/bRvdnQ/corsair-rmx-2021-550-w-80-gold-certified-fully-modular-atx-power-supply-cp-9020197-na
41	Silverstone SX1000-LPT 1000 W 80+ Platinum Certified Fully Modular SFX Power Supply (SST-SX1000-LPT)	Silverstone	SFX	80+ Platinum	1000 W	130 mm	Full	Black	SFX12V	No	0	2	0	0	6	0	8	3	€229.00	https://fi.pcpartpicker.com/product/PXCFf7/silverstone-sx-lpt-1000-w-80-platinum-certified-fully-modular-sfx-power-supply-sst-sx1000-lpt
42	be quiet! Pure Power 11 FM 650 650 W 80+ Gold Certified Fully Modular ATX Power Supply (BN671)	be quiet!	ATX	80+ Gold	650 W	165 mm	Full	Black	ATX	No	1	1	0	0	4	0	9	2	€104.90	https://fi.pcpartpicker.com/product/xJRYcf/be-quiet-pure-power-11-fm-650-w-80-gold-certified-fully-modular-atx-power-supply-bn671
43	Lian Li SP 750 W 80+ Gold Certified Fully Modular SFX Power Supply (SP750)	Lian Li	SFX	80+ Gold	750 W	100 mm	Full	Black	SFX12V	No	0	2	0	0	3	0	4	8	€129.90	https://fi.pcpartpicker.com/product/3ZzhP6/lian-li-sp-750-w-80-gold-certified-fully-modular-sfx-power-supply-sp750
44	EVGA BQ 850 W 80+ Bronze Certified Semi-modular ATX Power Supply (110-BQ-0850-V1)	EVGA	ATX	80+ Bronze	850 W	140 mm	Semi		ATX	No	0	2	0	0	3	0	10	5	€99.90	https://fi.pcpartpicker.com/product/kGL7YJ/evga-bq-850w-80-bronze-certified-semi-modular-atx-power-supply-110-bq-0850-v1
45	SeaSonic FOCUS GX 650 W 80+ Gold Certified Fully Modular ATX Power Supply (FOCUS-GX-650)	SeaSonic	ATX	80+ Gold	650 W	140 mm	Full	Black	ATX	No	0	2	0	0	4	0	10	3	€91.90	https://fi.pcpartpicker.com/product/RzfFf7/seasonic-focus-gx-650-w-80-gold-certified-fully-modular-atx-power-supply-focus-gx-650
46	Corsair SF600 600 W 80+ Gold Certified Fully Modular SFX Power Supply (CP-9020105-NA)	Corsair	SFX	80+ Gold	600 W	100 mm	Full		SFX12V	No	0	1	0	0	4	0	4	1	€124.90	https://fi.pcpartpicker.com/product/CQ648d/corsair-power-supply-cp9020105na
47	Corsair CX550M 550 W 80+ Bronze Certified Semi-modular ATX Power Supply (CP-9020102-NA)	Corsair	ATX	80+ Bronze	550 W	140 mm	Semi		ATX	No	0	1	0	0	2	0	5	4	€77.90	https://fi.pcpartpicker.com/product/3hkwrH/corsair-power-supply-cp9020102na
48	Asus ROG Strix 750 W 80+ Gold Certified Fully Modular ATX Power Supply (ROG-STRIX-750G)	Asus	ATX	80+ Gold	750 W	160 mm	Full	Black / Red	ATX	No	0	2	0	0	4	0	8	3	€118.90	https://fi.pcpartpicker.com/product/CRVG3C/asus-rog-strix-750-w-80-gold-certified-fully-modular-atx-power-supply-rog-strix-750g
49	EVGA BQ 750 W 80+ Bronze Certified Semi-modular ATX Power Supply (110-BQ-0750-V1)	EVGA	ATX	80+ Bronze	750 W	140 mm	Semi		ATX	No	0	2	0	0	3	0	9	5	€96.90	https://fi.pcpartpicker.com/product/xLs8TW/evga-bq-750w-80-bronze-certified-semi-modular-atx-power-supply-110-bq-0750-v1
50	Asus TUF Gaming 650B 650 W 80+ Bronze Certified ATX Power Supply (TUF-GAMING-650B)	Asus	ATX	80+ Bronze	650 W	150 mm	No	Black	ATX	No	0	2	0	0	4	0	5	4	€89.90	https://fi.pcpartpicker.com/product/Dn8bt6/asus-tuf-gaming-650-w-80-bronze-certified-atx-power-supply-tuf-gaming-650b
51	Asus THOR P2 Gaming 1000 W 80+ Platinum Certified Fully Modular ATX Power Supply (ROG-THOR-1000P2-GAMING)	Asus	ATX	80+ Platinum	1000 W	190 mm	Full	Silver / Black	ATX	No	0	2	1	0	8	0	12	6	€356.00	https://fi.pcpartpicker.com/product/PsNxFT/asus-thor-p2-gaming-1000-w-80-platinum-certified-fully-modular-atx-power-supply-rog-thor-1000p2-gaming
52	be quiet! Straight Power 11 1000 W 80+ Platinum Certified Fully Modular ATX Power Supply (BN644)	be quiet!	ATX	80+ Platinum	1000 W	170 mm	Full	Black	ATX	No	0	2	0	0	6	0	11	4	€219.90	https://fi.pcpartpicker.com/product/N7gQzy/be-quiet-straight-power-11-1000-w-80-platinum-certified-fully-modular-atx-power-supply-bn644
53	Asus TUF Gaming B 550 W 80+ Bronze Certified ATX Power Supply (TUF GAMING 550B)	Asus	ATX	80+ Bronze	550 W	150 mm	No	Black	ATX	No	0	1	0	0	2	0	5	4	€95.90	https://fi.pcpartpicker.com/product/RkjBD3/asus-tuf-gaming-b-550-w-80-bronze-certified-atx-power-supply-tuf-gaming-550b
54	Cooler Master V750 SFX GOLD 750 W 80+ Gold Certified Fully Modular SFX Power Supply (MPY-7501-SFHAGV-WU)	Cooler Master	SFX	80+ Gold	750 W	100 mm	Full	White	SFX12V	No	0	2	0	0	4	0	8	4	€176.90	https://fi.pcpartpicker.com/product/JrLFf7/cooler-master-v-sfx-gold-750-w-80-gold-certified-fully-modular-sfx-power-supply-mpy-7501-sfhagv-wu
55	be quiet! Straight Power 11 750W 750 W 80+ Gold Certified Fully Modular ATX Power Supply (BN283)	be quiet!	ATX	80+ Gold	750 W	170 mm	Full		ATX	No	0	2	0	0	4	0	11	8	€137.90	https://fi.pcpartpicker.com/product/9htQzy/be-quiet-straight-power-11-750w-80-gold-certified-fully-modular-atx-power-supply-bn283
56	NZXT C1000 (2022) 1000 W 80+ Gold Certified Fully Modular ATX Power Supply (PA-0G1BB-US)	NZXT	ATX	80+ Gold	1000 W	150 mm	Full	Black	ATX	No	0	2	0	0	6	0	6	6	€179.90	https://fi.pcpartpicker.com/product/43JgXL/nzxt-c-2022-1000-w-80-gold-certified-fully-modular-atx-power-supply-pa-0g1bb-us
57	Cooler Master V SFX Gold 650 W 80+ Gold Certified Fully Modular SFX Power Supply (MPY-6501-SFHAGV-US)	Cooler Master	SFX	80+ Gold	650 W	100 mm	Full	Black	SFX12V	No	0	2	0	0	4	0	8	4	€99.90	https://fi.pcpartpicker.com/product/DhRgXL/cooler-master-v-sfx-gold-650-w-80-gold-certified-fully-modular-sfx-power-supply-mpy-6501-sfhagv-us
58	Fractal Design Ion Gold 850 W 80+ Gold Certified Fully Modular ATX Power Supply (FD-P-IA2G-850)	Fractal Design	ATX	80+ Gold	850 W	150 mm	Full	Black	ATX	No	0	2	0	0	6	0	8	3	€119.90	https://fi.pcpartpicker.com/product/8ZJgXL/fractal-design-ion-gold-850-w-80-gold-certified-fully-modular-atx-power-supply-fd-p-ia2g-850
59	Corsair RMx (2018) 850 W 80+ Gold Certified Fully Modular ATX Power Supply (CP-9020188-NA)	Corsair	ATX	80+ Gold	850 W	150 mm	Full	White / Black	ATX	No	0	2	0	0	6	0	10	8	€154.00	https://fi.pcpartpicker.com/product/dnhKHx/corsair-rmx-2018-850-w-80-gold-certified-fully-modular-atx-power-supply-cp-9020188-na
60	Corsair TX750M 750 W 80+ Gold Certified Semi-modular ATX Power Supply (CP-9020230-EU)	Corsair	ATX	80+ Gold	750 W	140 mm	Semi	Black	ATX	No	0	2	0	0	4	0	7	4	€129.00	https://fi.pcpartpicker.com/product/J6gFf7/corsair-txm-2021-750-w-80-gold-certified-semi-modular-atx-power-supply-cp-9020230-eu
61	SeaSonic FOCUS GX 1000 W 80+ Gold Certified Fully Modular ATX Power Supply (FOCUS-GX-1000)	SeaSonic	ATX	80+ Gold	1000 W	140 mm	Full	Black	ATX	No	0	2	0	0	6	0	10	5	€189.00	https://fi.pcpartpicker.com/product/VDqBD3/seasonic-focus-gx-1000-w-80-gold-certified-fully-modular-atx-power-supply-focus-gx-1000
62	be quiet! Dark Power Pro 12 1200 W 80+ Titanium Certified Fully Modular ATX Power Supply (BN646)	be quiet!	ATX	80+ Titanium	1200 W	200 mm	Full	Black	ATX	No	0	2	0	0	10	0	16	8	€364.90	https://fi.pcpartpicker.com/product/c96qqs/be-quiet-dark-power-pro-12-1200-w-80-titanium-certified-fully-modular-atx-power-supply-bn646
63	MSI MPG A1000G 1000 W 80+ Gold Certified Fully Modular ATX Power Supply (MPG A1000G)	MSI	ATX	80+ Gold	1000 W	150 mm	Full	Black	ATX	No	0	2	0	0	7	0	12	4	€206.90	https://fi.pcpartpicker.com/product/bRXJ7P/msi-1000-w-80-gold-certified-fully-modular-atx-power-supply-mpg-a1000g
64	Super Flower Leadex III Gold 850 W 80+ Gold Certified Fully Modular ATX Power Supply (SF-850F14HG)	Super Flower	ATX	80+ Gold	850 W	160 mm	Full	Black	ATX	No	0	2	0	0	6	0	9	4	€127.90	https://fi.pcpartpicker.com/product/8z7p99/super-flower-leadex-iii-gold-850-w-80-gold-certified-fully-modular-atx-power-supply-sf-850f14hg
65	Phanteks AMP 650 W 80+ Gold Certified Fully Modular ATX Power Supply (PH-P650G_US01)	Phanteks	ATX	80+ Gold	650 W	140 mm	Full	Black	ATX	No	0	2	0	0	4	0	8	3	€104.90	https://fi.pcpartpicker.com/product/4xGnTW/phanteks-amp-650-w-80-gold-certified-fully-modular-atx-power-supply-ph-p650g_us01
66	be quiet! Straight Power 11 850 W 80+ Platinum Certified Fully Modular ATX Power Supply (BN643)	be quiet!	ATX	80+ Platinum	850 W	170 mm	Full	Black	ATX	No	0	2	0	0	4	0	11	4	€214.00	https://fi.pcpartpicker.com/product/nqXYcf/be-quiet-straight-power-11-850-w-80-platinum-certified-fully-modular-atx-power-supply-bn643
67	be quiet! System Power 9 400 W 80+ Bronze Certified ATX Power Supply (BN245)	be quiet!	ATX	80+ Bronze	400 W	140 mm	No	Black	ATX	No	0	1	0	0	2	0	5	2	€49.90	https://fi.pcpartpicker.com/product/2PZFf7/be-quiet-system-power-9-400-w-80-bronze-certified-atx-power-supply-bn245
68	Asus TUF Gaming 750 W 80+ Bronze Certified ATX Power Supply (TUF GAMING 750B)	Asus	ATX	80+ Bronze	750 W	150 mm	No	Black	ATX	No	0	2	0	0	4	0	8	4	€99.90	https://fi.pcpartpicker.com/product/GwkWGX/asus-tuf-gaming-750-w-80-bronze-certified-atx-power-supply-tuf-gaming-750b
69	be quiet! System Power 9 600 W 80+ Bronze Certified ATX Power Supply (BN247)	be quiet!	ATX	80+ Bronze	600 W	140 mm	No	Black	ATX	No	0	1	0	0	4	0	6	2	€71.90	https://fi.pcpartpicker.com/product/Wkprxr/be-quiet-system-power-9-600-w-80-bronze-certified-atx-power-supply-bn247
70	Asus ROG Strix 650 W 80+ Gold Certified Fully Modular ATX Power Supply (ROG-STRIX-650G)	Asus	ATX	80+ Gold	650 W	160 mm	Full	Black / Red	ATX	No	0	2	0	0	4	0	8	3	€116.00	https://fi.pcpartpicker.com/product/DRVG3C/asus-rog-strix-650-w-80-gold-certified-fully-modular-atx-power-supply-rog-strix-650g
71	Deepcool DQ750-M-V2L 750 W 80+ Gold Certified Fully Modular ATX Power Supply (DP-GD-DQ750-M-V2L)	Deepcool	ATX	80+ Gold	750 W	160 mm	Full	Black / Green	ATX	No	0	2	0	0	4	0	8	4	€122.90	https://fi.pcpartpicker.com/product/qbFKHx/deepcool-dq-m-v2l-750-w-80-gold-certified-fully-modular-atx-power-supply-dp-gd-dq750-m-v2l
72	be quiet! Pure Power 11 CM 600 W 80+ Gold Certified Semi-modular ATX Power Supply (BN298)	be quiet!	ATX	80+ Gold	600 W	160 mm	Semi	Black	ATX	No	0	1	0	0	4	0	6	3	€96.00	https://fi.pcpartpicker.com/product/K3Jtt6/be-quiet-pure-power-11-cm-600-w-80-gold-certified-semi-modular-atx-power-supply-bn298
73	Corsair TX650M 650 W 80+ Gold Certified Semi-modular ATX Power Supply (CP-9020229-EU)	Corsair	ATX	80+ Gold	650 W	140 mm	Semi	Black	ATX	No	0	2	0	0	4	0	6	4	€119.00	https://fi.pcpartpicker.com/product/PR92FT/corsair-txm-2021-650-w-80-gold-certified-semi-modular-atx-power-supply-cp-9020229-eu
74	Asus ROG-STRIX-850G 850 W 80+ Gold Certified Fully Modular ATX Power Supply (90YE00A3-B0NA00)	Asus	ATX	80+ Gold	850 W	160 mm	Full	Black	ATX	No	0	2	0	0	6	0	8	6	€132.90	https://fi.pcpartpicker.com/product/4cWBD3/asus-rog-strix-g-850-w-80-gold-certified-fully-modular-atx-power-supply-90ye00a3-b0na00
75	be quiet! Pure Power 11 FM 1000 1000 W 80+ Gold Certified Fully Modular ATX Power Supply (BN676)	be quiet!	ATX	80+ Gold	1000 W	160 mm	Full	Black	ATX	No	0	2	0	0	6	0	10	2	€159.90	https://fi.pcpartpicker.com/product/QnBG3C/be-quiet-pure-power-11-fm-1000-w-80-gold-certified-fully-modular-atx-power-supply-bn676
76	SeaSonic FOCUS PX 850 W 80+ Platinum Certified Fully Modular ATX Power Supply (FOCUS-PX-850)	SeaSonic	ATX	80+ Platinum	850 W	140 mm	Full	Black	ATX	No	0	2	0	0	6	0	10	5	€167.90	https://fi.pcpartpicker.com/product/rmrYcf/seasonic-focus-px-850-w-80-platinum-certified-fully-modular-atx-power-supply-focus-px-850
77	be quiet! Pure Power 11 FM 750 750 W 80+ Gold Certified Fully Modular ATX Power Supply (BN672)	be quiet!	ATX	80+ Gold	750 W	165 mm	Full	Black	ATX	No	0	2	0	0	4	0	9	2	€119.90	https://fi.pcpartpicker.com/product/kB4Ycf/be-quiet-pure-power-11-fm-750-w-80-gold-certified-fully-modular-atx-power-supply-bn672
78	be quiet! Dark Power 12 850 W 80+ Titanium Certified Fully Modular ATX Power Supply (BN315)	be quiet!	ATX	80+ Titanium	850 W	175 mm	Full	Black	ATX	No	0	2	0	0	6	0	12	5	€236.00	https://fi.pcpartpicker.com/product/XDxRsY/be-quiet-dark-power-12-850-w-80-titanium-certified-fully-modular-atx-power-supply-bn315
79	Phanteks Revolt X 1200 W 80+ Platinum Certified Fully Modular ATX Power Supply (PH-P1200PS)	Phanteks	ATX	80+ Platinum	1200 W	170 mm	Full	Black / Silver	ATX	No	0	4	0	0	8	0	16	3	€276.90	https://fi.pcpartpicker.com/product/Qgx2FT/phanteks-revolt-x-1200w-80-platinum-certified-fully-modular-atx-power-supply-ph-p1200ps
80	Fractal Design Ion Gold 750 W 80+ Gold Certified Fully Modular ATX Power Supply (FD-P-IA2G-750)	Fractal Design	ATX	80+ Gold	750 W	150 mm	Full	Black	ATX	No	0	2	0	0	4	0	8	3	€109.90	https://fi.pcpartpicker.com/product/mL92FT/fractal-design-ion-gold-750-w-80-gold-certified-fully-modular-atx-power-supply-fd-p-ia2g-750
81	Gigabyte AORUS P1200W 1200 W 80+ Platinum Certified Fully Modular ATX Power Supply (GP-AP1200PM)	Gigabyte	ATX	80+ Platinum	1200 W	160 mm	Full	Black	ATX	No	0	2	0	0	10	0	16	6	€328.90	https://fi.pcpartpicker.com/product/K2wypg/gigabyte-aorus-p-pm-1200-w-80-platinum-certified-fully-modular-atx-power-supply-gp-ap1200pm
82	Corsair TX550M 550 W 80+ Gold Certified Semi-modular ATX Power Supply (CP-9020228-EU)	Corsair	ATX	80+ Gold	550 W	140 mm	Semi	Black	ATX	No	0	2	0	0	2	0	3	4	€109.00	https://fi.pcpartpicker.com/product/dKQcCJ/corsair-txm-2021-550-w-80-gold-certified-semi-modular-atx-power-supply-cp-9020228-eu
83	be quiet! Straight Power 11 1200 W 80+ Platinum Certified Fully Modular ATX Power Supply (BN645)	be quiet!	ATX	80+ Platinum	1200 W	170 mm	Full	Black	ATX	No	0	2	0	0	6	0	11	4	€238.90	https://fi.pcpartpicker.com/product/LxCFf7/be-quiet-straight-power-11-1200-w-80-platinum-certified-fully-modular-atx-power-supply-bn645
84	Asus TUF Gaming B 450 W 80+ Bronze Certified ATX Power Supply (TUF GAMING 450B)	Asus	ATX	80+ Bronze	450 W	150 mm	No	Black	ATX	No	0	1	0	0	2	0	5	4	€93.90	https://fi.pcpartpicker.com/product/bVD7YJ/asus-tuf-gaming-b-450-w-80-bronze-certified-atx-power-supply-tuf-gaming-450b
85	Deepcool DQ-M-V2L 850 W 80+ Gold Certified Fully Modular ATX Power Supply (DP-GD-DQ850-M-V2L)	Deepcool	ATX	80+ Gold	850 W	160 mm	Full	Black / Green	ATX	No	0	2	0	0	2	0	10	6	€114.90	https://fi.pcpartpicker.com/product/PsLFf7/deepcool-dq-m-v2l-850-w-80-gold-certified-fully-modular-atx-power-supply-dp-gd-dq850-m-v2l
86	Phanteks AMP 750 W 80+ Gold Certified Fully Modular ATX Power Supply (PH-P750G_US01)	Phanteks	ATX	80+ Gold	750 W	140 mm	Full	Black	ATX	No	0	2	0	0	4	0	8	3	€119.90	https://fi.pcpartpicker.com/product/fq4BD3/phanteks-amp-750-w-80-gold-certified-fully-modular-atx-power-supply-ph-p750g_us01
87	be quiet! System Power 9 500 W 80+ Bronze Certified ATX Power Supply (BN246)	be quiet!	ATX	80+ Bronze	500 W	140 mm	No	Black	ATX	No	0	1	0	0	2	0	6	2	€59.90	https://fi.pcpartpicker.com/product/b37v6h/be-quiet-system-power-9-500-w-80-bronze-certified-atx-power-supply-bn246
88	be quiet! Pure Power 11 FM 850 850 W 80+ Gold Certified Fully Modular ATX Power Supply (BN675)	be quiet!	ATX	80+ Gold	850 W	160 mm	Full	Black	ATX	No	0	2	0	0	4	0	10	2	€129.90	https://fi.pcpartpicker.com/product/KLgFf7/be-quiet-pure-power-11-fm-850-w-80-gold-certified-fully-modular-atx-power-supply-bn675
89	be quiet! Pure Power 11 400 W 80+ Gold Certified ATX Power Supply (BN292)	be quiet!	ATX	80+ Gold	400 W	150 mm	No	Black	ATX	No	0	1	0	0	2	0	5	2	€64.90	https://fi.pcpartpicker.com/product/t8c48d/be-quiet-pure-power-11-400-w-80-gold-certified-atx-power-supply-bn292
90	be quiet! Straight Power 11 750 W 80+ Platinum Certified Fully Modular ATX Power Supply (BN642)	be quiet!	ATX	80+ Platinum	750 W	160 mm	Full	Black	ATX	No	0	2	0	0	4	0	11	4	€155.00	https://fi.pcpartpicker.com/product/f4mFf7/be-quiet-straight-power-11-750-w-80-platinum-certified-fully-modular-atx-power-supply-bn642
91	KOLINK Classic Power 600 W 80+ Bronze Certified ATX Power Supply (KL-600v2)	KOLINK	ATX	80+ Bronze	600 W	160 mm	No	Black / Red	ATX	No	0	1	0	0	2	0	4	2	€50.90	https://fi.pcpartpicker.com/product/7ZK2FT/kolink-classic-power-600-w-80-bronze-certified-atx-power-supply-kl-600v2
92	Thermaltake Toughpower GF1 ARGB 850 W 80+ Gold Certified Fully Modular ATX Power Supply (PS-TPD-0850F3FAGU-1)	Thermaltake	ATX	80+ Gold	850 W	160 mm	Full		ATX	No	0	2	0	0	6	0	12	4	€178.00	https://fi.pcpartpicker.com/product/PTBhP6/thermaltake-toughpower-gf1-argb-850-w-80-gold-certified-fully-modular-atx-power-supply-ps-tpd-0850f3fagu-1
93	Fractal Design Ion SFX 650G 650 W 80+ Gold Certified Fully Modular SFX Power Supply (FD-PSU-ION-SFX-650G-BK)	Fractal Design	SFX	80+ Gold	650 W	125 mm	Full	Black	SFX12V	No	0	1	0	0	4	0	8	2	€119.90	https://fi.pcpartpicker.com/product/GZcRsY/fractal-design-ion-sfx-l-650-w-80-gold-certified-fully-modular-sfx-power-supply-fd-psu-ion-sfx-650g-bk
94	Fractal Design Ion+ 660P 660 W 80+ Platinum Certified Fully Modular ATX Power Supply (FD-PSU-IONP-660P-BK)	Fractal Design	ATX	80+ Platinum	660 W	150 mm	Full	Black	ATX	No	0	1	0	0	4	0	10	4	€119.90	https://fi.pcpartpicker.com/product/4pGnTW/fractal-design-ion-660-w-80-platinum-certified-fully-modular-at-power-supply-fd-psu-ionp-660p-bk
95	KOLINK ENCLAVE 500 W 80+ Gold Certified Fully Modular ATX Power Supply (KL-G500FM)	KOLINK	ATX	80+ Gold	500 W	160 mm	Full	Black / Yellow	ATX	No	0	1	0	0	0	2	5	4	€67.90	https://fi.pcpartpicker.com/product/QhJmP6/kolink-enclave-500-w-80-gold-certified-fully-modular-atx-power-supply-kl-g500fm
96	be quiet! Pure Power 11 CM 500 W 80+ Gold Certified Semi-modular ATX Power Supply (BN297)	be quiet!	ATX	80+ Gold	500 W	160 mm	Semi	Black	ATX	No	0	1	0	0	2	0	6	3	€84.90	https://fi.pcpartpicker.com/product/qpvbt6/be-quiet-pure-power-11-cm-500-w-80-gold-certified-semi-modular-atx-power-supply-bn297
97	Gigabyte AORUS P GM 850 W 80+ Gold Certified Fully Modular ATX Power Supply (GP-AP850GM)	Gigabyte	ATX	80+ Gold	850 W	160 mm	Full	Black / Silver	ATX	No	0	2	0	0	6	0	6	5	€146.00	https://fi.pcpartpicker.com/product/xzYQzy/gigabyte-aorus-p-gm-850-w-80-gold-certified-fully-modular-atx-power-supply-gp-ap850gm
98	be quiet! Straight Power 11 850W 850 W 80+ Gold Certified Fully Modular ATX Power Supply (BN284)	be quiet!	ATX	80+ Gold	850 W	170 mm	Full		ATX	No	0	2	0	0	4	0	11	8	€139.90	https://fi.pcpartpicker.com/product/7cTPxr/be-quiet-straight-power-11-850w-80-gold-certified-fully-modular-atx-power-supply-bn284
99	SeaSonic FOCUS SGX 650 W 80+ Gold Certified Fully Modular SFX Power Supply (SSR-650SGX)	SeaSonic	SFX	80+ Gold	650 W	125 mm	Full	Black	SFX12V	No	0	1	0	0	4	0	6	3	€144.90	https://fi.pcpartpicker.com/product/mPdxFT/seasonic-focus-sgx-650w-80-gold-certified-fully-modular-sfx-power-supply-ssr-650sgx
100	Silverstone Strider Platinum S 1200 W 80+ Platinum Certified Fully Modular ATX Power Supply (SST-ST1200-PTS)	Silverstone	ATX	80+ Platinum	1200 W	140 mm	Full	Black	ATX	No	0	2	0	0	8	0	8	6	€242.90	https://fi.pcpartpicker.com/product/L4rmP6/silverstone-strider-platinum-s-1200-w-80-platinum-certified-fully-modular-atx-power-supply-sst-st1200-pts
101	be quiet! Straight Power 11 650W 650 W 80+ Gold Certified Fully Modular ATX Power Supply (BN282)	be quiet!	ATX	80+ Gold	650 W	160 mm	Full		ATX	No	0	1	0	0	4	0	9	7	€125.00	https://fi.pcpartpicker.com/product/Rj22FT/be-quiet-straight-power-11-650w-80-gold-certified-fully-modular-atx-power-supply-bn282
102	SeaSonic PRIME 1300 Gold 1300 W 80+ Gold Certified Fully Modular ATX Power Supply (SSR-1300GD)	SeaSonic	ATX	80+ Gold	1300 W	170 mm	Full	Black	ATX	No	0	2	0	0	12	0	12	5	€269.00	https://fi.pcpartpicker.com/product/TYWfrH/seasonic-prime-gold-1300w-80-gold-certified-fully-modular-atx-power-supply-ssr-1300gd
103	SeaSonic FOCUS 750 W 80+ Gold Certified Semi-modular ATX Power Supply (FOCUS-GM-750)	SeaSonic	ATX	80+ Gold	750 W	140 mm	Semi	Black	ATX	No	0	1	0	0	4	0	8	3	€104.90	https://fi.pcpartpicker.com/product/KhkgXL/seasonic-focus-750-w-80-gold-certified-semi-modular-atx-power-supply-focus-gm-750
104	Silverstone SST-FX350-G 350 W 80+ Gold Certified Flex ATX Power Supply (SST-FX350-G)	Silverstone	Flex ATX	80+ Gold	350 W	150 mm	No	Black	Flex ATX	No	0	1	0	0	0	1	3	2	€79.90	https://fi.pcpartpicker.com/product/cDndnQ/silverstone-350-w-80-gold-certified-flex-atx-power-supply-sst-fx350-g
105	Silverstone SX700-PT 700 W 80+ Platinum Certified Fully Modular SFX Power Supply (SST-SX700-PT)	Silverstone	SFX	80+ Platinum	700 W	100 mm	Full	Black	SFX12V	No	0	2	0	0	4	0	6	3	€149.90	https://fi.pcpartpicker.com/product/W7CFf7/silverstone-700-w-80-platinum-certified-fully-modular-sfx-power-supply-sst-sx700-pt
106	SeaSonic FOCUS 750 W 80+ Platinum Certified Fully Modular ATX Power Supply (FOCUS-PX-750)	SeaSonic	ATX	80+ Platinum	750 W	140 mm	Full	Black	ATX	No	0	2	0	0	4	0	10	3	€137.90	https://fi.pcpartpicker.com/product/kjZzK8/seasonic-focus-750-w-80-platinum-certified-fully-modular-atx-power-supply-focus-px-750
107	be quiet! Pure Power 11 FM 550 550 W 80+ Gold Certified Fully Modular ATX Power Supply (BN670)	be quiet!	ATX	80+ Gold	550 W	165 mm	Full	Black	ATX	No	0	1	0	0	2	0	9	2	€94.90	https://fi.pcpartpicker.com/product/8gpzK8/be-quiet-pure-power-11-fm-550-w-80-gold-certified-fully-modular-atx-power-supply-bn670
108	be quiet! Pure Power 11 300 W 80+ Bronze Certified ATX Power Supply (BN290)	be quiet!	ATX	80+ Bronze	300 W	150 mm	No	Black	ATX	No	0	1	0	0	1	0	4	2	€54.90	https://fi.pcpartpicker.com/product/HzrmP6/be-quiet-pure-power-11-300-w-80-gold-certified-atx-power-supply-bn290
109	be quiet! Straight Power 11 650 W 80+ Platinum Certified Fully Modular ATX Power Supply (BN641)	be quiet!	ATX	80+ Platinum	650 W	160 mm	Full	Black	ATX	No	0	1	0	0	2	0	9	3	€144.00	https://fi.pcpartpicker.com/product/YBYQzy/be-quiet-straight-power-11-650-w-80-platinum-certified-fully-modular-atx-power-supply-bn641
110	be quiet! System Power 9 700 W 80+ Bronze Certified ATX Power Supply (BN248)	be quiet!	ATX	80+ Bronze	700 W	140 mm	No	Black	ATX	No	0	1	0	0	4	0	6	2	€84.90	https://fi.pcpartpicker.com/product/69kj4D/be-quiet-system-power-9-700-w-80-bronze-certified-atx-power-supply-bn248
111	SeaSonic G12 GC 850 W 80+ Gold Certified ATX Power Supply (G12-GC-850)	SeaSonic	ATX	80+ Gold	850 W	140 mm	No	Black / Blue	ATX	No	0	1	0	0	2	0	3	3	€109.90	https://fi.pcpartpicker.com/product/FgpzK8/seasonic-g12-gc-850-w-80-gold-certified-atx-power-supply-g12-gc-850
112	KOLINK ENCLAVE 700 W 80+ Gold Certified Fully Modular ATX Power Supply (KL-G700FM)	KOLINK	ATX	80+ Gold	700 W	160 mm	Full	Black / Yellow	ATX	No	0	1	0	0	4	0	8	4	€86.90	https://fi.pcpartpicker.com/product/3dYQzy/kolink-enclave-700-w-80-gold-certified-fully-modular-atx-power-supply-kl-g700fm
113	KOLINK ENCLAVE 600 W 80+ Gold Certified Fully Modular ATX Power Supply (KL-G600FM)	KOLINK	ATX	80+ Gold	600 W	160 mm	Full	Black / Yellow	ATX	No	0	1	0	0	4	0	8	4	€73.90	https://fi.pcpartpicker.com/product/FxQfrH/kolink-enclave-600-w-80-gold-certified-fully-modular-atx-power-supply-kl-g600fm
114	be quiet! Dark Power 12 750 W 80+ Titanium Certified Fully Modular ATX Power Supply (BN314)	be quiet!	ATX	80+ Titanium	750 W	175 mm	Full	Black	ATX	No	0	2	0	0	6	0	12	5	€179.00	https://fi.pcpartpicker.com/product/vXvdnQ/be-quiet-dark-power-12-750-w-80-titanium-certified-fully-modular-atx-power-supply-bn314
115	SeaSonic FOCUS 850 W 80+ Gold Certified Semi-modular ATX Power Supply (FOCUS GM-850)	SeaSonic	ATX	80+ Gold	850 W	140 mm	Semi	Black	ATX	No	0	1	0	0	6	0	8	3	€119.90	https://fi.pcpartpicker.com/product/nf2bt6/seasonic-focus-850-w-80-gold-certified-semi-modular-atx-power-supply-focus-gm-850
116	Fractal Design Ion Gold 650 W 80+ Gold Certified Fully Modular ATX Power Supply (FD-P-IA2G-650)	Fractal Design	ATX	80+ Gold	650 W	150 mm	Full	Black	ATX	No	0	1	0	0	4	0	6	3	€98.90	https://fi.pcpartpicker.com/product/V4M48d/fractal-design-ion-gold-650-w-80-gold-certified-fully-modular-atx-power-supply-fd-p-ia2g-650
117	Phanteks AMP 1000 W 80+ Gold Certified Fully Modular ATX Power Supply (PH-P1000G)	Phanteks	ATX	80+ Gold	1000 W	140 mm	Full	Black	ATX	No	0	2	0	0	6	0	10	5	€167.90	https://fi.pcpartpicker.com/product/QX3gXL/phanteks-amp-1000-w-80-gold-certified-fully-modular-atx-power-supply-ph-p1000g
118	BitFenix Formula Gold 750 750 W 80+ Gold Certified ATX Power Supply (BP-FM750ULAG-7R)	BitFenix	ATX	80+ Gold	750 W	140 mm	No		ATX	No	0	2	0	0	4	0	8	4	€94.90	https://fi.pcpartpicker.com/product/Tsbkcf/bitfenix-formula-gold-750w-80-gold-certified-atx-power-supply-bp-fm750ulag-7r
119	SeaSonic FOCUS 650 W 80+ Platinum Certified Fully Modular ATX Power Supply (FOCUS-PX-650)	SeaSonic	ATX	80+ Platinum	650 W	140 mm	Full	Black	ATX	No	0	2	0	0	4	0	10	3	€124.90	https://fi.pcpartpicker.com/product/x2mFf7/seasonic-focus-650-w-80-platinum-certified-fully-modular-atx-power-supply-focus-px-650
120	Silverstone SX750-PT 750 W 80+ Platinum Certified Fully Modular SFX Power Supply (SST-SX750-PT)	Silverstone	SFX	80+ Platinum	750 W	100 mm	Full	Black	SFX12V	No	0	3	0	0	4	0	8	3	€169.90	https://fi.pcpartpicker.com/product/3RLwrH/silverstone-sx-pt-750-w-80-platinum-certified-fully-modular-sfx-power-supply-sst-sx750-pt
121	Super Flower Leadex III Gold 650 W 80+ Gold Certified Fully Modular ATX Power Supply (SF-650F14HG)	Super Flower	ATX	80+ Gold	650 W	160 mm	Full	Black	ATX	No	0	2	0	0	4	0	6	4	€104.90	https://fi.pcpartpicker.com/product/VbhmP6/super-flower-leadex-iii-gold-650-w-80-gold-certified-fully-modular-atx-power-supply-sf-650f14hg
122	Fractal Design Ion+ 560P 560 W 80+ Platinum Certified Fully Modular ATX Power Supply (FD-PSU-IONP-560P-BK)	Fractal Design	ATX	80+ Platinum	560 W	150 mm	Full	Black	ATX	No	0	1	0	0	4	0	6	4	€79.90	https://fi.pcpartpicker.com/product/YdXYcf/fractal-design-ion-560-w-80-platinum-certified-fully-modular-atx-power-supply-fd-psu-ionp-560p-bk
123	Silverstone Strider Platinum 850 W 80+ Platinum Certified Fully Modular ATX Power Supply (ST85F-PT)	Silverstone	ATX	80+ Platinum	850 W	140 mm	Full		ATX	No	0	2	0	0	4	0	12	3	€162.90	https://fi.pcpartpicker.com/product/BVTrxr/silverstone-strider-platinum-850w-80-platinum-certified-fully-modular-atx-power-supply-st85f-pt
124	be quiet! Pure Power 11 350 W 80+ Bronze Certified ATX Power Supply (BN291)	be quiet!	ATX	80+ Bronze	350 W	150 mm	No	Black	ATX	No	0	1	0	0	1	0	5	2	€58.90	https://fi.pcpartpicker.com/product/p2DJ7P/be-quiet-pure-power-11-350-w-80-gold-certified-atx-power-supply-bn291
125	Silverstone SX300-B 300 W 80+ Bronze Certified SFX Power Supply (SST-SX300-B)	Silverstone	SFX	80+ Bronze	300 W	100 mm	No	Black	SFX12V	No	0	1	0	0	1	0	3	2	€69.90	https://fi.pcpartpicker.com/product/yzqBD3/silverstone-sx-b-300-w-80-bronze-certified-sfx-power-supply-sst-sx300-b
126	be quiet! Pure Power 11 600 600 W 80+ Gold Certified Semi-modular ATX Power Supply (BN294)	be quiet!	ATX	80+ Gold	600 W	150 mm	Semi	Black	ATX	No	0	1	0	0	4	0	6	3	€89.90	https://fi.pcpartpicker.com/product/F9ddnQ/be-quiet-pure-power-11-600-w-80-gold-certified-semi-modular-atx-power-supply-bn294
127	Fractal Design Ion Gold 550 W 80+ Gold Certified Fully Modular ATX Power Supply (FD-P-IA2G-550)	Fractal Design	ATX	80+ Gold	550 W	150 mm	Full	Black	ATX	No	0	1	0	0	2	0	6	3	€55.00	https://fi.pcpartpicker.com/product/7wgFf7/fractal-design-ion-gold-550-w-80-gold-certified-fully-modular-atx-power-supply-fd-p-ia2g-550
128	Silverstone Strider Platinum S 1000 W 80+ Platinum Certified Fully Modular ATX Power Supply (SST-ST1000-PTS)	Silverstone	ATX	80+ Platinum	1000 W	140 mm	Full	Black	ATX	No	0	2	0	0	8	0	8	6	€199.90	https://fi.pcpartpicker.com/product/QGrmP6/silverstone-strider-platinum-s-1000-w-80-platinum-certified-fully-modular-atx-power-supply-sst-st1000-pts
129	Fractal Design Ion SFX 500G 500 W 80+ Gold Certified Fully Modular SFX Power Supply (FD-PSU-ION-SFX-500G-BK)	Fractal Design	SFX	80+ Gold	500 W	125 mm	Full	Black	SFX12V	No	0	1	0	0	2	0	4	2	€98.00	https://fi.pcpartpicker.com/product/VMCFf7/fractal-design-ion-sfx-l-500-w-80-gold-certified-fully-modular-sfx-power-supply-fd-psu-ion-sfx-500g-bk
130	Phanteks Revolt X 1000 W 80+ Platinum Certified Fully Modular ATX Power Supply (PH-P1000PS)	Phanteks	ATX	80+ Platinum	1000 W	170 mm	Full	Black / Silver	ATX	No	0	4	0	0	8	0	16	3	€239.00	https://fi.pcpartpicker.com/product/KMx2FT/phanteks-revolt-x-1000w-80-platinum-certified-fully-modular-atx-power-supply-ph-p1000ps
131	SeaSonic B12 BC 550 W 80+ Bronze Certified ATX Power Supply (B12-BC-550)	SeaSonic	ATX	80+ Bronze	550 W	140 mm	No		ATX	No	0	1	0	0	2	0	6	3	€59.90	https://fi.pcpartpicker.com/product/pBRYcf/seasonic-b12-bc-550-w-80-bronze-certified-atx-power-supply-b12-bc-550
132	Fractal Design Ion+ 760P 760 W 80+ Platinum Certified Fully Modular ATX Power Supply (FD-PSU-IONP-760P-BK)	Fractal Design	ATX	80+ Platinum	760 W	150 mm	Full	Black	ATX	No	0	2	0	0	6	0	10	4	€139.90	https://fi.pcpartpicker.com/product/fdXYcf/fractal-design-ion-760-w-80-platinum-certified-fully-modular-at-power-supply-fd-psu-ionp-760p-bk
133	SilentiumPC Supremo FM2 750 W 80+ Gold Certified Fully Modular ATX Power Supply (SPC169)	SilentiumPC	ATX	80+ Gold	750 W	160 mm	Full	Black	ATX	No	0	2	0	0	4	0	9	3	€99.90	https://fi.pcpartpicker.com/product/kMDkcf/silentiumpc-supremo-fm2-750-w-80-gold-certified-fully-modular-atx-power-supply-spc169
134	be quiet! Pure Power 11 700 W 80+ Gold Certified ATX Power Supply (BN295)	be quiet!	ATX	80+ Gold	700 W	150 mm	No	Black	ATX	No	0	1	0	0	4	0	6	3	€104.90	https://fi.pcpartpicker.com/product/y4TPxr/be-quiet-pure-power-11-700-w-80-gold-certified-atx-power-supply-bn295
135	be quiet! Pure Power 11 700 W 80+ Gold Certified ATX Power Supply (BN295)	be quiet!	ATX	80+ Gold	700 W	150 mm	No	Black	ATX	No	0	1	0	0	4	0	6	3	€104.90	https://fi.pcpartpicker.com/product/y4TPxr/be-quiet-pure-power-11-700-w-80-gold-certified-atx-power-supply-bn295
136	be quiet! System Power 9 700 CM 700 W 80+ Bronze Certified Semi-modular ATX Power Supply (BN303)	be quiet!	ATX	80+ Bronze	700 W	140 mm	Semi	Black	ATX	No	0	1	0	0	4	0	10	2	€96.90	https://fi.pcpartpicker.com/product/HHRgXL/be-quiet-system-power-9-cm-700-w-80-bronze-certified-semi-modular-atx-power-supply-bn303
137	be quiet! Straight Power 11 550 W 80+ Platinum Certified Fully Modular ATX Power Supply (BN640)	be quiet!	ATX	80+ Platinum	550 W	160 mm	Full	Black	ATX	No	0	2	0	0	4	0	9	3	€148.00	https://fi.pcpartpicker.com/product/4kyqqs/be-quiet-straight-power-11-550-w-80-platinum-certified-fully-modular-atx-power-supply-bn640
138	Phanteks Revolt Pro 850 W 80+ Gold Certified Fully Modular ATX Power Supply (PH-P850GC)	Phanteks	ATX	80+ Gold	850 W	170 mm	Full	Silver / Black	ATX	No	0	2	0	0	8	0	14	3	€139.00	https://fi.pcpartpicker.com/product/DKw7YJ/phanteks-revolt-pro-850-w-80-gold-certified-fully-modular-atx-power-supply-ph-p850gc
139	Phanteks AMP 850 W 80+ Gold Certified Fully Modular ATX Power Supply (PH-P850G)	Phanteks	ATX	80+ Gold	850 W	140 mm	Full	Black	ATX	No	0	2	0	0	6	0	10	5	€149.90	https://fi.pcpartpicker.com/product/MPQcCJ/phanteks-amp-850-w-80-gold-certified-fully-modular-atx-power-supply-ph-p850g
140	Phanteks Revolt Pro 1000 W 80+ Gold Certified Fully Modular ATX Power Supply (PH-P1000GC)	Phanteks	ATX	80+ Gold	1000 W	170 mm	Full	Silver / Black	ATX	No	0	2	0	0	8	0	14	3	€174.90	https://fi.pcpartpicker.com/product/wp66Mp/phanteks-revolt-pro-850-w-80-gold-certified-fully-modular-atx-power-supply-ph-p1000gc
141	SeaSonic B12 BC 750 W 80+ Bronze Certified ATX Power Supply (B12-BC-750)	SeaSonic	ATX	80+ Bronze	750 W	140 mm	No		ATX	No	0	2	0	0	4	0	6	3	€76.90	https://fi.pcpartpicker.com/product/gBRYcf/seasonic-b12-bc-750-w-80-bronze-certified-atx-power-supply-b12-bc-750
142	SeaSonic PRIME 600 Titanium 600 W 80+ Titanium Certified Fully Modular Fanless ATX Power Supply (SSR-600TL)	SeaSonic	ATX	80+ Titanium	600 W	170 mm	Full	Black	ATX	Yes	0	2	0	0	4	0	6	5	€219.90	https://fi.pcpartpicker.com/product/rbvbt6/seasonic-prime-titanium-600w-80-titanium-certified-fully-modular-fanless-atx-power-supply-ssr-600tl
143	SeaSonic B12 BC 850 W 80+ Bronze Certified ATX Power Supply (B12-BC-850)	SeaSonic	ATX	80+ Bronze	850 W	140 mm	No		ATX	No	0	2	0	0	4	0	6	3	€94.00	https://fi.pcpartpicker.com/product/qRt9TW/seasonic-b12-bc-850-w-80-bronze-certified-atx-power-supply-b12-bc-850
144	be quiet! Pure Power 11 CM 400 W 80+ Gold Certified Semi-modular ATX Power Supply (BN296)	be quiet!	ATX	80+ Gold	400 W	160 mm	Semi	Black	ATX	No	0	1	0	0	2	0	5	2	€71.90	https://fi.pcpartpicker.com/product/gt22FT/be-quiet-pure-power-11-cm-400-w-80-gold-certified-semi-modular-atx-power-supply-bn296
145	be quiet! Straight Power 11 450W 450 W 80+ Gold Certified Fully Modular ATX Power Supply (BN280)	be quiet!	ATX	80+ Gold	450 W	160 mm	Full		ATX	No	0	1	0	0	2	0	8	6	€105.00	https://fi.pcpartpicker.com/product/FF8j4D/be-quiet-straight-power-11-450w-80-gold-certified-fully-modular-atx-power-supply-bn280
146	Thermaltake Smart RGB 230V 500 W 80+ Certified ATX Power Supply (PS-SPR-0500NHSAWE-1)	Thermaltake	ATX	80+	500 W	140 mm	No	Black	ATX	No	0	1	0	0	2	0	5	4	€54.00	https://fi.pcpartpicker.com/product/J3fhP6/thermaltake-smart-rgb-230v-500-w-80-certified-atx-power-supply-ps-spr-0500nhsawe-1
147	SeaSonic FOCUS 550 W 80+ Platinum Certified Fully Modular ATX Power Supply (FOCUS-PX-550)	SeaSonic	ATX	80+ Platinum	550 W	140 mm	Full	Black	ATX	No	0	2	0	0	2	0	10	3	€111.90	https://fi.pcpartpicker.com/product/8jZzK8/seasonic-focus-550-w-80-platinum-certified-fully-modular-atx-power-supply-focus-px-550
