id	Name	Manufacturer	Capacity	Type	Cache	Form Factor	Interface	NVME	Price	Url
1	Seagate Barracuda Compute 2 TB 3.5" 7200RPM Internal Hard Drive (ST2000DM008)	Seagate	2 TB	7200RPM	256 MB	3.5	SATA 6.0 Gb/s	No	€59.90	https://fi.pcpartpicker.com/product/mwrYcf/seagate-barracuda-computer-2-tb-35-7200rpm-internal-hard-drive-st2000dm008
2	Western Digital Caviar Blue 1 TB 3.5" 7200RPM Internal Hard Drive (WD10EZEX)	Western Digital	1 TB	7200RPM	64 MB	3.5	SATA 6.0 Gb/s	No	€47.90	https://fi.pcpartpicker.com/product/MwW9TW/western-digital-internal-hard-drive-wd10ezex
3	Seagate BarraCuda 1 TB 3.5" 7200RPM Internal Hard Drive (ST1000DM010)	Seagate	1 TB	7200RPM	64 MB	3.5	SATA 6.0 Gb/s	No	€47.90	https://fi.pcpartpicker.com/product/44Gj4D/seagate-barracuda-1tb-35-7200rpm-internal-hard-drive-st1000dm010
4	Western Digital Blue 2 TB 3.5" 7200RPM Internal Hard Drive (WD20EZBX)	Western Digital	2 TB	7200RPM	256 MB	3.5	SATA 6.0 Gb/s	No	€65.00	https://fi.pcpartpicker.com/product/gHNxFT/western-digital-wd-blue-2-tb-35-7200rpm-internal-hard-drive-wd20ezbx
5	Western Digital Blue 4 TB 3.5" 5400RPM Internal Hard Drive (WD40EZAZ)	Western Digital	4 TB	5400RPM	256 MB	3.5	SATA 6.0 Gb/s	No	€99.00	https://fi.pcpartpicker.com/product/9wVmP6/western-digital-wd-blue-4-tb-35-5400rpm-internal-hard-drive-wd40ezaz
6	Seagate IronWolf Pro 4 TB 3.5" 7200RPM Internal Hard Drive (ST4000NE001)	Seagate	4 TB	7200RPM	256 MB	3.5	SATA 6.0 Gb/s	No	€161.00	https://fi.pcpartpicker.com/product/vXH8TW/seagate-ironwolf-pro-4-tb-35-7200rpm-internal-hard-drive-st4000ne001
7	Western Digital Black 4 TB 3.5" 7200RPM Internal Hard Drive (WD4005FZBX)	Western Digital	4 TB	7200RPM	256 MB	3.5	SATA 6.0 Gb/s	No	€216.00	https://fi.pcpartpicker.com/product/dGHRsY/western-digital-black-4tb-35-7200rpm-internal-hard-drive-wd4005fzbx
8	Seagate EXOS Enterprise 16 TB 3.5" 7200RPM Internal Hard Drive (ST16000NM001G)	Seagate	16 TB	7200RPM	256 MB	3.5	SATA 6.0 Gb/s	No	€341.00	https://fi.pcpartpicker.com/product/TYcRsY/seagate-exos-enterprise-16-tb-35-7200rpm-internal-hard-drive-st16000nm001g
9	Seagate IronWolf NAS 8 TB 3.5" 7200RPM Internal Hard Drive (ST8000VN004)	Seagate	8 TB	7200RPM	256 MB	3.5	SATA 6.0 Gb/s	No	€248.00	https://fi.pcpartpicker.com/product/sD848d/seagate-ironwolf-8-tb-35-7200rpm-internal-hard-drive-st8000vn004
10	Western Digital Black 2 TB 3.5" 7200RPM Internal Hard Drive (WD2003FZEX)	Western Digital	2 TB	7200RPM	64 MB	3.5	SATA 6.0 Gb/s	No	€148.00	https://fi.pcpartpicker.com/product/XtjG3C/western-digital-internal-hard-drive-wd2003fzex
11	Seagate BarraCuda 4 TB 3.5" 5400RPM Internal Hard Drive (ST4000DM004)	Seagate	4 TB	5400RPM	256 MB	3.5	SATA 6.0 Gb/s	No	€99.90	https://fi.pcpartpicker.com/product/jD3H99/seagate-barracuda-4tb-35-5400rpm-internal-hard-drive-st4000dm004
12	Seagate IronWolf NAS 4 TB 3.5" 5900RPM Internal Hard Drive (ST4000VN008)	Seagate	4 TB	5900RPM	64 MB	3.5	SATA 6.0 Gb/s	No	€127.00	https://fi.pcpartpicker.com/product/6MX2FT/seagate-ironwolf-4tb-35-5900rpm-internal-hard-drive-st4000vn008
13	Seagate EXOS Enterprise 14 TB 3.5" 7200RPM Internal Hard Drive (ST14000NM001G)	Seagate	14 TB	7200RPM	256 MB	3.5	SATA 6.0 Gb/s	No	€313.00	https://fi.pcpartpicker.com/product/XD848d/seagate-exos-enterprise-14-tb-35-7200rpm-internal-hard-drive-st14000nm001g
14	Western Digital Red 4 TB 3.5" 5400RPM Internal Hard Drive (WD40EFAX)	Western Digital	4 TB	5400RPM	256 MB	3.5	SATA 6.0 Gb/s	No	€112.90	https://fi.pcpartpicker.com/product/LN2bt6/western-digital-red-4-tb-35-5400rpm-internal-hard-drive-wd40efax
15	Western Digital Blue 1 TB 3.5" 5400RPM Internal Hard Drive (WD10EZRZ)	Western Digital	1 TB	5400RPM	64 MB	3.5	SATA 6.0 Gb/s	No	€50.00	https://fi.pcpartpicker.com/product/q3Z2FT/western-digital-internal-hard-drive-wd10ezrz
16	Western Digital Black 8 TB 3.5" 7200RPM Internal Hard Drive (WD8001FZBX)	Western Digital	8 TB	7200RPM	256 MB	3.5	SATA 6.0 Gb/s	No	€356.00	https://fi.pcpartpicker.com/product/6gVG3C/western-digital-black-8-tb-35-7200rpm-internal-hard-drive-wd8001fzbx
17	Western Digital Blue 6 TB 3.5" 5400RPM Internal Hard Drive (WD60EZAZ)	Western Digital	6 TB	5400RPM	256 MB	3.5	SATA 6.0 Gb/s	No	€139.00	https://fi.pcpartpicker.com/product/Z2HRsY/western-digital-blue-6-tb-35-5400rpm-internal-hard-drive-wd60ezaz
18	Western Digital Black 10 TB 3.5" 7200RPM Internal Hard Drive (WD101FZBX)	Western Digital	10 TB	7200RPM	256 MB	3.5	SATA 6.0 Gb/s	No	€413.00	https://fi.pcpartpicker.com/product/zxyqqs/western-digital-black-10-tb-35-7200rpm-internal-hard-drive-wd101fzbx
19	Western Digital Gold 18 TB 3.5" 7200RPM Internal Hard Drive (WD181KRYZ)	Western Digital	18 TB	7200RPM	512 MB	3.5	SATA 6.0 Gb/s	No	€579.00	https://fi.pcpartpicker.com/product/qy2bt6/western-digital-gold-18-tb-35-7200rpm-internal-hard-drive-wd181kryz
20	Western Digital Blue 2 TB 3.5" 5400RPM Internal Hard Drive (WD20EZAZ)	Western Digital	2 TB	5400RPM	256 MB	3.5	SATA 6.0 Gb/s	No	€66.00	https://fi.pcpartpicker.com/product/Jd8j4D/western-digital-blue-2-tb-35-5400rpm-internal-hard-drive-wd20ezaz
21	Western Digital Black 1 TB 3.5" 7200RPM Internal Hard Drive (WD1003FZEX)	Western Digital	1 TB	7200RPM	64 MB	3.5	SATA 6.0 Gb/s	No	€102.00	https://fi.pcpartpicker.com/product/Fz2kcf/western-digital-internal-hard-drive-wd1003fzex
22	Western Digital Red 6 TB 3.5" 5400RPM Internal Hard Drive (WD60EFAX)	Western Digital	6 TB	5400RPM	256 MB	3.5	SATA 6.0 Gb/s	No	€192.00	https://fi.pcpartpicker.com/product/GCNv6h/western-digital-red-6-tb-35-5400rpm-internal-hard-drive-wd60efax
23	Seagate Barracuda Compute 8 TB 3.5" 5400RPM Internal Hard Drive (ST8000DM004)	Seagate	8 TB	5400RPM	256 MB	3.5	SATA 6.0 Gb/s	No	€188.00	https://fi.pcpartpicker.com/product/2ycG3C/seagate-barracuda-compute-8-tb-35-5400rpm-internal-hard-drive-st8000dm004
24	Seagate BarraCuda Pro Compute 1 TB 2.5" 7200RPM Internal Hard Drive (ST1000LM049)	Seagate	1 TB	7200RPM	128 MB	2.5	SATA 6.0 Gb/s	No	€74.00	https://fi.pcpartpicker.com/product/TDkj4D/seagate-barracuda-pro-compute-1tb-25-7200rpm-internal-hard-drive-st1000lm049
25	Seagate BarraCuda 5 TB 2.5" 5400RPM Internal Hard Drive (ST5000LM000)	Seagate	5 TB	5400RPM	128 MB	2.5	SATA 6.0 Gb/s	No	€141.00	https://fi.pcpartpicker.com/product/xCKhP6/seagate-barracuda-5tb-25-5400rpm-internal-hard-drive-st5000lm000
26	Western Digital Red Plus 10 TB 3.5" 7200RPM Internal Hard Drive (WD101EFBX)	Western Digital	10 TB	7200RPM	256 MB	3.5	SATA 6.0 Gb/s	No	€310.00	https://fi.pcpartpicker.com/product/C9KKHx/western-digital-wd-red-plus-10-tb-35-7200rpm-internal-hard-drive-wd101efbx
27	Western Digital Red Plus 4 TB 3.5" 5400RPM Internal Hard Drive (WD40EFZX)	Western Digital	4 TB	5400RPM	128 MB	3.5	SATA 6.0 Gb/s	No	€119.00	https://fi.pcpartpicker.com/product/DK2WGX/western-digital-wd-red-plus-4-tb-35-5400rpm-internal-hard-drive-wd40efzx
28	Seagate Barracuda Compute 3 TB 3.5" 5400RPM Internal Hard Drive (ST3000DM007)	Seagate	3 TB	5400RPM	256 MB	3.5	SATA 6.0 Gb/s	No	€88.00	https://fi.pcpartpicker.com/product/jM848d/seagate-barracuda-compute-3-tb-35-5400rpm-internal-hard-drive-st3000dm007
29	Seagate BarraCuda 2 TB 2.5" 5400RPM Internal Hard Drive (ST2000LM015)	Seagate	2 TB	5400RPM	128 MB	2.5	SATA 6.0 Gb/s	No	€78.00	https://fi.pcpartpicker.com/product/2fGj4D/seagate-barracuda-2tb-25-5400rpm-internal-hard-drive-st2000lm015
30	Toshiba DT01ACA100 1 TB 3.5" 7200RPM Internal Hard Drive (DT01ACA100)	Toshiba	1 TB	7200RPM	32 MB	3.5	SATA 6.0 Gb/s	No	€45.00	https://fi.pcpartpicker.com/product/C4zv6h/toshiba-internal-hard-drive-dt01aca100
31	Western Digital Red Plus 6 TB 3.5" 5400RPM Internal Hard Drive (WD60EFZX)	Western Digital	6 TB	5400RPM	128 MB	3.5	SATA 6.0 Gb/s	No	€188.00	https://fi.pcpartpicker.com/product/Ld6p99/western-digital-wd-red-plus-6-tb-35-5400rpm-internal-hard-drive-wd60efzx
32	Seagate IronWolf Pro 8 TB 3.5" 7200RPM Internal Hard Drive (ST8000NE001)	Seagate	8 TB	7200RPM	256 MB	3.5	SATA 6.0 Gb/s	No	€282.00	https://fi.pcpartpicker.com/product/PZ848d/seagate-ironwolf-pro-8-tb-35-7200rpm-internal-hard-drive-st8000ne001
33	Western Digital Red Plus 8 TB 3.5" 7200RPM Internal Hard Drive (WD80EFBX)	Western Digital	8 TB	7200RPM	256 MB	3.5	SATA 6.0 Gb/s	No	€278.00	https://fi.pcpartpicker.com/product/hsYmP6/western-digital-wd-red-plus-8-tb-35-7200rpm-internal-hard-drive-wd80efbx
34	Western Digital Gold 16 TB 3.5" 7200RPM Internal Hard Drive (WD161KRYZ)	Western Digital	16 TB	7200RPM	512 MB	3.5	SATA 6.0 Gb/s	No	€489.00	https://fi.pcpartpicker.com/product/gmhmP6/western-digital-gold-16-tb-35-7200rpm-internal-hard-drive-wd161kryz
35	Toshiba P300 3 TB 3.5" 7200RPM Internal Hard Drive (HDWD130UZSVA)	Toshiba	3 TB	7200RPM	64 MB	3.5	SATA 6.0 Gb/s	No	€85.00	https://fi.pcpartpicker.com/product/8PYLrH/toshiba-p300-3tb-35-7200rpm-internal-hard-drive-hdwd130uzsva
36	Seagate IronWolf Pro 16 TB 3.5" 7200RPM Internal Hard Drive (ST16000NE000)	Seagate	16 TB	7200RPM	256 MB	3.5	SATA 6.0 Gb/s	No	€455.00	https://fi.pcpartpicker.com/product/3cZFf7/seagate-ironwolf-pro-16-tb-35-7200rpm-internal-hard-drive-st16000ne000
37	Western Digital Blue 3 TB 3.5" 5400RPM Internal Hard Drive (WD30EZAZ)	Western Digital	3 TB	5400RPM	256 MB	3.5	SATA 6.0 Gb/s	No	€93.00	https://fi.pcpartpicker.com/product/kcgFf7/western-digital-wd-blue-3-tb-35-5400rpm-internal-hard-drive-wd30ezaz
38	Western Digital Red Pro 16 TB 3.5" 7200RPM Internal Hard Drive (WD161KFGX)	Western Digital	16 TB	7200RPM	256 MB	3.5	SATA 6.0 Gb/s	No	€465.00	https://fi.pcpartpicker.com/product/3RjNnQ/western-digital-red-pro-16-tb-35-7200rpm-internal-hard-drive-wd161kfgx
39	Seagate IronWolf Pro 6 TB 3.5" 7200RPM Internal Hard Drive (ST6000NE000)	Seagate	6 TB	7200RPM	256 MB	3.5	SATA 6.0 Gb/s	No	€245.00	https://fi.pcpartpicker.com/product/JccRsY/seagate-ironwolf-pro-6-tb-35-7200rpm-internal-hard-drive-st6000ne000
40	Seagate BarraCuda 6 TB 3.5" 5400RPM Internal Hard Drive (ST6000DM003)	Seagate	6 TB	5400RPM	256 MB	3.5	SATA 6.0 Gb/s	No	€144.90	https://fi.pcpartpicker.com/product/ByL48d/seagate-barracuda-6tb-35-5400rpm-internal-hard-drive-st6000dm003
41	Seagate BarraCuda 4 TB 2.5" 5400RPM Internal Hard Drive (ST4000LM024)	Seagate	4 TB	5400RPM	128 MB	2.5	SATA 6.0 Gb/s	No	€124.00	https://fi.pcpartpicker.com/product/ky98TW/seagate-barracuda-4tb-25-5400rpm-internal-hard-drive-st4000lm024
42	Seagate BarraCuda 1 TB 2.5" 5400RPM Internal Hard Drive (ST1000LM048)	Seagate	1 TB	5400RPM	128 MB	2.5	SATA 6.0 Gb/s	No	€58.00	https://fi.pcpartpicker.com/product/bZH48d/seagate-barracuda-1tb-25-5400rpm-internal-hard-drive-st1000lm048
43	Western Digital Red Plus 14 TB 3.5" 7200RPM Internal Hard Drive (WD140EFGX)	Western Digital	14 TB	7200RPM	512 MB	3.5	SATA 6.0 Gb/s	No	€513.00	https://fi.pcpartpicker.com/product/NspzK8/western-digital-wd-red-plus-14-tb-35-7200rpm-internal-hard-drive-wd140efgx
44	Western Digital Red Pro 18 TB 3.5" 7200RPM Internal Hard Drive (WD181KFGX)	Western Digital	18 TB	7200RPM	512 MB	3.5	SATA 6.0 Gb/s	No	€599.00	https://fi.pcpartpicker.com/product/R4RgXL/western-digital-red-pro-18-tb-35-7200rpm-internal-hard-drive-wd181kfgx
45	Western Digital Red Pro 4 TB 3.5" 7200RPM Internal Hard Drive (WD4003FFBX)	Western Digital	4 TB	7200RPM	256 MB	3.5	SATA 6.0 Gb/s	No	€168.00	https://fi.pcpartpicker.com/product/2PYLrH/western-digital-red-pro-4tb-35-7200rpm-internal-hard-drive-wd4003ffbx
46	Western Digital Gold 12 TB 3.5" 7200RPM Internal Hard Drive (WD121KRYZ)	Western Digital	12 TB	7200RPM	256 MB	3.5	SATA 6.0 Gb/s	No	€395.00	https://fi.pcpartpicker.com/product/KsRFf7/western-digital-gold-12tb-35-7200rpm-internal-hard-drive-wd121kryz
47	Western Digital AV-GP 6 TB 3.5" 7200RPM Internal Hard Drive (WD6003FZBX)	Western Digital	6 TB	7200RPM	256 MB	3.5	SATA 6.0 Gb/s	No	€287.00	https://fi.pcpartpicker.com/product/JWm323/western-digital-black-6tb-35-7200rpm-internal-hard-drive-wd6003fzbx
48	Western Digital Black 1 TB 2.5" 7200RPM Internal Hard Drive (WD10SPSX)	Western Digital	1 TB	7200RPM	64 MB	2.5	SATA 6.0 Gb/s	No	€91.00	https://fi.pcpartpicker.com/product/t2BhP6/western-digital-black-1-tb-25-7200rpm-internal-hard-drive-wd10spsx
49	Western Digital Caviar Green 1 TB 3.5" 5400RPM Internal Hard Drive (WD10EZRX)	Western Digital	1 TB	5400RPM	64 MB	3.5	SATA 6.0 Gb/s	No	€47.90	https://fi.pcpartpicker.com/product/xQ4gXL/western-digital-internal-hard-drive-wd10ezrx
50	Seagate IronWolf NAS 2 TB 3.5" 5900RPM Internal Hard Drive (ST2000VN004)	Seagate	2 TB	5900RPM	64 MB	3.5	SATA 6.0 Gb/s	No	€93.00	https://fi.pcpartpicker.com/product/btkwrH/seagate-ironwolf-2tb-35-5900rpm-internal-hard-drive-st2000vn004
51	Western Digital Red 2 TB 3.5" 5400RPM Internal Hard Drive (WD20EFAX)	Western Digital	2 TB	5400RPM	256 MB	3.5	SATA 6.0 Gb/s	No	€89.00	https://fi.pcpartpicker.com/product/9jYLrH/western-digital-red-2-tb-35-5400rpm-internal-hard-drive-wd20efax
52	Western Digital Blue Mobile 1 TB 2.5" 5400RPM Internal Hard Drive (WD10SPZX)	Western Digital	1 TB	5400RPM	128 MB	2.5	SATA 6.0 Gb/s	No	€64.00	https://fi.pcpartpicker.com/product/mjtQzy/western-digital-blue-mobile-1-tb-25-5400rpm-internal-hard-drive-wd10spzx
53	Western Digital Red Plus 12 TB 3.5" 7200RPM Internal Hard Drive (WD120EFBX)	Western Digital	12 TB	7200RPM	256 MB	3.5	SATA 6.0 Gb/s	No	€371.00	https://fi.pcpartpicker.com/product/CK2WGX/western-digital-wd-red-plus-12-tb-35-7200rpm-internal-hard-drive-wd120efbx
54	Seagate EXOS Enterprise 8 TB 3.5" 7200RPM Internal Hard Drive (ST8000NM000A)	Seagate	8 TB	7200RPM	256 MB	3.5	SATA 6.0 Gb/s	No	€232.00	https://fi.pcpartpicker.com/product/ZJMTwP/seagate-exos-enterprise-8-tb-35-7200rpm-internal-hard-drive-st8000nm000a
55	Western Digital Red 3 TB 3.5" 5400RPM Internal Hard Drive (WD30EFAX)	Western Digital	3 TB	5400RPM	256 MB	3.5	SATA 6.0 Gb/s	No	€101.00	https://fi.pcpartpicker.com/product/QFH8TW/western-digital-red-3-tb-35-5400rpm-internal-hard-drive-wd30efax
56	Seagate EXOS Enterprise X18 16 TB 3.5" 7200RPM Internal Hard Drive (ST16000NM000J)	Seagate	16 TB	7200RPM	256 MB	3.5	SATA 6.0 Gb/s	No	€347.00	https://fi.pcpartpicker.com/product/VGxRsY/seagate-exos-enterprise-x18-16-tb-35-7200rpm-internal-hard-drive-st16000nm000j
57	Western Digital Gold 4 TB 3.5" 7200RPM Internal Hard Drive (WD4003FRYZ)	Western Digital	4 TB	7200RPM	256 MB	3.5	SATA 6.0 Gb/s	No	€196.00	https://fi.pcpartpicker.com/product/jtn8TW/western-digital-gold-4-tb-35-7200rpm-internal-hard-drive-wd4003fryz
58	Western Digital Gold 10 TB 3.5" 7200RPM Internal Hard Drive (WD102KRYZ)	Western Digital	10 TB	7200RPM	256 MB	3.5	SATA 6.0 Gb/s	No	€304.00	https://fi.pcpartpicker.com/product/WxsnTW/western-digital-gold-10-tb-35-7200rpm-internal-hard-drive-wd102kryz
59	Western Digital Red Plus 3 TB 3.5" 5400RPM Internal Hard Drive (WD30EFZX)	Western Digital	3 TB	5400RPM	128 MB	3.5	SATA 6.0 Gb/s	No	€115.00	https://fi.pcpartpicker.com/product/NYrRsY/western-digital-wd-red-plus-3-tb-35-5400rpm-internal-hard-drive-wd30efzx
60	Western Digital Red Pro 2 TB 3.5" 7200RPM Internal Hard Drive (WD2002FFSX)	Western Digital	2 TB	7200RPM	64 MB	3.5	SATA 6.0 Gb/s	No	€120.00	https://fi.pcpartpicker.com/product/TgDzK8/western-digital-red-pro-2tb-35-7200rpm-internal-hard-drive-wd2002ffsx
61	Western Digital Red Plus 2 TB 3.5" 5400RPM Internal Hard Drive (WD20EFZX)	Western Digital	2 TB	5400RPM	128 MB	3.5	SATA 6.0 Gb/s	No	€88.00	https://fi.pcpartpicker.com/product/n9WzK8/western-digital-wd-red-plus-2-tb-35-5400rpm-internal-hard-drive-wd20efzx
62	Western Digital Gold 8 TB 3.5" 7200RPM Internal Hard Drive (WD8004FRYZ)	Western Digital	8 TB	7200RPM	256 MB	3.5	SATA 6.0 Gb/s	No	€275.00	https://fi.pcpartpicker.com/product/BwcRsY/western-digital-gold-8-tb-35-7200rpm-internal-hard-drive-wd8004fryz
63	Western Digital Red Pro 10 TB 3.5" 7200RPM Internal Hard Drive (WD102KFBX)	Western Digital	10 TB	7200RPM	256 MB	3.5	SATA 6.0 Gb/s	No	€393.00	https://fi.pcpartpicker.com/product/vVCFf7/western-digital-red-pro-10-tb-35-7200rpm-internal-hard-drive-wd102kfbx
64	Western Digital Red Pro 8 TB 3.5" 7200RPM Internal Hard Drive (WD8003FFBX)	Western Digital	8 TB	7200RPM	256 MB	3.5	SATA 6.0 Gb/s	No	€306.00	https://fi.pcpartpicker.com/product/y822FT/western-digital-red-pro-8tb-35-7200rpm-internal-hard-drive-wd8003ffbx
65	Western Digital Blue 500 GB 3.5" 7200RPM Internal Hard Drive (WD5000AZLX)	Western Digital	500 GB	7200RPM	32 MB	3.5	SATA 6.0 Gb/s	No	€63.00	https://fi.pcpartpicker.com/product/zH98TW/western-digital-internal-hard-drive-wd5000azlx
66	Seagate IronWolf NAS 1 TB 3.5" 5900RPM Internal Hard Drive (ST1000VN002)	Seagate	1 TB	5900RPM	64 MB	3.5	SATA 6.0 Gb/s	No	€77.00	https://fi.pcpartpicker.com/product/2FCrxr/seagate-ironwolf-1tb-35-5900rpm-internal-hard-drive-st1000vn002
67	Western Digital Gold 14 TB 3.5" 7200RPM Internal Hard Drive (WD141KRYZ)	Western Digital	14 TB	7200RPM	512 MB	3.5	SATA 6.0 Gb/s	No	€429.00	https://fi.pcpartpicker.com/product/6Y9tt6/western-digital-gold-14-tb-35-7200rpm-internal-hard-drive-wd141kryz
68	Seagate EXOS Enterprise 16 TB 3.5" 7200RPM Internal Hard Drive (ST16000NM004G)	Seagate	16 TB	7200RPM	256 MB	3.5	SAS 12.0 Gb/s	No	€469.00	https://fi.pcpartpicker.com/product/HFgQzy/seagate-exos-enterprise-16-tb-35-7200rpm-internal-hard-drive-st16000nm004g
69	Western Digital Gold 6 TB 3.5" 7200RPM Internal Hard Drive (WD6003FRYZ)	Western Digital	6 TB	7200RPM	256 MB	3.5	SATA 6.0 Gb/s	No	€249.00	https://fi.pcpartpicker.com/product/z2mFf7/western-digital-gold-6-tb-35-7200rpm-internal-hard-drive-wd6003fryz
70	Western Digital Red Pro 6 TB 3.5" 7200RPM Internal Hard Drive (WD6003FFBX)	Western Digital	6 TB	7200RPM	256 MB	3.5	SATA 6.0 Gb/s	No	€264.00	https://fi.pcpartpicker.com/product/b3dxFT/western-digital-red-pro-6tb-35-7200rpm-internal-hard-drive-wd6003ffbx
71	Western Digital Blue Mobile 2 TB 2.5" 5400RPM Internal Hard Drive (WD20SPZX)	Western Digital	2 TB	5400RPM	128 MB	2.5	SATA 6.0 Gb/s	No	€80.00	https://fi.pcpartpicker.com/product/fxfhP6/western-digital-blue-mobile-2tb-25-5400rpm-internal-hard-drive-wd20spzx
72	Western Digital Caviar Black 500 GB 3.5" 7200RPM Internal Hard Drive (WD5003AZEX)	Western Digital	500 GB	7200RPM	64 MB	3.5	SATA 6.0 Gb/s	No	€93.00	https://fi.pcpartpicker.com/product/bCTmP6/western-digital-internal-hard-drive-wd5003azex
73	Western Digital Red 1 TB 3.5" 5400RPM Internal Hard Drive (WD10EFRX)	Western Digital	1 TB	5400RPM	64 MB	3.5	SATA 6.0 Gb/s	No	€75.00	https://fi.pcpartpicker.com/product/RwW9TW/western-digital-internal-hard-drive-wd10efrx
74	Seagate IronWolf Pro 14 TB 3.5" 7200RPM Internal Hard Drive (ST14000NE0008)	Seagate	14 TB	7200RPM	256 MB	3.5	SATA 6.0 Gb/s	No	€440.00	https://fi.pcpartpicker.com/product/t7BTwP/seagate-ironwolf-pro-14tb-35-7200rpm-internal-hard-drive-st14000ne0008
75	Seagate SkyHawk 1 TB 3.5" 5900RPM Internal Hard Drive (ST1000VX005)	Seagate	1 TB	5900RPM	64 MB	3.5	SATA 6.0 Gb/s	No	€63.00	https://fi.pcpartpicker.com/product/KrzZxr/seagate-skyhawk-1tb-35-5900rpm-internal-hard-drive-st1000vx005
76	Seagate BarraCuda 500 GB 2.5" 5400RPM Internal Hard Drive (ST500LM030)	Seagate	500 GB	5400RPM	128 MB	2.5	SATA 6.0 Gb/s	No	€59.00	https://fi.pcpartpicker.com/product/W7dFf7/seagate-barracuda-500gb-25-5400rpm-internal-hard-drive-st500lm030
77	Western Digital Purple 2 TB 3.5" 5400RPM Internal Hard Drive (WD22PURZ)	Western Digital	2 TB	5400RPM	256 MB	3.5	SATA 6.0 Gb/s	No	€80.00	https://fi.pcpartpicker.com/product/WyTp99/western-digital-purple-2-tb-35-5400rpm-internal-hard-drive-wd22purz
78	Western Digital Purple 2 TB 3.5" 5400RPM Internal Hard Drive (WD20PURZ)	Western Digital	2 TB	5400RPM	64 MB	3.5	SATA 6.0 Gb/s	No	€91.00	https://fi.pcpartpicker.com/product/39Nv6h/western-digital-purple-2tb-35-5400rpm-internal-hard-drive-wd20purz
79	Western Digital Purple Pro 8 TB 3.5" 7200RPM Internal Hard Drive (WD8001PURP)	Western Digital	8 TB	7200RPM	256 MB	3.5	SATA 6.0 Gb/s	No	€248.00	https://fi.pcpartpicker.com/product/72LFf7/western-digital-8-tb-35-7200rpm-internal-hard-drive-wd8001purp
80	Western Digital Red Pro 14 TB 3.5" 7200RPM Internal Hard Drive (WD141KFGX)	Western Digital	14 TB	7200RPM		3.5	SATA 6.0 Gb/s	No	€472.00	https://fi.pcpartpicker.com/product/8x9tt6/western-digital-red-pro-14-tb-35-7200rpm-internal-hard-drive-wd141kfgx
81	Seagate Exos X16 10 TB 3.5" 7200RPM Internal Hard Drive (ST10000NM001G)	Seagate	10 TB	7200RPM	256 MB	3.5	SATA 6.0 Gb/s	No	€342.00	https://fi.pcpartpicker.com/product/DGVG3C/seagate-exos-x16-10-tb-35-7200rpm-internal-hard-drive-st10000nm001g
82	Western Digital Purple Pro 18 TB 3.5" 7200RPM Internal Hard Drive (WD181PURP)	Western Digital	18 TB	7200RPM	512 MB	3.5	SATA 6.0 Gb/s	No	€458.00	https://fi.pcpartpicker.com/product/RY8bt6/western-digital-18-tb-35-7200rpm-internal-hard-drive-wd181purp
83	Western Digital AV-25 1 TB 2.5" 5400RPM Internal Hard Drive (WD10JUCT)	Western Digital	1 TB	5400RPM	16 MB	2.5	SATA 3.0 Gb/s	No	€99.00	https://fi.pcpartpicker.com/product/fMh9TW/western-digital-internal-hard-drive-wd10juct
84	Seagate EXOS Enterprise 4 TB 3.5" 7200RPM Internal Hard Drive (ST4000NM000A)	Seagate	4 TB	7200RPM	256 MB	3.5	SATA 6.0 Gb/s	No	€202.00	https://fi.pcpartpicker.com/product/Mjyqqs/seagate-exos-enterprise-4-tb-35-7200rpm-internal-hard-drive-st4000nm000a
85	Seagate IronWolf Pro 12 TB 3.5" 7200RPM Internal Hard Drive (ST12000NE0008)	Seagate	12 TB	7200RPM	256 MB	3.5	SATA 6.0 Gb/s	No	€445.00	https://fi.pcpartpicker.com/product/T2PKHx/seagate-ironwolf-pro-12-tb-35-7200rpm-internal-hard-drive-st12000ne0008
86	Seagate IronWolf NAS 3 TB 3.5" 5900RPM Internal Hard Drive (ST3000VN007)	Seagate	3 TB	5900RPM	64 MB	3.5	SATA 6.0 Gb/s	No	€114.00	https://fi.pcpartpicker.com/product/WG2rxr/seagate-ironwolf-3tb-35-5900rpm-internal-hard-drive-st3000vn007
87	Seagate SkyHawk Surveillance 6 TB 3.5" 5400RPM Internal Hard Drive (ST6000VX001)	Seagate	6 TB	5400RPM	256 MB	3.5	SATA 6.0 Gb/s	No	€172.00	https://fi.pcpartpicker.com/product/J8DJ7P/seagate-skyhawk-surveillance-6-tb-35-5400rpm-internal-hard-drive-st6000vx001
88	Western Digital Red Pro 12 TB 3.5" 7200RPM Internal Hard Drive (WD121KFBX)	Western Digital	12 TB	7200RPM	256 MB	3.5	SATA 6.0 Gb/s	No	€407.00	https://fi.pcpartpicker.com/product/P9jJ7P/western-digital-red-pro-12-tb-35-7200rpm-internal-hard-drive-wd121kfbx
89	Seagate SkyHawk 2 TB 3.5" 5900RPM Internal Hard Drive (ST2000VX008)	Seagate	2 TB	5900RPM	64 MB	3.5	SATA 6.0 Gb/s	No	€78.00	https://fi.pcpartpicker.com/product/qFBrxr/seagate-skyhawk-2tb-35-5900rpm-internal-hard-drive-st2000vx008
90	Western Digital Purple 8 TB 3.5" 5640RPM Internal Hard Drive (WD84PURZ)	Western Digital	8 TB	5640RPM	128 MB	3.5	SATA 6.0 Gb/s	No	€252.00	https://fi.pcpartpicker.com/product/Vfytt6/western-digital-purple-8-tb-35-5640rpm-internal-hard-drive-wd84purz
91	Seagate SkyHawk 2 TB 3.5" 5900RPM Internal Hard Drive (ST2000VX008)	Seagate	2 TB	5900RPM	64 MB	3.5	SATA 6.0 Gb/s	No	€78.00	https://fi.pcpartpicker.com/product/qFBrxr/seagate-skyhawk-2tb-35-5900rpm-internal-hard-drive-st2000vx008
92	Seagate EXOS Enterprise 2 TB 3.5" 7200RPM Internal Hard Drive (ST2000NM001A)	Seagate	2 TB	7200RPM	256 MB	3.5	SATA 6.0 Gb/s	No	€159.00	https://fi.pcpartpicker.com/product/pv3mP6/seagate-exos-enterprise-2-tb-35-7200rpm-internal-hard-drive-st2000nm001a
93	Western Digital Purple 1 TB 3.5" 5400RPM Internal Hard Drive (WD10PURZ)	Western Digital	1 TB	5400RPM	64 MB	3.5	SATA 6.0 Gb/s	No	€64.00	https://fi.pcpartpicker.com/product/FMvbt6/western-digital-purple-1tb-35-5400rpm-internal-hard-drive-wd10purz
94	Seagate SkyHawk 4 TB 3.5" 5900RPM Internal Hard Drive (ST4000VX007)	Seagate	4 TB	5900RPM	64 MB	3.5	SATA 6.0 Gb/s	No	€122.00	https://fi.pcpartpicker.com/product/tGWrxr/seagate-skyhawk-4tb-35-5900rpm-internal-hard-drive-st4000vx007
95	Western Digital Purple Pro 10 TB 3.5" 7200RPM Internal Hard Drive (WD101PURP)	Western Digital	10 TB	7200RPM	256 MB	3.5	SATA 6.0 Gb/s	No	€334.00	https://fi.pcpartpicker.com/product/47ytt6/western-digital-10-tb-35-7200rpm-internal-hard-drive-wd101purp
96	Toshiba P300 4 TB 3.5" 5400RPM Internal Hard Drive (HDWD240UZSVA)	Toshiba	4 TB	5400RPM	128 MB	3.5	SATA 6.0 Gb/s	No	€98.00	https://fi.pcpartpicker.com/product/2bPQzy/toshiba-p300-4-tb-35-5400rpm-internal-hard-drive-hdwd240uzsva
97	Western Digital Purple Pro 14 TB 3.5" 7200RPM Internal Hard Drive (WD141PURP)	Western Digital	14 TB	7200RPM	512 MB	3.5	SATA 6.0 Gb/s	No	€389.00	https://fi.pcpartpicker.com/product/3gKKHx/western-digital-14-tb-35-7200rpm-internal-hard-drive-wd141purp
98	Seagate EXOS Enterprise 4 TB 3.5" 7200RPM Internal Hard Drive (ST4000NM002A)	Seagate	4 TB	7200RPM	256 MB	3.5	SATA 6.0 Gb/s	No	€209.00	https://fi.pcpartpicker.com/product/t2mFf7/seagate-exos-enterprise-4-tb-35-7200rpm-internal-hard-drive-st4000nm002a
99	Seagate SkyHawk Surveillance 3 TB 3.5" 5900RPM Internal Hard Drive (ST3000VX009)	Seagate	3 TB	5900RPM	256 MB	3.5	SATA 6.0 Gb/s	No	€101.00	https://fi.pcpartpicker.com/product/BCGxFT/seagate-skyhawk-surveillance-3-tb-35-5900rpm-internal-hard-drive-st3000vx009
100	Toshiba P300 2 TB 3.5" 7200RPM Internal Hard Drive (HDWD120EZSTA)	Toshiba	2 TB	7200RPM	64 MB	3.5	SATA 6.0 Gb/s	No	€81.00	https://fi.pcpartpicker.com/product/xTNv6h/toshiba-p300-2tb-35-7200rpm-internal-hard-drive-hdwd120ezsta
101	Seagate SkyHawk Surveillance 8 TB 3.5" 7200RPM Internal Hard Drive (ST8000VX004)	Seagate	8 TB	7200RPM	256 MB	3.5	SATA 6.0 Gb/s	No	€268.00	https://fi.pcpartpicker.com/product/RR6qqs/seagate-skyhawk-surveillance-8-tb-35-7200rpm-internal-hard-drive-st8000vx004
102	Seagate SkyHawk Surveillance 8 TB 3.5" 7200RPM Internal Hard Drive (ST8000VX004)	Seagate	8 TB	7200RPM	256 MB	3.5	SATA 6.0 Gb/s	No	€268.00	https://fi.pcpartpicker.com/product/RR6qqs/seagate-skyhawk-surveillance-8-tb-35-7200rpm-internal-hard-drive-st8000vx004
103	Seagate EXOS Enterprise 6 TB 3.5" 7200RPM Internal Hard Drive (ST6000NM002A)	Seagate	6 TB	7200RPM	256 MB	3.5	SATA 6.0 Gb/s	No	€251.00	https://fi.pcpartpicker.com/product/GcH8TW/seagate-exos-enterprise-6-tb-35-7200rpm-internal-hard-drive-st6000nm002a
104	Seagate EXOS Enterprise 6 TB 3.5" 7200RPM Internal Hard Drive (ST6000NM021A)	Seagate	6 TB	7200RPM	256 MB	3.5	SATA 6.0 Gb/s	No	€252.00	https://fi.pcpartpicker.com/product/RC6qqs/seagate-exos-enterprise-6-tb-35-7200rpm-internal-hard-drive-st6000nm021a
105	Western Digital Purple 3 TB 3.5" 5400RPM Internal Hard Drive (WD30PURZ)	Western Digital	3 TB	5400RPM	64 MB	3.5	SATA 6.0 Gb/s	No	€108.00	https://fi.pcpartpicker.com/product/R68j4D/western-digital-purple-3tb-35-5400rpm-internal-hard-drive-wd30purz
106	Seagate Exos 7E8 2 TB 3.5" 7200RPM Internal Hard Drive (ST2000NM000A)	Seagate	2 TB	7200RPM	256 MB	3.5	SATA 6.0 Gb/s	No	€152.00	https://fi.pcpartpicker.com/product/KBhmP6/seagate-exos-7e8-2-tb-35-7200rpm-internal-hard-drive-st2000nm000a
107	Western Digital Purple Pro 12 TB 3.5" 7200RPM Internal Hard Drive (WD121PURP)	Western Digital	12 TB	7200RPM	256 MB	3.5	SATA 6.0 Gb/s	No	€374.00	https://fi.pcpartpicker.com/product/hnXJ7P/western-digital-12-tb-35-7200rpm-internal-hard-drive-wd121purp
108	Seagate Enterprise Performance 600 GB 2.5" 15000RPM Internal Hard Drive (ST600MP0006)	Seagate	600 GB	15000RPM	256 MB	2.5	SAS 12.0 Gb/s	No	€350.00	https://fi.pcpartpicker.com/product/tMsmP6/seagate-enterprise-performance-600-gb-25-15000rpm-internal-hard-drive-st600mp0006
109	Western Digital Purple 10 TB 3.5" 7200RPM Internal Hard Drive (WD102PURZ)	Western Digital	10 TB	7200RPM	256 MB	3.5	SATA 6.0 Gb/s	No	€369.90	https://fi.pcpartpicker.com/product/VhFKHx/western-digital-purple-10-tb-35-7200rpm-internal-hard-drive-wd102purz
110	Samsung 870 Evo 1 TB 2.5" Solid State Drive (MZ-77E1T0B/AM)	Samsung	1 TB	SSD	1024 MB	2.5	SATA 6.0 Gb/s	No	€124.90	https://fi.pcpartpicker.com/product/7nsnTW/samsung-870-evo-1-tb-25-solid-state-drive-mz-77e1t0bam
111	Kingston A400 240 GB 2.5" Solid State Drive (SA400S37/240G)	Kingston	240 GB	SSD		2.5	SATA 6.0 Gb/s	No	€34.90	https://fi.pcpartpicker.com/product/btDzK8/kingston-a400-240gb-25-solid-state-drive-sa400s37240g
112	Crucial MX500 1 TB 2.5" Solid State Drive (CT1000MX500SSD1)	Crucial	1 TB	SSD	1024 MB	2.5	SATA 6.0 Gb/s	No	€114.00	https://fi.pcpartpicker.com/product/h3tQzy/crucial-mx500-1tb-25-solid-state-drive-ct1000mx500ssd1
113	Samsung 870 Evo 500 GB 2.5" Solid State Drive (MZ-77E500B/AM)	Samsung	500 GB	SSD	512 MB	2.5	SATA 6.0 Gb/s	No	€69.99	https://fi.pcpartpicker.com/product/mRpmP6/samsung-870-evo-500-gb-25-solid-state-drive-mz-77e500bam
114	Samsung 870 QVO 8 TB 2.5" Solid State Drive (MZ-77Q8T0B/AM)	Samsung	8 TB	SSD		2.5	SATA 6.0 Gb/s	No	€749.90	https://fi.pcpartpicker.com/product/7Qvqqs/samsung-870-qvo-8-tb-25-solid-state-drive-mz-77q8t0bam
115	Samsung 870 Evo 2 TB 2.5" Solid State Drive (MZ-77E2T0B/AM)	Samsung	2 TB	SSD	2048 MB	2.5	SATA 6.0 Gb/s	No	€219.90	https://fi.pcpartpicker.com/product/3CmmP6/samsung-870-evo-2-tb-25-solid-state-drive-mz-77e2t0bam
116	Samsung 870 Evo 4 TB 2.5" Solid State Drive (MZ-77E4T0B/AM)	Samsung	4 TB	SSD	4096 MB	2.5	SATA 6.0 Gb/s	No	€459.90	https://fi.pcpartpicker.com/product/RBD7YJ/samsung-870-evo-4-tb-25-solid-state-drive-mz-77e4t0bam
117	Crucial MX500 2 TB 2.5" Solid State Drive (CT2000MX500SSD1)	Crucial	2 TB	SSD	2048 MB	2.5	SATA 6.0 Gb/s	No	€223.00	https://fi.pcpartpicker.com/product/nF8j4D/crucial-mx500-2tb-25-solid-state-drive-ct2000mx500ssd1
118	Western Digital Blue 1 TB 2.5" Solid State Drive (WDS100T2B0A)	Western Digital	1 TB	SSD		2.5	SATA 6.0 Gb/s	No	€119.90	https://fi.pcpartpicker.com/product/GTCD4D/western-digital-blue-1tb-25-solid-state-drive-wds100t2b0a
119	Crucial MX500 500 GB 2.5" Solid State Drive (CT500MX500SSD1)	Crucial	500 GB	SSD	512 MB	2.5	SATA 6.0 Gb/s	No	€71.00	https://fi.pcpartpicker.com/product/ft8j4D/crucial-mx500-500gb-25-solid-state-drive-ct500mx500ssd1
120	Kingston A400 120 GB 2.5" Solid State Drive (SA400S37/120G)	Kingston	120 GB	SSD		2.5	SATA 6.0 Gb/s	No	€29.00	https://fi.pcpartpicker.com/product/2FDzK8/kingston-a400-120gb-25-solid-state-drive-sa400s37120g
121	Kingston A400 480 GB 2.5" Solid State Drive (SA400S37/480G)	Kingston	480 GB	SSD		2.5	SATA 6.0 Gb/s	No	€56.90	https://fi.pcpartpicker.com/product/WGZ2FT/kingston-a400-480gb-25-solid-state-drive-sa400s37480g
122	Samsung 870 QVO 4 TB 2.5" Solid State Drive (MZ-77Q4T0B/AM)	Samsung	4 TB	SSD		2.5	SATA 6.0 Gb/s	No	€389.90	https://fi.pcpartpicker.com/product/9k3mP6/samsung-870-qvo-4-tb-25-solid-state-drive-mz-77q4t0bam
123	Western Digital Blue 500 GB 2.5" Solid State Drive (WDS500G2B0A)	Western Digital	500 GB	SSD		2.5	SATA 6.0 Gb/s	No	€80.00	https://fi.pcpartpicker.com/product/LRkj4D/western-digital-blue-500gb-25-solid-state-drive-wds500g2b0a
124	Crucial MX500 4 TB 2.5" Solid State Drive (CT4000MX500SSD1)	Crucial	4 TB	SSD		2.5	SATA 6.0 Gb/s	No	€432.00	https://fi.pcpartpicker.com/product/p7nypg/crucial-mx500-4-tb-25-solid-state-drive-ct4000mx500ssd1
125	Crucial MX500 250 GB 2.5" Solid State Drive (CT250MX500SSD1)	Crucial	250 GB	SSD	256 MB	2.5	SATA 6.0 Gb/s	No	€52.00	https://fi.pcpartpicker.com/product/4mkj4D/crucial-mx500-250gb-25-solid-state-drive-ct250mx500ssd1
126	Crucial BX500 480 GB 2.5" Solid State Drive (CT480BX500SSD1)	Crucial	480 GB	SSD		2.5	SATA 6.0 Gb/s	No	€62.00	https://fi.pcpartpicker.com/product/8R66Mp/crucial-bx500-480gb-25-solid-state-drive-ct480bx500ssd1
127	Samsung 870 Evo 250 GB 2.5" Solid State Drive (MZ-77E250B/AM)	Samsung	250 GB	SSD	512 MB	2.5	SATA 6.0 Gb/s	No	€56.90	https://fi.pcpartpicker.com/product/VZ4BD3/samsung-870-evo-250-gb-25-solid-state-drive-mz-77e250bam
128	PNY CS900 120 GB 2.5" Solid State Drive (SSD7CS900-120-PB)	PNY	120 GB	SSD		2.5	SATA 6.0 Gb/s	No	€24.90	https://fi.pcpartpicker.com/product/7x4NnQ/pny-cs900-120gb-25-solid-state-drive-ssd7cs900-120-pb
129	Western Digital Blue 2 TB 2.5" Solid State Drive (WDS200T2B0A)	Western Digital	2 TB	SSD		2.5	SATA 6.0 Gb/s	No	€236.00	https://fi.pcpartpicker.com/product/Mtprxr/western-digital-0-25-2000000rpm-internal-hard-drive-wds200t2b0a
130	Kingston A400 960 GB 2.5" Solid State Drive (SA400S37/960G)	Kingston	960 GB	SSD		2.5	SATA 6.0 Gb/s	No	€99.90	https://fi.pcpartpicker.com/product/hGprxr/kingston-a400-960-gb-25-solid-state-drive-sa400s37960g
131	PNY CS900 1 TB 2.5" Solid State Drive (SSD7CS900-1TB-RB)	PNY	1 TB	SSD		2.5	SATA 6.0 Gb/s	No	€86.90	https://fi.pcpartpicker.com/product/x83mP6/pny-cs900-1-tb-25-solid-state-drive-ssd7cs900-1tb-rb
132	PNY CS900 240 GB 2.5" Solid State Drive (SSD7CS900-240-RB)	PNY	240 GB	SSD		2.5	SATA 6.0 Gb/s	No	€32.90	https://fi.pcpartpicker.com/product/dF448d/pny-cs900-240gb-25-solid-state-drive-ssd7cs900-240-rb
133	Crucial BX500 240 GB 2.5" Solid State Drive (CT240BX500SSD1)	Crucial	240 GB	SSD		2.5	SATA 6.0 Gb/s	No	€43.00	https://fi.pcpartpicker.com/product/mdc48d/crucial-bx500-240gb-25-solid-state-drive-ct240bx500ssd1
134	Western Digital Blue 4 TB 2.5" Solid State Drive (WDS400T2B0A)	Western Digital	4 TB	SSD		2.5	SATA 6.0 Gb/s	No	€519.00	https://fi.pcpartpicker.com/product/xbtKHx/western-digital-blue-4-tb-25-solid-state-drive-wds400t2b0a
135	Western Digital Green 240 GB 2.5" Solid State Drive (WDS240G2G0A)	Western Digital	240 GB	SSD		2.5	SATA 6.0 Gb/s	No	€49.00	https://fi.pcpartpicker.com/product/9Bc48d/western-digital-green-240gb-25-solid-state-drive-wds240g2g0a
136	ADATA SU800 512 GB 2.5" Solid State Drive (ASU800SS-512GT-C)	ADATA	512 GB	SSD		2.5	SATA 6.0 Gb/s	No	€63.00	https://fi.pcpartpicker.com/product/V3mxFT/adata-ultimate-su800-512-gb-25-solid-state-drive-asu800ss-512gt-c
137	Western Digital Blue 250 GB 2.5" Solid State Drive (WDS250G2B0A)	Western Digital	250 GB	SSD		2.5	SATA 6.0 Gb/s	No	€62.00	https://fi.pcpartpicker.com/product/NhgzK8/western-digital-blue-250gb-25-solid-state-drive-wds250g2b0a
138	PNY CS900 480 GB 2.5" Solid State Drive (SSD7CS900-480-PB)	PNY	480 GB	SSD		2.5	SATA 6.0 Gb/s	No	€61.00	https://fi.pcpartpicker.com/product/Pzkj4D/pny-cs900-480gb-25-solid-state-drive-ssd7cs900-480-pb
139	ADATA SU800 256 GB 2.5" Solid State Drive (ASU800SS-256GT-C)	ADATA	256 GB	SSD		2.5	SATA 6.0 Gb/s	No	€48.00	https://fi.pcpartpicker.com/product/7YQRsY/adata-ultimate-su800-256-gb-25-solid-state-drive-asu800ss-256gt-c
140	Intel DC P4510 8 TB 2.5" Solid State Drive (SSDPE2KX080T801)	Intel	8 TB	SSD		2.5	U.2	No	€2090.00	https://fi.pcpartpicker.com/product/RtHRsY/intel-dc-p4510-8-tb-25-nvme-solid-state-drive-ssdpe2kx080t801
141	Kingston KC600 256 GB 2.5" Solid State Drive (SKC600/256G)	Kingston	256 GB	SSD		2.5	SATA 6.0 Gb/s	No	€57.00	https://fi.pcpartpicker.com/product/LFXYcf/kingston-kc600-256-gb-25-solid-state-drive-skc600256g
142	Kingston DC500R 7.68 TB 2.5" Solid State Drive (SEDC500R/7680G)	Kingston	7.68 TB	SSD		2.5	SATA 6.0 Gb/s	No	€1437.00	https://fi.pcpartpicker.com/product/xmbCmG/kingston-dc500r-768-tb-25-solid-state-drive-sedc500r7680g
143	Western Digital Red SA500 4 TB 2.5" Solid State Drive (WDS400T1R0A)	Western Digital	4 TB	SSD		2.5	SATA 6.0 Gb/s	No	€599.00	https://fi.pcpartpicker.com/product/p4pmP6/western-digital-red-sa500-4-tb-25-solid-state-drive-wds400t1r0a
144	Kingston KC600 512 GB 2.5" Solid State Drive (SKC600/512G)	Kingston	512 GB	SSD		2.5	SATA 6.0 Gb/s	No	€98.00	https://fi.pcpartpicker.com/product/GbkgXL/kingston-kc600-512-gb-25-solid-state-drive-skc600512g
145	Western Digital Green 480 GB 2.5" Solid State Drive (WDS480G2G0A)	Western Digital	480 GB	SSD		2.5	SATA 6.0 Gb/s	No	€62.00	https://fi.pcpartpicker.com/product/vBkj4D/western-digital-green-480-gb-25-solid-state-drive-wds480g2g0a
146	Kingston A400 1.92 TB 2.5" Solid State Drive (SA400S37/1920G)	Kingston	1.92 TB	SSD		2.5	SATA 6.0 Gb/s	No	€258.00	https://fi.pcpartpicker.com/product/TytKHx/kingston-a400-192-tb-25-solid-state-drive-sa400s371920g
147	Western Digital Red SA500 1 TB 2.5" Solid State Drive (WDS100T1R0A)	Western Digital	1 TB	SSD		2.5	SATA 6.0 Gb/s	No	€150.00	https://fi.pcpartpicker.com/product/hJn8TW/western-digital-red-sa500-1-tb-25-solid-state-drive-wds100t1r0a
148	PNY CS900 960 GB 2.5" Solid State Drive (SSD7CS900-960-PB)	PNY	960 GB	SSD		2.5	SATA 6.0 Gb/s	No	€99.00	https://fi.pcpartpicker.com/product/JkjJ7P/pny-cs900-960gb-25-solid-state-drive-ssd7cs900-960-pb
149	Western Digital Red SA500 2 TB 2.5" Solid State Drive (WDS200T1R0A)	Western Digital	2 TB	SSD		2.5	SATA 6.0 Gb/s	No	€301.00	https://fi.pcpartpicker.com/product/HDjNnQ/western-digital-red-sa500-2-tb-25-solid-state-drive-wds200t1r0a
150	Western Digital Red SA500 500 GB 2.5" Solid State Drive (WDS500G1R0A)	Western Digital	500 GB	SSD		2.5	SATA 6.0 Gb/s	No	€88.00	https://fi.pcpartpicker.com/product/XGJmP6/western-digital-red-sa500-500-gb-25-solid-state-drive-wds500g1r0a
151	Intel DC P4510 4 TB 2.5" Solid State Drive (SSDPE2KX040T801)	Intel	4 TB	SSD		2.5	U.2	No	€1063.00	https://fi.pcpartpicker.com/product/94F48d/intel-dc-p4510-4-tb-25-nvme-solid-state-drive-ssdpe2kx040t801
152	Kingston KC600B 512 GB 2.5" Solid State Drive (SKC600B/512G)	Kingston	512 GB	SSD		2.5	SATA 6.0 Gb/s	No	€117.00	https://fi.pcpartpicker.com/product/7TzFf7/kingston-kc600b-512-gb-25-solid-state-drive-skc600b512g
153	Kingston DC450R 7.68 TB 2.5" Solid State Drive (SEDC450R/7680G)	Kingston	7.68 TB	SSD		2.5	SATA 6.0 Gb/s	No	€1242.00	https://fi.pcpartpicker.com/product/8kxbt6/kingston-dc450r-768-tb-25-solid-state-drive-sedc450r7680g
154	Transcend TS128GSSD230S 128 GB 2.5" Solid State Drive (TS128GSSD230S)	Transcend	128 GB	SSD		2.5	SATA 6.0 Gb/s	No	€38.00	https://fi.pcpartpicker.com/product/98DzK8/transcend-128gb-25-solid-state-drive-ts128gssd230s
155	Kingston DC500M 3.84 TB 2.5" Solid State Drive (SEDC500M/3840G)	Kingston	3.84 TB	SSD		2.5	SATA 6.0 Gb/s	No	€1003.00	https://fi.pcpartpicker.com/product/bDstt6/kingston-dc500m-384-tb-25-solid-state-drive-sedc500m3840g
156	KIOXIA EXCERIA 480 GB 2.5" Solid State Drive (LTC10Z480GG8)	KIOXIA	480 GB	SSD		2.5	SATA 6.0 Gb/s	No	€56.00	https://fi.pcpartpicker.com/product/4rbTwP/kioxia-exceria-480-gb-25-solid-state-drive-ltc10z480gg8
157	Transcend TS32GSSD370S 32 GB 2.5" Solid State Drive (TS32GSSD370S)	Transcend	32 GB	SSD		2.5	SATA 6.0 Gb/s	No	€41.00	https://fi.pcpartpicker.com/product/sXPzK8/transcend-internal-hard-drive-ts32gssd370s
158	Transcend TS256GSSD230S 256 GB 2.5" Solid State Drive (TS256GSSD230S)	Transcend	256 GB	SSD		2.5	SATA 6.0 Gb/s	No	€53.00	https://fi.pcpartpicker.com/product/7CH48d/transcend-256gb-25-solid-state-drive-ts256gssd230s
159	Kingston KC600 2.048 TB 2.5" Solid State Drive (SKC600/2048G)	Kingston	2.048 TB	SSD		2.5	SATA 6.0 Gb/s	No	€313.00	https://fi.pcpartpicker.com/product/knbCmG/kingston-kc600-2048-tb-25-solid-state-drive-skc6002048g
160	Kingston KC600 2.048 TB 2.5" Solid State Drive (SKC600/2048G)	Kingston	2.048 TB	SSD		2.5	SATA 6.0 Gb/s	No	€313.00	https://fi.pcpartpicker.com/product/knbCmG/kingston-kc600-2048-tb-25-solid-state-drive-skc6002048g
161	Transcend TS512GSSD230S 512 GB 2.5" Solid State Drive (TS512GSSD230S)	Transcend	512 GB	SSD		2.5	SATA 6.0 Gb/s	No	€80.00	https://fi.pcpartpicker.com/product/VBkwrH/transcend-512gb-25-solid-state-drive-ts512gssd230s
162	Kingston KC600B 256 GB 2.5" Solid State Drive (SKC600B/256G)	Kingston	256 GB	SSD		2.5	SATA 6.0 Gb/s	No	€72.00	https://fi.pcpartpicker.com/product/9Gn8TW/kingston-kc600b-256-gb-25-solid-state-drive-skc600b256g
163	Kingston KC600B 256 GB 2.5" Solid State Drive (SKC600B/256G)	Kingston	256 GB	SSD		2.5	SATA 6.0 Gb/s	No	€72.00	https://fi.pcpartpicker.com/product/9Gn8TW/kingston-kc600b-256-gb-25-solid-state-drive-skc600b256g
164	Transcend TS120GSSD220S 120 GB 2.5" Solid State Drive (TS120GSSD220S)	Transcend	120 GB	SSD		2.5	SATA 6.0 Gb/s	No	€28.00	https://fi.pcpartpicker.com/product/p338TW/transcend-12gb-25-solid-state-drive-ts120gssd220s
165	Kingston SSDNOW DC500R 3.84 TB 2.5" Solid State Drive (SEDC500R/3840G)	Kingston	3.84 TB	SSD		2.5	SATA 6.0 Gb/s	No	€852.00	https://fi.pcpartpicker.com/product/2wcRsY/kingston-ssdnow-dc500r-384-tb-25-solid-state-drive-sedc500r3840g
166	Transcend TS240GSSD220S 240 GB 2.5" Solid State Drive (TS240GSSD220S)	Transcend	240 GB	SSD		2.5	SATA 6.0 Gb/s	No	€43.00	https://fi.pcpartpicker.com/product/tWyxFT/transcend-240gb-25-solid-state-drive-ts240gssd220s
167	Intel D3-S4510 3.84 TB 2.5" Solid State Drive (SSDSC2KB038T801)	Intel	3.84 TB	SSD		2.5	SATA 6.0 Gb/s	No	€933.00	https://fi.pcpartpicker.com/product/8fw7YJ/intel-d3-s4510-384-tb-25-solid-state-drive-ssdsc2kb038t801
168	KIOXIA EXCERIA 960 GB 2.5" Solid State Drive (LTC10Z960GG8)	KIOXIA	960 GB	SSD		2.5	SATA 6.0 Gb/s	No	€105.00	https://fi.pcpartpicker.com/product/fNbTwP/kioxia-exceria-960-gb-25-solid-state-drive-ltc10z960gg8
169	Transcend TS256GSSD370S 256 GB 2.5" Solid State Drive (TS256GSSD370S)	Transcend	256 GB	SSD		2.5	SATA 6.0 Gb/s	No	€151.00	https://fi.pcpartpicker.com/product/Gq4NnQ/transcend-internal-hard-drive-ts256gssd370s
170	Transcend TS64GSSD370S 64 GB 2.5" Solid State Drive (TS64GSSD370S)	Transcend	64 GB	SSD		2.5	SATA 6.0 Gb/s	No	€60.00	https://fi.pcpartpicker.com/product/DcYWGX/transcend-internal-hard-drive-ts64gssd370s
171	Kingston KC600 256 GB 2.5" Solid State Drive (SKC600MS256G)	Kingston	256 GB	SSD		2.5	SATA 6.0 Gb/s	No	€48.00	https://fi.pcpartpicker.com/product/3z6p99/kingston-kc600-256-gb-25-solid-state-drive-skc600ms256g
172	Kingston SSDNOW DC500M 480 GB 2.5" Solid State Drive (SEDC500M/480G)	Kingston	480 GB	SSD		2.5	SATA 6.0 Gb/s	No	€181.00	https://fi.pcpartpicker.com/product/83yqqs/kingston-ssdnow-dc500m-480-gb-25-solid-state-drive-sedc500m480g
173	Kingston KC600 256 GB 2.5" Solid State Drive (SKC600MS256G)	Kingston	256 GB	SSD		2.5	SATA 6.0 Gb/s	No	€48.00	https://fi.pcpartpicker.com/product/3z6p99/kingston-kc600-256-gb-25-solid-state-drive-skc600ms256g
174	Transcend TS480GSSD220S 480 GB 2.5" Solid State Drive (TS480GSSD220S)	Transcend	480 GB	SSD		2.5	SATA 6.0 Gb/s	No	€69.00	https://fi.pcpartpicker.com/product/yHnG3C/transcend-480gb-25-solid-state-drive-ts480gssd220s
175	Samsung 970 Evo Plus 1 TB M.2-2280 NVME Solid State Drive (MZ-V7S1T0B/AM)	Samsung	1 TB	SSD	1024 MB	M.2-2280	M.2 (M)	Yes	€136.90	https://fi.pcpartpicker.com/product/Zxw7YJ/samsung-970-evo-plus-1-tb-m2-2280-nvme-solid-state-drive-mz-v7s1t0bam
176	Samsung 970 Evo Plus 2 TB M.2-2280 NVME Solid State Drive (MZ-V7S2T0B/AM)	Samsung	2 TB	SSD	1024 MB	M.2-2280	M.2 (M)	Yes	€249.90	https://fi.pcpartpicker.com/product/Fv8j4D/samsung-970-evo-plus-2-tb-m2-2280-nvme-solid-state-drive-mz-v7s2t0bam
177	Samsung 980 Pro 2 TB M.2-2280 NVME Solid State Drive (MZ-V8P2T0B/AM)	Samsung	2 TB	SSD	2048 MB	M.2-2280	M.2 (M)	Yes	€299.90	https://fi.pcpartpicker.com/product/f3cRsY/samsung-980-pro-2-tb-m2-2280-nvme-solid-state-drive-mz-v8p2t0bam
178	Samsung 970 Evo Plus 500 GB M.2-2280 NVME Solid State Drive (MZ-V7S500B/AM)	Samsung	500 GB	SSD	512 MB	M.2-2280	M.2 (M)	Yes	€82.90	https://fi.pcpartpicker.com/product/TwWfrH/samsung-970-evo-plus-500-gb-m2-2280-nvme-solid-state-drive-mz-v7s500bam
179	Samsung 980 Pro 1 TB M.2-2280 NVME Solid State Drive (MZ-V8P1T0B/AM)	Samsung	1 TB	SSD	1024 MB	M.2-2280	M.2 (M)	Yes	€154.90	https://fi.pcpartpicker.com/product/DDWBD3/samsung-980-pro-1-tb-m2-2280-nvme-solid-state-drive-mz-v8p1t0bam
180	Western Digital Blue SN550 1 TB M.2-2280 NVME Solid State Drive (WDS100T2B0C)	Western Digital	1 TB	SSD		M.2-2280	M.2 (M)	Yes	€122.90	https://fi.pcpartpicker.com/product/BhmFf7/western-digital-blue-sn550-1-tb-m2-2280-nvme-solid-state-drive-wds100t2b0c
181	Western Digital Blue SN570 1 TB M.2-2280 NVME Solid State Drive (WDS100T3B0C)	Western Digital	1 TB	SSD		M.2-2280	M.2 (M)	Yes	€111.00	https://fi.pcpartpicker.com/product/3dvdnQ/western-digital-blue-sn570-1-tb-m2-2280-nvme-solid-state-drive-wds100t3b0c
182	Crucial P2 1 TB M.2-2280 NVME Solid State Drive (CT1000P2SSD8)	Crucial	1 TB	SSD		M.2-2280	M.2 (M)	Yes	€120.00	https://fi.pcpartpicker.com/product/KMkgXL/crucial-p2-1-tb-m2-2280-nvme-solid-state-drive-ct1000p2ssd8
183	Samsung 980 1 TB M.2-2280 NVME Solid State Drive (MZ-V8V1T0B/AM)	Samsung	1 TB	SSD		M.2-2280	M.2 (M)	Yes	€109.90	https://fi.pcpartpicker.com/product/mKBG3C/samsung-980-1-tb-m2-2280-nvme-solid-state-drive-mz-v8v1t0bam
184	Crucial P2 500 GB M.2-2280 NVME Solid State Drive (CT500P2SSD8)	Crucial	500 GB	SSD		M.2-2280	M.2 (M)	Yes	€72.00	https://fi.pcpartpicker.com/product/G9XYcf/crucial-p2-500-gb-m2-2280-nvme-solid-state-drive-ct500p2ssd8
185	Western Digital Black SN850 1 TB M.2-2280 NVME Solid State Drive (WDS100T1X0E)	Western Digital	1 TB	SSD		M.2-2280	M.2 (M)	Yes	€168.00	https://fi.pcpartpicker.com/product/W69tt6/western-digital-black-sn850-1-tb-m2-2280-nvme-solid-state-drive-wds100t1x0e
186	Western Digital Black SN850 2 TB M.2-2280 NVME Solid State Drive (WDS200T1X0E)	Western Digital	2 TB	SSD		M.2-2280	M.2 (M)	Yes	€334.00	https://fi.pcpartpicker.com/product/6LGnTW/western-digital-black-sn850-2-tb-m2-2280-nvme-solid-state-drive-wds200t1x0e
187	Western Digital Blue SN570 500 GB M.2-2280 NVME Solid State Drive (WDS500G3B0C)	Western Digital	500 GB	SSD		M.2-2280	M.2 (M)	Yes	€62.90	https://fi.pcpartpicker.com/product/9FH7YJ/western-digital-blue-sn570-500-gb-m2-2280-nvme-solid-state-drive-wds500g3b0c
188	Samsung 980 500 GB M.2-2280 NVME Solid State Drive (MZ-V8V500B/AM)	Samsung	500 GB	SSD		M.2-2280	M.2 (M)	Yes	€69.90	https://fi.pcpartpicker.com/product/m6rRsY/samsung-980-500-gb-m2-2280-nvme-solid-state-drive-mz-v8v500bam
189	Kingston NV1 500 GB M.2-2280 NVME Solid State Drive (SNVS/500G)	Kingston	500 GB	SSD		M.2-2280	M.2 (M)	Yes	€56.90	https://fi.pcpartpicker.com/product/H8XJ7P/kingston-nv1-500-gb-m2-2280-nvme-solid-state-drive-snvs500g
190	Crucial P2 2 TB M.2-2280 NVME Solid State Drive (CT2000P2SSD8)	Crucial	2 TB	SSD		M.2-2280	M.2 (M)	Yes	€218.00	https://fi.pcpartpicker.com/product/QggQzy/crucial-p2-2-tb-m2-2280-nvme-solid-state-drive-ct2000p2ssd8
191	Crucial P5 Plus 1 TB M.2-2280 NVME Solid State Drive (CT1000P5PSSD8)	Crucial	1 TB	SSD		M.2-2280	M.2 (M)	Yes	€175.00	https://fi.pcpartpicker.com/product/7nXJ7P/crucial-p5-plus-1-tb-m2-2280-nvme-solid-state-drive-ct1000p5pssd8
192	Samsung 980 Pro 500 GB M.2-2280 NVME Solid State Drive (MZ-V8P500B/AM)	Samsung	500 GB	SSD	512 MB	M.2-2280	M.2 (M)	Yes	€109.90	https://fi.pcpartpicker.com/product/w96qqs/samsung-980-pro-500-gb-m2-2280-nvme-solid-state-drive-mz-v8p500bam
193	Samsung 970 Evo Plus 250 GB M.2-2280 NVME Solid State Drive (MZ-V7S250B/AM)	Samsung	250 GB	SSD	512 MB	M.2-2280	M.2 (M)	Yes	€67.90	https://fi.pcpartpicker.com/product/BDYLrH/samsung-970-evo-plus-250-gb-m2-2280-nvme-solid-state-drive-mz-v7s250bam
194	Kingston NV1 1 TB M.2-2280 NVME Solid State Drive (SNVS/1000G)	Kingston	1 TB	SSD		M.2-2280	M.2 (M)	Yes	€99.90	https://fi.pcpartpicker.com/product/4NWzK8/kingston-nv1-1-tb-m2-2280-nvme-solid-state-drive-snvs1000g
195	Western Digital Black SN750 SE 1 TB M.2-2280 NVME Solid State Drive (WDS100T1B0E)	Western Digital	1 TB	SSD		M.2-2280	M.2 (M)	Yes	€139.00	https://fi.pcpartpicker.com/product/P8Z9TW/western-digital-wd_black-sn750-se-1-tb-m2-2280-nvme-solid-state-drive-wds100t1b0e
196	Western Digital Black SN750 1 TB M.2-2280 NVME Solid State Drive (WDS100T3X0C)	Western Digital	1 TB	SSD		M.2-2280	M.2 (M)	Yes	€143.00	https://fi.pcpartpicker.com/product/QQrmP6/western-digital-wd_black-sn750-1-tb-m2-2280-nvme-solid-state-drive-wds100t3x0c
197	Intel 660p 1.02 TB M.2-2280 NVME Solid State Drive (SSDPEKNW010T8X1)	Intel	1.02 TB	SSD		M.2-2280	M.2 (M)	Yes	€99.90	https://fi.pcpartpicker.com/product/9nhKHx/intel-660p-series-1tb-m2-2280-solid-state-drive-ssdpeknw010t8x1
198	Crucial P2 250 GB M.2-2280 NVME Solid State Drive (CT250P2SSD8)	Crucial	250 GB	SSD		M.2-2280	M.2 (M)	Yes	€49.00	https://fi.pcpartpicker.com/product/L3jNnQ/crucial-p2-250-gb-m2-2280-nvme-solid-state-drive-ct250p2ssd8
199	Western Digital Black SN850 500 GB M.2-2280 NVME Solid State Drive (WDS500G1X0E)	Western Digital	500 GB	SSD		M.2-2280	M.2 (M)	Yes	€114.00	https://fi.pcpartpicker.com/product/jhfFf7/western-digital-black-sn850-500-gb-m2-2280-nvme-solid-state-drive-wds500g1x0e
200	Crucial P5 Plus 2 TB M.2-2280 NVME Solid State Drive (CT2000P5PSSD8)	Crucial	2 TB	SSD		M.2-2280	M.2 (M)	Yes	€343.00	https://fi.pcpartpicker.com/product/VZWzK8/crucial-p5-plus-2-tb-m2-2280-nvme-solid-state-drive-ct2000p5pssd8
201	Western Digital Green SN350 2 TB M.2-2280 NVME Solid State Drive (WDS200T3G0C)	Western Digital	2 TB	SSD		M.2-2280	M.2 (M)	Yes	€217.00	https://fi.pcpartpicker.com/product/BJBG3C/western-digital-green-sn350-2-tb-m2-2280-nvme-solid-state-drive-wds200t3g0c
202	Samsung 980 Pro Heatsink 2 TB M.2-2280 NVME Solid State Drive (MZ-V8P2T0CW)	Samsung	2 TB	SSD	2048 MB	M.2-2280	M.2 (M)	Yes	€309.90	https://fi.pcpartpicker.com/product/fVC48d/samsung-980-pro-heatsink-2-tb-m2-2280-nvme-solid-state-drive-mz-v8p2t0cw
203	Intel 670p 1 TB M.2-2280 NVME Solid State Drive (SSDPEKNU010TZX1)	Intel	1 TB	SSD		M.2-2280	M.2 (M)	Yes	€128.00	https://fi.pcpartpicker.com/product/r4C48d/intel-670p-1-tb-m2-2280-nvme-solid-state-drive-ssdpeknu010tzx1
204	Western Digital Green SN350 960 GB M.2-2280 NVME Solid State Drive (WDS960G2G0C)	Western Digital	960 GB	SSD		M.2-2280	M.2 (M)	Yes	€111.00	https://fi.pcpartpicker.com/product/ngwypg/western-digital-green-sn350-960-gb-m2-2280-nvme-solid-state-drive-wds960g2g0c
205	Western Digital Blue SN550 2 TB M.2-2280 NVME Solid State Drive (WDS200T2B0C)	Western Digital	2 TB	SSD		M.2-2280	M.2 (M)	Yes	€219.00	https://fi.pcpartpicker.com/product/zNK2FT/western-digital-blue-sn550-2-tb-m2-2280-nvme-solid-state-drive-wds200t2b0c
206	Western Digital Green SN350 1 TB M.2-2280 NVME Solid State Drive (WDS100T3G0C)	Western Digital	1 TB	SSD		M.2-2280	M.2 (M)	Yes	€111.00	https://fi.pcpartpicker.com/product/zRnypg/western-digital-green-sn350-1-tb-m2-2280-nvme-solid-state-drive-wds100t3g0c
207	Western Digital Blue 1 TB M.2-2280 Solid State Drive (WDS100T2B0B)	Western Digital	1 TB	SSD		M.2-2280	M.2 (B+M)	No	€123.00	https://fi.pcpartpicker.com/product/DgJtt6/western-digital-blue-1tb-m2-2280-solid-state-drive-wds100t2b0b
208	Kingston NV1 2 TB M.2-2280 NVME Solid State Drive (SNVS/2000G)	Kingston	2 TB	SSD		M.2-2280	M.2 (M)	Yes	€179.90	https://fi.pcpartpicker.com/product/THRYcf/kingston-nv1-2-tb-m2-2280-nvme-solid-state-drive-snvs2000g
209	Western Digital Black SN750 SE 500 GB M.2-2280 NVME Solid State Drive (WDS500G1B0E)	Western Digital	500 GB	SSD		M.2-2280	M.2 (M)	Yes	€98.00	https://fi.pcpartpicker.com/product/vDwypg/western-digital-wd_black-sn750-se-500-gb-m2-2280-nvme-solid-state-drive-wds500g1b0e
210	Seagate FireCuda 520 2 TB M.2-2280 NVME Solid State Drive (ZP2000GM3A002)	Seagate	2 TB	SSD		M.2-2280	M.2 (M)	Yes	€381.00	https://fi.pcpartpicker.com/product/vMFKHx/seagate-firecuda-520-2-tb-m2-2280-nvme-solid-state-drive-zp2000gm3a002
211	ADATA XPG SX8200 Pro 1 TB M.2-2280 NVME Solid State Drive (ASX8200PNP-1TT-C)	ADATA	1 TB	SSD		M.2-2280	M.2 (M)	Yes	€140.00	https://fi.pcpartpicker.com/product/zR3H99/adata-sx8200-1-tb-m2-2280-solid-state-drive-asx8200pnp-1tt-c
212	Samsung 980 250 GB M.2-2280 NVME Solid State Drive (MZ-V8V250B/AM)	Samsung	250 GB	SSD		M.2-2280	M.2 (M)	Yes	€55.90	https://fi.pcpartpicker.com/product/VMbTwP/samsung-980-250-gb-m2-2280-nvme-solid-state-drive-mz-v8v250bam
213	Crucial P5 Plus 500 GB M.2-2280 NVME Solid State Drive (CT500P5PSSD8)	Crucial	500 GB	SSD		M.2-2280	M.2 (M)	Yes	€103.00	https://fi.pcpartpicker.com/product/9XM48d/crucial-p5-plus-500-gb-m2-2280-nvme-solid-state-drive-ct500p5pssd8
214	Kingston A400 240 GB M.2-2280 Solid State Drive (SA400M8/240G)	Kingston	240 GB	SSD		M.2-2280	M.2 (B+M)	No	€37.00	https://fi.pcpartpicker.com/product/xMqhP6/kingston-a400-240-gb-m2-2280-solid-state-drive-sa400m8240g
215	Kingston NV1 250 GB M.2-2280 NVME Solid State Drive (SNVS/250G)	Kingston	250 GB	SSD		M.2-2280	M.2 (M)	Yes	€39.90	https://fi.pcpartpicker.com/product/Yy92FT/kingston-nv1-250-gb-m2-2280-nvme-solid-state-drive-snvs250g
216	Western Digital Black SN750 2 TB M.2-2280 NVME Solid State Drive (WDS200T3X0C)	Western Digital	2 TB	SSD		M.2-2280	M.2 (M)	Yes	€258.00	https://fi.pcpartpicker.com/product/Fkprxr/western-digital-wd_black-sn750-2-tb-m2-2280-nvme-solid-state-drive-wds200t3x0c
217	Corsair MP600 PRO XT 2 TB M.2-2280 NVME Solid State Drive (CSSD-F2000GBMP600PXT)	Corsair	2 TB	SSD		M.2-2280	M.2 (M)	Yes	€402.00	https://fi.pcpartpicker.com/product/KVfnTW/corsair-mp600-pro-xt-2-tb-m2-2280-nvme-solid-state-drive-cssd-f2000gbmp600pxt
218	Samsung 980 Pro Heatsink 1 TB M.2-2280 NVME Solid State Drive (MZ-V8P1T0CW)	Samsung	1 TB	SSD	1024 MB	M.2-2280	M.2 (M)	Yes	€169.90	https://fi.pcpartpicker.com/product/4PYmP6/samsung-980-pro-heatsink-1-tb-m2-2280-nvme-solid-state-drive-mz-v8p1t0cw
219	Crucial P5 2 TB M.2-2280 NVME Solid State Drive (CT2000P5SSD8)	Crucial	2 TB	SSD		M.2-2280	M.2 (M)	Yes	€353.00	https://fi.pcpartpicker.com/product/dYCFf7/crucial-p5-2-tb-m2-2280-nvme-solid-state-drive-ct2000p5ssd8
220	Western Digital WDS200T1XHE w/Heatsink 2 TB M.2-2280 NVME Solid State Drive (WDS200T1XHE)	Western Digital	2 TB	SSD		M.2-2280	M.2 (M)	Yes	€358.00	https://fi.pcpartpicker.com/product/JJYQzy/western-digital-black-sn850-2-tb-m2-2280-nvme-solid-state-drive-wds200t1xhe
221	ADATA XPG SPECTRIX S40G RGB 1 TB M.2-2280 NVME Solid State Drive (AS40G-1TT-C)	ADATA	1 TB	SSD		M.2-2280	M.2 (M)	Yes	€135.00	https://fi.pcpartpicker.com/product/7WcRsY/adata-xpg-spectrix-s40g-rgb-1-tb-m2-2280-nvme-solid-state-drive-as40g-1tt-c
222	Kingston KC3000 1.024 TB M.2-2280 NVME Solid State Drive (SKC3000S/1024G)	Kingston	1.024 TB	SSD		M.2-2280	M.2 (M)	Yes	€164.90	https://fi.pcpartpicker.com/product/ccFbt6/kingston-kc3000-1024-tb-m2-2280-nvme-solid-state-drive-skc3000s1024g
223	ADATA XPG SX8200 Pro 512 GB M.2-2280 NVME Solid State Drive (ASX8200PNP-512GT-C)	ADATA	512 GB	SSD		M.2-2280	M.2 (M)	Yes	€79.00	https://fi.pcpartpicker.com/product/kVzkcf/adata-xpg-sx8200-pro-512-gb-m2-2280-solid-state-drive-asx8200pnp-512gt-c
224	Crucial P5 1 TB M.2-2280 NVME Solid State Drive (CT1000P5SSD8)	Crucial	1 TB	SSD		M.2-2280	M.2 (M)	Yes	€163.00	https://fi.pcpartpicker.com/product/yTTzK8/crucial-p5-1-tb-m2-2280-nvme-solid-state-drive-ct1000p5ssd8
225	Intel 670p 512 GB M.2-2280 NVME Solid State Drive (SSDPEKNU512GZX1)	Intel	512 GB	SSD		M.2-2280	M.2 (M)	Yes	€79.00	https://fi.pcpartpicker.com/product/bm8bt6/intel-670p-512-gb-m2-2280-nvme-solid-state-drive-ssdpeknu512gzx1
226	Seagate FireCuda 520 1 TB M.2-2280 NVME Solid State Drive (ZP1000GM3A002)	Seagate	1 TB	SSD		M.2-2280	M.2 (M)	Yes	€134.90	https://fi.pcpartpicker.com/product/nfpmP6/seagate-firecuda-520-1-tb-m2-2280-nvme-solid-state-drive-zp1000gm3a002
227	Western Digital Blue SN570 250 GB M.2-2280 NVME Solid State Drive (WDS250G3B0C)	Western Digital	250 GB	SSD		M.2-2280	M.2 (M)	Yes	€56.00	https://fi.pcpartpicker.com/product/RHJgXL/western-digital-blue-sn570-250-gb-m2-2280-nvme-solid-state-drive-wds250g3b0c
228	Kingston KC3000 4.096 TB M.2-2280 NVME Solid State Drive (SKC3000D/4096G)	Kingston	4.096 TB	SSD		M.2-2280	M.2 (M)	Yes	€1037.00	https://fi.pcpartpicker.com/product/yfGbt6/kingston-kc3000-4096-tb-m2-2280-nvme-solid-state-drive-skc3000d4096g
229	Corsair MP600 PRO XT 1 TB M.2-2280 NVME Solid State Drive (CSSD-F1000GBMP600PXT)	Corsair	1 TB	SSD		M.2-2280	M.2 (M)	Yes	€206.00	https://fi.pcpartpicker.com/product/gcBG3C/corsair-mp600-pro-xt-1-tb-m2-2280-nvme-solid-state-drive-cssd-f1000gbmp600pxt
230	Corsair MP600 PRO LPX 4 TB M.2-2280 NVME Solid State Drive (CSSD-F4000GBMP600PLP)	Corsair	4 TB	SSD		M.2-2280	M.2 (M)	Yes	€833.00	https://fi.pcpartpicker.com/product/q6ddnQ/corsair-mp600-pro-lpx-4-tb-m2-2280-nvme-solid-state-drive-cssd-f4000gbmp600plp
231	Gigabyte AORUS Gen4 1 TB M.2-2280 NVME Solid State Drive (GP-ASM2NE6100TTTD)	Gigabyte	1 TB	SSD		M.2-2280	M.2 (M)	Yes	€168.00	https://fi.pcpartpicker.com/product/KzK2FT/gigabyte-aorus-nvme-gen4-1-tb-m2-2280-solid-state-drive-gp-asm2ne6100tttd
232	Western Digital Blue 500 GB M.2-2280 Solid State Drive (WDS500G2B0B)	Western Digital	500 GB	SSD		M.2-2280	M.2 (B+M)	No	€76.00	https://fi.pcpartpicker.com/product/6j448d/western-digital-blue-500gb-m2-2280-solid-state-drive-wds500g2b0b
233	Western Digital Green SN350 480 GB M.2-2280 NVME Solid State Drive (WDS480G2G0C)	Western Digital	480 GB	SSD		M.2-2280	M.2 (M)	Yes	€61.00	https://fi.pcpartpicker.com/product/fzYmP6/western-digital-green-sn350-480-gb-m2-2280-nvme-solid-state-drive-wds480g2g0c
234	Gigabyte AORUS Gen4 7000s 2 TB M.2-2280 NVME Solid State Drive (GP-AG70S2TB)	Gigabyte	2 TB	SSD	2048 MB	M.2-2280	M.2 (M)	Yes	€339.00	https://fi.pcpartpicker.com/product/cpgFf7/gigabyte-aorus-gen4-7000s-2-tb-m2-2280-nvme-solid-state-drive-gp-ag70s2tb
235	Kingston KC3000 2.048 TB M.2-2280 NVME Solid State Drive (SKC3000D/2048G)	Kingston	2.048 TB	SSD		M.2-2280	M.2 (M)	Yes	€377.00	https://fi.pcpartpicker.com/product/sJPQzy/kingston-kc3000-2048-tb-m2-2280-nvme-solid-state-drive-skc3000d2048g
236	Samsung 860 Evo 1 TB M.2-2280 Solid State Drive (MZ-N6E1T0BW)	Samsung	1 TB	SSD	1024 MB	M.2-2280	M.2 (B+M)	No	€174.00	https://fi.pcpartpicker.com/product/wd97YJ/samsung-860-evo-1tb-m2-2280-solid-state-drive-mz-n6e1t0bw
237	Western Digital Green SN350 240 GB M.2-2280 NVME Solid State Drive (WDS240G2G0C)	Western Digital	240 GB	SSD		M.2-2280	M.2 (M)	Yes	€44.00	https://fi.pcpartpicker.com/product/4fH7YJ/western-digital-green-sn350-240-gb-m2-2280-nvme-solid-state-drive-wds240g2g0c
238	Corsair MP600 CORE 2 TB M.2-2280 NVME Solid State Drive (CSSD-F2000GBMP600COR)	Corsair	2 TB	SSD		M.2-2280	M.2 (M)	Yes	€311.00	https://fi.pcpartpicker.com/product/7pjNnQ/corsair-mp600-core-2-tb-m2-2280-nvme-solid-state-drive-cssd-f2000gbmp600cor
239	Kingston Fury Renegade 4 TB M.2-2280 NVME Solid State Drive (SFYRD/4000G)	Kingston	4 TB	SSD		M.2-2280	M.2 (M)	Yes	€1105.00	https://fi.pcpartpicker.com/product/3M2WGX/kingston-fury-renegade-4-tb-m2-2280-nvme-solid-state-drive-sfyrd4000g
240	ADATA XPG SX8200 Pro 2 TB M.2-2280 NVME Solid State Drive (ASX8200PNP-2TT-C)	ADATA	2 TB	SSD		M.2-2280	M.2 (M)	Yes	€219.90	https://fi.pcpartpicker.com/product/kQZzK8/adata-xpg-sx8200-pro-2-tb-m2-2280-nvme-solid-state-drive-asx8200pnp-2tt-c
241	Western Digital Blue 2 TB M.2-2280 Solid State Drive (WDS200T2B0B)	Western Digital	2 TB	SSD		M.2-2280	M.2 (B+M)	No	€234.00	https://fi.pcpartpicker.com/product/CXvbt6/western-digital-blue-2tb-m2-2280-solid-state-drive-wds200t2b0b
242	Kingston A400 120 GB M.2-2280 Solid State Drive (SA400M8/120G)	Kingston	120 GB	SSD		M.2-2280	M.2 (B+M)	No	€30.00	https://fi.pcpartpicker.com/product/8BNv6h/kingston-a400-120-gb-m2-2280-solid-state-drive-sa400m8120g
243	Gigabyte AORUS Gen4 7000s 1 TB M.2-2280 NVME Solid State Drive (GP-AG70S1TB)	Gigabyte	1 TB	SSD	1024 MB	M.2-2280	M.2 (M)	Yes	€181.00	https://fi.pcpartpicker.com/product/gMpzK8/gigabyte-aorus-gen4-7000s-1-tb-m2-2280-nvme-solid-state-drive-gp-ag70s1tb
244	Western Digital WDS100T1XHE w/Heatsink 1 TB M.2-2280 NVME Solid State Drive (WDS100T1XHE)	Western Digital	1 TB	SSD		M.2-2280	M.2 (M)	Yes	€210.00	https://fi.pcpartpicker.com/product/PwNgXL/western-digital-black-sn850-1-tb-m2-2280-nvme-solid-state-drive-wds100t1xhe
245	Gigabyte AORUS Gen4 2 TB M.2-2280 NVME Solid State Drive (GP-ASM2NE6200TTTD)	Gigabyte	2 TB	SSD		M.2-2280	M.2 (M)	Yes	€282.00	https://fi.pcpartpicker.com/product/QmPgXL/gigabyte-aorus-nvme-gen4-2-tb-m2-2280-solid-state-drive-gp-asm2ne6200tttd
246	ADATA XPG SPECTRIX S40G RGB 512 GB M.2-2280 NVME Solid State Drive (AS40G-512GT-C)	ADATA	512 GB	SSD		M.2-2280	M.2 (M)	Yes	€65.00	https://fi.pcpartpicker.com/product/s2848d/adata-xpg-spectrix-s40g-rgb-512-gb-m2-2280-nvme-solid-state-drive-as40g-512gt-c
247	Western Digital Green 240 GB M.2-2280 Solid State Drive (WDS240G2G0B)	Western Digital	240 GB	SSD		M.2-2280	M.2 (B+M)	No	€41.00	https://fi.pcpartpicker.com/product/4697YJ/western-digital-green-240-gb-m2-2280-solid-state-drive-wds240g2g0b
248	Corsair MP600 CORE 1 TB M.2-2280 NVME Solid State Drive (CSSD-F1000GBMP600COR)	Corsair	1 TB	SSD		M.2-2280	M.2 (M)	Yes	€149.90	https://fi.pcpartpicker.com/product/RgTzK8/corsair-mp600-core-1-tb-m2-2280-nvme-solid-state-drive-cssd-f1000gbmp600cor
249	ADATA XPG SX6000 Pro 256 GB M.2-2280 NVME Solid State Drive (ASX6000PNP-256GT-C)	ADATA	256 GB	SSD		M.2-2280	M.2 (M)	Yes	€43.00	https://fi.pcpartpicker.com/product/78c48d/adata-xpg-sx6000-pro-256-gb-m2-2280-solid-state-drive-asx6000pnp-256gt-c
250	Kingston Fury Renegade 1 TB M.2-2280 NVME Solid State Drive (SFYRS/1000G)	Kingston	1 TB	SSD		M.2-2280	M.2 (M)	Yes	€191.00	https://fi.pcpartpicker.com/product/QxkWGX/kingston-fury-renegade-1-tb-m2-2280-nvme-solid-state-drive-sfyrs1000g
251	Samsung 970 Pro 1 TB M.2-2280 NVME Solid State Drive (MZ-V7P1T0BW)	Samsung	1 TB	SSD	1024 MB	M.2-2280	M.2 (M)	Yes	€292.00	https://fi.pcpartpicker.com/product/g6Nv6h/samsung-970-pro-10tb-m2-2280-solid-state-drive-mz-v7p1t0bw
252	Crucial P5 500 GB M.2-2280 NVME Solid State Drive (CT500P5SSD8)	Crucial	500 GB	SSD		M.2-2280	M.2 (M)	Yes	€96.00	https://fi.pcpartpicker.com/product/sCn8TW/crucial-p5-500-gb-m2-2280-nvme-solid-state-drive-ct500p5ssd8
253	Gigabyte GP-GSM2NE3100TNTD 1 TB M.2-2280 NVME Solid State Drive (GP-GSM2NE3100TNTD)	Gigabyte	1 TB	SSD		M.2-2280	M.2 (M)	Yes	€129.00	https://fi.pcpartpicker.com/product/nKDkcf/gigabyte-1-tb-m2-2280-nvme-solid-state-drive-gp-gsm2ne3100tntd
254	Kingston Fury Renegade 2 TB M.2-2280 NVME Solid State Drive (SFYRD/2000G)	Kingston	2 TB	SSD		M.2-2280	M.2 (M)	Yes	€349.90	https://fi.pcpartpicker.com/product/FyZ9TW/kingston-fury-renegade-2-tb-m2-2280-nvme-solid-state-drive-sfyrd2000g
255	Western Digital Green 480 GB M.2-2280 Solid State Drive (WDS480G2G0B)	Western Digital	480 GB	SSD		M.2-2280	M.2 (B+M)	No	€57.00	https://fi.pcpartpicker.com/product/f697YJ/western-digital-green-480-gb-m2-2280-solid-state-drive-wds480g2g0b
256	Seagate FireCuda 530 2 TB M.2-2280 NVME Solid State Drive (ZP2000GM3A023)	Seagate	2 TB	SSD		M.2-2280	M.2 (M)	Yes	€409.00	https://fi.pcpartpicker.com/product/DNxRsY/seagate-firecuda-530-2-tb-m2-2280-nvme-solid-state-drive-zp2000gm3a023
257	Western Digital Red 4 TB M.2-2280 NVME Solid State Drive (WDS400T1R0C)	Western Digital	4 TB	SSD		M.2-2280	M.2 (M)	Yes	€644.00	https://fi.pcpartpicker.com/product/8hYmP6/western-digital-wd-red-sn700-4-tb-m2-2280-nvme-solid-state-drive-wds400t1r0c
258	Corsair MP510 240 GB M.2-2280 NVME Solid State Drive (CSSD-F240GBMP510)	Corsair	240 GB	SSD		M.2-2280	M.2 (M)	Yes	€65.00	https://fi.pcpartpicker.com/product/fmhKHx/corsair-mp510-240gb-m2-2280-solid-state-drive-cssd-f240gbmp510
259	Kingston KC3000 512 GB M.2-2280 NVME Solid State Drive (SKC3000S/512G)	Kingston	512 GB	SSD		M.2-2280	M.2 (M)	Yes	€131.00	https://fi.pcpartpicker.com/product/Cy92FT/kingston-kc3000-512-gb-m2-2280-nvme-solid-state-drive-skc3000s512g
260	Corsair MP600 PRO 1 TB M.2-2280 NVME Solid State Drive (CSSD-F1000GBMP600PRO)	Corsair	1 TB	SSD		M.2-2280	M.2 (M)	Yes	€194.00	https://fi.pcpartpicker.com/product/9txbt6/corsair-mp600-pro-1-tb-m2-2280-nvme-solid-state-drive-cssd-f1000gbmp600pro
261	Intel 670p 2 TB M.2-2280 NVME Solid State Drive (SSDPEKNU020TZX1)	Intel	2 TB	SSD		M.2-2280	M.2 (M)	Yes	€218.00	https://fi.pcpartpicker.com/product/2vVmP6/intel-670p-2-tb-m2-2280-nvme-solid-state-drive-ssdpeknu020tzx1
262	Seagate FireCuda 530 1 TB M.2-2280 NVME Solid State Drive (ZP1000GM3A023)	Seagate	1 TB	SSD		M.2-2280	M.2 (M)	Yes	€222.00	https://fi.pcpartpicker.com/product/MdddnQ/seagate-firecuda-530-1-tb-m2-2280-nvme-solid-state-drive-zp1000gm3a023
263	Corsair MP600 PRO 2 TB M.2-2280 NVME Solid State Drive (CSSD-F2000GBMP600PRO)	Corsair	2 TB	SSD		M.2-2280	M.2 (M)	Yes	€355.00	https://fi.pcpartpicker.com/product/mFJmP6/corsair-mp600-pro-2-tb-m2-2280-nvme-solid-state-drive-cssd-f2000gbmp600pro
264	Seagate FireCuda 520 500 GB M.2-2280 NVME Solid State Drive (ZP500GM3A002)	Seagate	500 GB	SSD		M.2-2280	M.2 (M)	Yes	€109.90	https://fi.pcpartpicker.com/product/Mh9tt6/seagate-firecuda-520-500-gb-m2-2280-nvme-solid-state-drive-zp500gm3a002
265	Corsair MP600 PRO 4 TB M.2-2280 NVME Solid State Drive (CSSD-F4000GBMP600PRO)	Corsair	4 TB	SSD		M.2-2280	M.2 (M)	Yes	€810.00	https://fi.pcpartpicker.com/product/LJBG3C/corsair-mp600-pro-4-tb-m2-2280-nvme-solid-state-drive-cssd-f4000gbmp600pro
266	ADATA XPG SX8200 Pro 256 GB M.2-2280 NVME Solid State Drive (ASX8200PNP-256GT-C)	ADATA	256 GB	SSD		M.2-2280	M.2 (M)	Yes	€49.00	https://fi.pcpartpicker.com/product/rdQG3C/adata-xpg-sx8200-pro-256-gb-m2-2280-solid-state-drive-asx8200pnp-256gt-c
267	Western Digital Blue 250 GB M.2-2280 Solid State Drive (WDS250G2B0B)	Western Digital	250 GB	SSD		M.2-2280	M.2 (B+M)	No	€56.00	https://fi.pcpartpicker.com/product/w27v6h/western-digital-blue-250gb-m2-2280-solid-state-drive-wds250g2b0b
268	Corsair MP600 PRO LPX 1 TB M.2-2280 NVME Solid State Drive (CSSD-F1000GBMP600PLP)	Corsair	1 TB	SSD		M.2-2280	M.2 (M)	Yes	€205.00	https://fi.pcpartpicker.com/product/txjBD3/corsair-mp600-pro-lpx-1-tb-m2-2280-nvme-solid-state-drive-cssd-f1000gbmp600plp
269	PNY XLR8 CS3040 2 TB M.2-2280 NVME Solid State Drive (M280CS3040-2TB-RB)	PNY	2 TB	SSD		M.2-2280	M.2 (M)	Yes	€299.00	https://fi.pcpartpicker.com/product/WRGbt6/pny-xlr8-cs03040-2-tb-m2-2280-nvme-solid-state-drive-m280cs3040-2tb-rb
270	ADATA XPG SPECTRIX S40G RGB 256 GB M.2-2280 NVME Solid State Drive (AS40G-256GT-C)	ADATA	256 GB	SSD		M.2-2280	M.2 (M)	Yes	€52.00	https://fi.pcpartpicker.com/product/cXkgXL/adata-xpg-spectrix-s40g-rgb-256-gb-m2-2280-nvme-solid-state-drive-as40g-256gt-c
271	Corsair MP510 480 GB M.2-2280 NVME Solid State Drive (CSSD-F480GBMP510B)	Corsair	480 GB	SSD		M.2-2280	M.2 (M)	Yes	€109.00	https://fi.pcpartpicker.com/product/zDhmP6/corsair-mp510-480-gb-m2-2280-nvme-solid-state-drive-cssd-f480gbmp510b
272	Corsair MP600 PRO LPX 2 TB M.2-2280 NVME Solid State Drive (CSSD-F2000GBMP600PLP)	Corsair	2 TB	SSD		M.2-2280	M.2 (M)	Yes	€375.00	https://fi.pcpartpicker.com/product/gTRYcf/corsair-mp600-pro-lpx-2-tb-m2-2280-nvme-solid-state-drive-cssd-f2000gbmp600plp
273	PNY CS2130 500 GB M.2-2280 NVME Solid State Drive (M280CS2130-500-RB)	PNY	500 GB	SSD		M.2-2280	M.2 (M)	Yes	€76.00	https://fi.pcpartpicker.com/product/qmcRsY/pny-cs2130-500-gb-m2-2280-nvme-solid-state-drive-m280cs2130-500-rb
274	Corsair MP510 960 GB M.2-2280 NVME Solid State Drive (CSSD-F960GBMP510B)	Corsair	960 GB	SSD		M.2-2280	M.2 (M)	Yes	€162.00	https://fi.pcpartpicker.com/product/BVbCmG/corsair-mp510-960-gb-m2-2280-nvme-solid-state-drive-cssd-f960gbmp510b
275	Corsair CSSD-F4000GBMP600PXT 4 TB M.2-2280 NVME Solid State Drive (CSSD-F4000GBMP600PXT)	Corsair	4 TB	SSD		M.2-2280	M.2 (M)	Yes	€838.00	https://fi.pcpartpicker.com/product/FLpzK8/corsair-4-tb-m2-2280-nvme-solid-state-drive-cssd-f4000gbmp600pxt
276	Corsair MP600 1 TB M.2-2280 NVME Solid State Drive (CSSD-F1000GBMP600R2)	Corsair	1 TB	SSD		M.2-2280	M.2 (M)	Yes	€168.00	https://fi.pcpartpicker.com/product/6QgFf7/corsair-mp600-1-tb-m2-2280-nvme-solid-state-drive-cssd-f1000gbmp600r2
277	Seagate BarraCuda 510 500 GB M.2-2280 NVME Solid State Drive (ZP500CM3A001)	Seagate	500 GB	SSD		M.2-2280	M.2 (M)	Yes	€131.00	https://fi.pcpartpicker.com/product/LZQfrH/seagate-barracuda-510-500-gb-m2-2280-nvme-solid-state-drive-zp500cm3a001
278	PNY CS2130 1 TB M.2-2280 NVME Solid State Drive (M280CS2130-1TB-RB)	PNY	1 TB	SSD		M.2-2280	M.2 (M)	Yes	€135.00	https://fi.pcpartpicker.com/product/KpsnTW/pny-cs2130-1-tb-m2-2280-nvme-solid-state-drive-m280cs2130-1tb-rb
279	Transcend 110S 128 GB M.2-2280 NVME Solid State Drive (TS128GMTE110S)	Transcend	128 GB	SSD		M.2-2280	M.2 (M)	Yes	€30.00	https://fi.pcpartpicker.com/product/qfPgXL/transcend-110s-128-gb-m2-2280-nvme-solid-state-drive-ts128gmte110s
280	ADATA XPG SPECTRIX S40G RGB 2 TB M.2-2280 NVME Solid State Drive (AS40G-2TT-C)	ADATA	2 TB	SSD		M.2-2280	M.2 (M)	Yes	€229.00	https://fi.pcpartpicker.com/product/K7FKHx/adata-xpg-spectrix-s40g-rgb-2-tb-m2-2280-nvme-solid-state-drive-as40g-2tt-c
281	Intel DC P4511 1 TB M.2-22110 NVME Solid State Drive (SSDPELKX010T801)	Intel	1 TB	SSD		M.2-22110	M.2 (M)	Yes	€386.00	https://fi.pcpartpicker.com/product/BsTPxr/intel-dc-p4511-1-tb-m2-22110-nvme-solid-state-drive-ssdpelkx010t801
282	Crucial P5 250 GB M.2-2280 NVME Solid State Drive (CT250P5SSD8)	Crucial	250 GB	SSD		M.2-2280	M.2 (M)	Yes	€68.00	https://fi.pcpartpicker.com/product/cv7p99/crucial-p5-250-gb-m2-2280-nvme-solid-state-drive-ct250p5ssd8
283	Western Digital Black SN750 500 GB M.2-2280 NVME Solid State Drive (WDS500G3XHC)	Western Digital	500 GB	SSD		M.2-2280	M.2 (M)	Yes	€120.00	https://fi.pcpartpicker.com/product/3D97YJ/western-digital-wd_black-sn750-500-gb-m2-2280-nvme-solid-state-drive-wds500g3xhc
284	Corsair MP510 4 TB M.2-2280 NVME Solid State Drive (CSSD-F4000GBMP510)	Corsair	4 TB	SSD		M.2-2280	M.2 (M)	Yes	€770.00	https://fi.pcpartpicker.com/product/ghwkcf/corsair-mp510-4-tb-m2-2280-nvme-solid-state-drive-cssd-f4000gbmp510
285	Corsair MP600 PRO LPX 500 GB M.2-2280 NVME Solid State Drive (CSSD-F0500GBMP600PLP)	Corsair	500 GB	SSD		M.2-2280	M.2 (M)	Yes	€124.00	https://fi.pcpartpicker.com/product/pjC48d/corsair-mp600-pro-lpx-500-gb-m2-2280-nvme-solid-state-drive-cssd-f0500gbmp600plp
286	Kingston Fury Renegade 500 GB M.2-2280 NVME Solid State Drive (SFYRS/500G)	Kingston	500 GB	SSD		M.2-2280	M.2 (M)	Yes	€119.90	https://fi.pcpartpicker.com/product/Kdt9TW/kingston-fury-renegade-500-gb-m2-2280-nvme-solid-state-drive-sfyrs500g
287	Western Digital Black SN750 2 TB M.2-2280 NVME Solid State Drive (WDS200T3XHC)	Western Digital	2 TB	SSD		M.2-2280	M.2 (M)	Yes	€333.00	https://fi.pcpartpicker.com/product/9zQG3C/western-digital-wd_black-sn750-2-tb-m2-2280-nvme-solid-state-drive-wds200t3xhc
288	Western Digital Black SN750 SE 250 GB M.2-2280 NVME Solid State Drive (WDS250G1B0E)	Western Digital	250 GB	SSD		M.2-2280	M.2 (M)	Yes	€74.00	https://fi.pcpartpicker.com/product/JphFf7/western-digital-wd_black-sn750-se-250-gb-m2-2280-nvme-solid-state-drive-wds250g1b0e
289	Western Digital Black SN750 4 TB M.2-2280 NVME Solid State Drive (WDS400T3X0C)	Western Digital	4 TB	SSD		M.2-2280	M.2 (M)	Yes	€1299.00	https://fi.pcpartpicker.com/product/tPpzK8/western-digital-black-sn750-4-tb-m2-2280-nvme-solid-state-drive-wds400t3x0c
290	PNY XLR8 CS3040 500 GB M.2-2280 NVME Solid State Drive (M280CS3040-500-RB)	PNY	500 GB	SSD		M.2-2280	M.2 (M)	Yes	€124.90	https://fi.pcpartpicker.com/product/Y4pzK8/pny-xlr8-cs03040-500-gb-m2-2280-nvme-solid-state-drive-m280cs3040-500-rb
291	Gigabyte AORUS 500 GB M.2-2280 NVME Solid State Drive (GP-ASM2NE6500GTTD)	Gigabyte	500 GB	SSD	512 MB	M.2-2280	M.2 (M)	Yes	€107.00	https://fi.pcpartpicker.com/product/88YQzy/gigabyte-aorus-500-gb-m2-2280-nvme-solid-state-drive-gp-asm2ne6500gttd
292	Intel DC P4511 2 TB M.2-22110 NVME Solid State Drive (SSDPELKX020T801)	Intel	2 TB	SSD		M.2-22110	M.2 (M)	Yes	€674.00	https://fi.pcpartpicker.com/product/kD848d/intel-dc-p4511-2-tb-m2-22110-nvme-solid-state-drive-ssdpelkx020t801
293	PNY CS3140 2 TB M.2-2280 NVME Solid State Drive (M280CS3140-2TB-RB)	PNY	2 TB	SSD		M.2-2280	M.2 (M)	Yes	€398.00	https://fi.pcpartpicker.com/product/6HGbt6/pny-cs3140-2-tb-m2-2280-nvme-solid-state-drive-m280cs3140-2tb-rb
294	Western Digital Red SA500 2 TB M.2-2280 Solid State Drive (WDS200T1R0B)	Western Digital	2 TB	SSD		M.2-2280	M.2 (B+M)	No	€296.00	https://fi.pcpartpicker.com/product/Kgn8TW/western-digital-red-sa500-2-tb-m2-2280-solid-state-drive-wds200t1r0b
295	Corsair MP510 1.92 TB M.2-2280 NVME Solid State Drive (CSSD-F1920GBMP510)	Corsair	1.92 TB	SSD		M.2-2280	M.2 (M)	Yes	€254.90	https://fi.pcpartpicker.com/product/L7Jtt6/corsair-mp510-19tb-m2-2280-solid-state-drive-cssd-f1920gbmp510
296	Transcend 110S 256 GB M.2-2280 NVME Solid State Drive (TS256GMTE110S)	Transcend	256 GB	SSD		M.2-2280	M.2 (M)	Yes	€45.00	https://fi.pcpartpicker.com/product/KTJmP6/transcend-110s-256-gb-m2-2280-nvme-solid-state-drive-ts256gmte110s
297	Western Digital Red 500 GB M.2-2280 NVME Solid State Drive (WDS500G1R0C)	Western Digital	500 GB	SSD		M.2-2280	M.2 (M)	Yes	€97.00	https://fi.pcpartpicker.com/product/xhYmP6/western-digital-wd-red-sn700-500-gb-m2-2280-nvme-solid-state-drive-wds500g1r0c
298	Western Digital Red SA500 1 TB M.2-2280 Solid State Drive (WDS100T1R0B)	Western Digital	1 TB	SSD		M.2-2280	M.2 (B+M)	No	€153.00	https://fi.pcpartpicker.com/product/qyWBD3/western-digital-red-sa500-1-tb-m2-2280-solid-state-drive-wds100t1r0b
299	Western Digital Red 250 GB M.2-2280 NVME Solid State Drive (WDS250G1R0C)	Western Digital	250 GB	SSD		M.2-2280	M.2 (M)	Yes	€70.00	https://fi.pcpartpicker.com/product/mVLFf7/western-digital-wd-red-sn700-250-gb-m2-2280-nvme-solid-state-drive-wds250g1r0c
300	Western Digital Red SA500 500 GB M.2-2280 Solid State Drive (WDS500G1R0B)	Western Digital	500 GB	SSD		M.2-2280	M.2 (B+M)	No	€90.00	https://fi.pcpartpicker.com/product/gmCFf7/western-digital-red-sa500-500-gb-m2-2280-solid-state-drive-wds500g1r0b
301	Western Digital Red 2 TB M.2-2280 NVME Solid State Drive (WDS200T1R0C)	Western Digital	2 TB	SSD		M.2-2280	M.2 (M)	Yes	€303.00	https://fi.pcpartpicker.com/product/Pm7G3C/western-digital-wd-red-sn700-2-tb-m2-2280-nvme-solid-state-drive-wds200t1r0c
