id,Name,Manufacturer,Fan RPM,Noise Level,Color,Height,Water Cooled,Fanless,Price,Url
1,Corsair iCUE H150i ELITE CAPELLIX 75 CFM Liquid CPU Cooler (CW-9060048-WW),Corsair,2400 RPM,10 - 37 dB,Black,,Yes - 360 mm,No,€187.90,https://fi.pcpartpicker.com/product/8jFKHx/corsair-icue-h150i-elite-capellix-75-cfm-liquid-cpu-cooler-cw-9060048-ww
2,Cooler Master MASTERLIQUID ML240L RGB V2 65.59 CFM Liquid CPU Cooler (MLW-D24M-A18PC-R2),Cooler Master,650 - 1800 RPM,6 - 27 dB,Black,,Yes - 240 mm,No,€82.90,https://fi.pcpartpicker.com/product/fLFKHx/cooler-master-masterliquid-ml240l-rgb-v2-6559-cfm-liquid-cpu-cooler-mlw-d24m-a18pc-r2
3,NZXT Kraken X53 73.11 CFM Liquid CPU Cooler (RL-KRX53-01),NZXT,500 - 2000 RPM,21 - 36 dB,Black,,Yes - 240 mm,No,€134.90,https://fi.pcpartpicker.com/product/PVfFf7/nzxt-kraken-x53-7311-cfm-liquid-cpu-cooler-rl-krx53-01
4,Noctua NH-D15 chromax.black 82.52 CFM CPU Cooler (NH-D15 CHROMAX.BLACK),Noctua,300 - 1500 RPM,19.2 - 24.6 dB,Black,165 mm,No,No,€107.90,https://fi.pcpartpicker.com/product/84MTwP/noctua-nh-d15-chromaxblack-8252-cfm-cpu-cooler-nh-d15-chromaxblack
5,Corsair iCUE H100i ELITE CAPELLIX 75 CFM Liquid CPU Cooler (CW-9060046-WW),Corsair,2400 RPM,10 - 37 dB,Black,,Yes - 240 mm,No,€164.00,https://fi.pcpartpicker.com/product/VDWBD3/corsair-icue-h100i-elite-capellix-75-cfm-liquid-cpu-cooler-cw-9060046-ww
6,be quiet! Dark Rock Pro 4 50.5 CFM CPU Cooler (BK022),be quiet!,1500 RPM,12.8 - 24.3 dB,Black,163 mm,No,No,€89.90,https://fi.pcpartpicker.com/product/F3gzK8/be-quiet-dark-rock-pro-4-505-cfm-cpu-cooler-bk022
7,NZXT Kraken Z73 73.11 CFM Liquid CPU Cooler (RL-KRZ73-01),NZXT,500 - 1800 RPM,21 - 36 dB,Black,,Yes - 360 mm,No,€259.00,https://fi.pcpartpicker.com/product/htkgXL/nzxt-kraken-z73-7311-cfm-liquid-cpu-cooler-rl-krz73-01
8,NZXT Kraken X63 98.17 CFM Liquid CPU Cooler (RL-KRX63-01),NZXT,500 - 2000 RPM,21 - 38 dB,Black,,Yes - 280 mm,No,€132.90,https://fi.pcpartpicker.com/product/JfVG3C/nzxt-kraken-x63-9817-cfm-liquid-cpu-cooler-rl-krx63-01
9,Corsair iCUE H150i ELITE CAPELLIX 75 CFM Liquid CPU Cooler (CW-9060051-WW),Corsair,2400 RPM,10 - 37 dB,White,,Yes - 360 mm,No,€189.90,https://fi.pcpartpicker.com/product/7PxRsY/corsair-icue-h150i-elite-capellix-75-cfm-liquid-cpu-cooler-cw-9060051-ww
10,Noctua NH-D15 82.5 CFM CPU Cooler (NH-D15),Noctua,300 - 1500 RPM,19.2 - 24.6 dB,,165 mm,No,No,€89.90,https://fi.pcpartpicker.com/product/4vzv6h/noctua-nh-d15-825-cfm-cpu-cooler-nh-d15
11,Noctua NH-U12S chromax.black 55 CFM CPU Cooler (NH-U12S chromax.black),Noctua,300 - 1500 RPM,18.6 - 22.4 dB,Black,158 mm,No,No,€74.90,https://fi.pcpartpicker.com/product/dMVG3C/noctua-nh-u12s-chromaxblack-55-cfm-cpu-cooler-nh-u12s-chromaxblack
12,be quiet! Pure Rock 2 Black CPU Cooler (BK007),be quiet!,1500 RPM,19.1 - 26.8 dB,Black,155 mm,No,No,€44.90,https://fi.pcpartpicker.com/product/TyBhP6/be-quiet-pure-rock-2-black-cpu-cooler-bk007
13,Corsair iCUE H100i ELITE CAPELLIX 75 CFM Liquid CPU Cooler (CW-9060050-WW),Corsair,2400 RPM,10 - 37 dB,White,,Yes - 240 mm,No,€162.90,https://fi.pcpartpicker.com/product/99Tp99/corsair-icue-h100i-elite-capellix-75-cfm-liquid-cpu-cooler-cw-9060050-ww
14,Corsair iCUE H100i RGB PRO XT 75 CFM Liquid CPU Cooler (CW-9060043-WW),Corsair,2400 RPM,37 dB,Black,,Yes - 240 mm,No,€129.90,https://fi.pcpartpicker.com/product/B6pmP6/corsair-icue-h100i-rgb-pro-xt-75-cfm-liquid-cpu-cooler-cw-9060043-ww
15,Corsair iCUE H150i ELITE LCD 58.1 CFM Liquid CPU Cooler (CW-9060062-WW),Corsair,450 - 2000 RPM,10 - 30.4 dB,Black,,Yes - 360 mm,No,€249.00,https://fi.pcpartpicker.com/product/GLjBD3/corsair-icue-h150i-elite-lcd-581-cfm-liquid-cpu-cooler-cw-9060062-ww
16,NZXT Kraken Z73 RGB 52.44 CFM Liquid CPU Cooler (RL-KRZ73-RW),NZXT,500 - 1500 RPM,22 - 33 dB,White / Black,,Yes - 360 mm,No,€319.00,https://fi.pcpartpicker.com/product/4HQcCJ/nzxt-kraken-z73-rgb-5244-cfm-liquid-cpu-cooler-rl-krz73-rw
17,NZXT Kraken Z63 98.17 CFM Liquid CPU Cooler (RL-KRZ63-01),NZXT,500 - 1800 RPM,21 - 38 dB,Black,,Yes - 280 mm,No,€224.90,https://fi.pcpartpicker.com/product/Xbyqqs/nzxt-kraken-z63-9817-cfm-liquid-cpu-cooler-rl-krz63-01
18,NZXT Kraken X73 73.11 CFM Liquid CPU Cooler (RL-KRX73-01),NZXT,500 - 2000 RPM,21 - 36 dB,Black,,Yes - 360 mm,No,€164.90,https://fi.pcpartpicker.com/product/vfVG3C/nzxt-kraken-x73-7311-cfm-liquid-cpu-cooler-rl-krx73-01
19,ARCTIC Freezer 34 eSports DUO CPU Cooler (ACFRE00061A),ARCTIC,200 - 2100 RPM,24.4 dB,White / Black,157 mm,No,No,€44.90,https://fi.pcpartpicker.com/product/PnPKHx/arctic-freezer-34-esports-duo-cpu-cooler-acfre00061a
20,Deepcool AK620 68.99 CFM CPU Cooler (R-AK620-BKNNMT-G),Deepcool,500 - 1850 RPM,28 dB,Black / Silver,160 mm,No,No,€69.90,https://fi.pcpartpicker.com/product/9T92FT/deepcool-ak620-6899-cfm-cpu-cooler-r-ak620-bknnmt-g
21,NZXT Kraken Z73 RGB 52.44 CFM Liquid CPU Cooler (RL-KRZ73-R1),NZXT,500 - 1500 RPM,22 - 33 dB,Black,,Yes - 360 mm,No,€316.90,https://fi.pcpartpicker.com/product/fXZ9TW/nzxt-kraken-z73-rgb-5244-cfm-liquid-cpu-cooler-rl-krz73-r1
22,ARCTIC Liquid Freezer II 360 56.3 CFM Liquid CPU Cooler (ACFRE00068A),ARCTIC,800 - 2000 RPM,,Black,,Yes - 360 mm,No,€102.90,https://fi.pcpartpicker.com/product/2PFKHx/arctic-liquid-freezer-ii-360-563-cfm-liquid-cpu-cooler-acfre00068a
23,Cooler Master MasterLiquid ML240L V2 RGB 62 CFM Liquid CPU Cooler (MLW-D24M-A18PC-RW),Cooler Master,650 - 1800 RPM,8 - 27 dB,White / Black,,Yes - 240 mm,No,€88.90,https://fi.pcpartpicker.com/product/nHBG3C/cooler-master-masterliquid-ml240l-v2-rgb-62-cfm-liquid-cpu-cooler-mlw-d24m-a18pc-rw
24,Lian Li GALAHAD AIO 360 RGB UNI FAN SL120 EDITION 58.54 CFM Liquid CPU Cooler (GA-360SLA),Lian Li,800 - 1900 RPM,32 dB,White / Silver,,Yes - 360 mm,No,€199.90,https://fi.pcpartpicker.com/product/DN92FT/lian-li-galahad-aio-360-rgb-uni-fan-sl120-edition-5854-cfm-liquid-cpu-cooler-ga-360sla
25,Scythe Fuma 2 Rev.B 39.44 CFM CPU Cooler (SCFM-2100),Scythe,300 - 1500 RPM,2.58 - 23.8 dB,Black / Silver,154 mm,No,No,€69.90,https://fi.pcpartpicker.com/product/D3Gbt6/scythe-fuma-2-revb-3944-cfm-cpu-cooler-scfm-2100
26,ARCTIC Liquid Freezer II 280 72.8 CFM Liquid CPU Cooler (ACFRE00066A),ARCTIC,200 - 1700 RPM,,Black,,Yes - 280 mm,No,€89.90,https://fi.pcpartpicker.com/product/smDkcf/arctic-liquid-freezer-ii-280-728-cfm-liquid-cpu-cooler-acfre00066a
27,NZXT Kraken Z63 RGB 91.19 CFM Liquid CPU Cooler (RL-KRZ63-RW),NZXT,500 - 1500 RPM,22 - 33 dB,White / Black,,Yes - 280 mm,No,€278.90,https://fi.pcpartpicker.com/product/ZVH7YJ/nzxt-kraken-z63-rgb-9119-cfm-liquid-cpu-cooler-rl-krz63-rw
28,Cooler Master MASTERLIQUID ML120L RGB V2 65.59 CFM Liquid CPU Cooler (MLW-D12M-A18PC-R2),Cooler Master,650 - 1800 RPM,6 - 27 dB,Black,,Yes - 120 mm,No,€72.90,https://fi.pcpartpicker.com/product/4TpmP6/cooler-master-masterliquid-ml120l-rgb-v2-6559-cfm-liquid-cpu-cooler-mlw-d12m-a18pc-r2
29,Noctua NH-U12A chromax.black 60.09 CFM CPU Cooler (NH-U12A chromax.black),Noctua,450 - 2000 RPM,18.8 - 22.6 dB,Black,158 mm,No,No,€119.90,https://fi.pcpartpicker.com/product/HCgFf7/noctua-nh-u12a-chromaxblack-6009-cfm-cpu-cooler-nh-u12a-chromaxblack
30,Noctua NH-U12S 55 CFM CPU Cooler (NH-U12S),Noctua,300 - 1500 RPM,18.6 - 22.4 dB,,158 mm,No,No,€67.90,https://fi.pcpartpicker.com/product/wjmLrH/noctua-nh-u12s-55-cfm-cpu-cooler-nh-u12s
31,Noctua NH-U12S redux 70.75 CFM CPU Cooler (NH-U12S redux),Noctua,450 - 1700 RPM,25.1 dB,Gray / Silver,158 mm,No,No,€52.90,https://fi.pcpartpicker.com/product/vV7G3C/noctua-nh-u12s-redux-7075-cfm-cpu-cooler-nh-u12s-redux
32,be quiet! Dark Rock 4 CPU Cooler (BK021),be quiet!,1400 RPM,,Black,159 mm,No,No,€71.90,https://fi.pcpartpicker.com/product/FRYLrH/be-quiet-dark-rock-4-cpu-cooler-bk021
33,Corsair H100x 57.2 CFM Liquid CPU Cooler (CW-9060040-WW),Corsair,1700 RPM,37 dB,Black,,Yes - 240 mm,No,€99.90,https://fi.pcpartpicker.com/product/8mJtt6/corsair-h100x-572-cfm-liquid-cpu-cooler-cw-9060040-ww
34,Corsair iCUE H170i ELITE LCD 82.9 CFM Liquid CPU Cooler (CW-9060063-WW),Corsair,400 - 1600 RPM,10 - 31.8 dB,Black,,Yes - 420 mm,No,€279.00,https://fi.pcpartpicker.com/product/MbddnQ/corsair-icue-h170i-elite-lcd-829-cfm-liquid-cpu-cooler-cw-9060063-ww
35,Noctua NH-L9i 33.84 CFM CPU Cooler (NH-L9i),Noctua,600 - 2500 RPM,14.8 - 23.6 dB,,37 mm,No,No,€39.90,https://fi.pcpartpicker.com/product/xxphP6/noctua-nh-l9i-3384-cfm-cpu-cooler-nh-l9i
36,Corsair iCUE H150i RGB PRO XT 75 CFM Liquid CPU Cooler (CW-9060045-WW),Corsair,2400 RPM,37 dB,Black / White,,Yes - 360 mm,No,€171.90,https://fi.pcpartpicker.com/product/Fnyqqs/corsair-icue-h150i-rgb-pro-xt-75-cfm-liquid-cpu-cooler-cw-9060045-ww
37,ARCTIC Freezer 7 X CPU Cooler (ACFRE00077A),ARCTIC,300 - 2000 RPM,22.5 dB,Black / White,132 mm,No,No,€21.90,https://fi.pcpartpicker.com/product/4VLwrH/arctic-freezer-7-x-cpu-cooler-acfre00077a
38,ARCTIC Liquid Freezer II 240 56.3 CFM Liquid CPU Cooler (ACFRE00046A),ARCTIC,200 - 1800 RPM,,Black,,Yes - 240 mm,No,€84.90,https://fi.pcpartpicker.com/product/c4MTwP/arctic-liquid-freezer-ii-240-563-cfm-liquid-cpu-cooler-acfre00046a
39,Lian Li GALAHAD AIO 360 RGB UNI FAN SL120 EDITION 58.54 CFM Liquid CPU Cooler (GA-360SLB),Lian Li,800 - 1900 RPM,32 dB,Black / Silver,,Yes - 360 mm,No,€199.90,https://fi.pcpartpicker.com/product/CVZ9TW/lian-li-galahad-aio-360-rgb-uni-fan-sl120-edition-5854-cfm-liquid-cpu-cooler-ga-360slb
40,Corsair iCUE H115i ELITE CAPELLIX 97 CFM Liquid CPU Cooler (CW-9060047-WW),Corsair,2000 RPM,10 - 36 dB,Black,,Yes - 280 mm,No,€169.90,https://fi.pcpartpicker.com/product/m3TzK8/corsair-icue-h115i-elite-capellix-97-cfm-liquid-cpu-cooler-cw-9060047-ww
41,Deepcool AK400 66.47 CFM CPU Cooler (R-AK400-BKNNMN-G-1),Deepcool,500 - 1850 RPM,29 dB,Black / Silver,155 mm,No,No,€34.90,https://fi.pcpartpicker.com/product/QPkWGX/deepcool-ak400-6647-cfm-cpu-cooler-r-ak400-bknnmn-g-1
42,EVGA CLC 280 113.5 CFM Liquid CPU Cooler (400-HY-CL28-V1),EVGA,600 - 2200 RPM,16 - 39.5 dB,,,Yes - 280 mm,No,€116.00,https://fi.pcpartpicker.com/product/d2fmP6/evga-clc-280-1135-cfm-liquid-cpu-cooler-400-hy-cl28-v1
43,NZXT Kraken Z53 73.11 CFM Liquid CPU Cooler (RL-KRZ53-01),NZXT,500 - 2000 RPM,21 - 36 dB,Black,,Yes - 240 mm,No,€209.90,https://fi.pcpartpicker.com/product/hdsnTW/nzxt-kraken-z53-7311-cfm-liquid-cpu-cooler-rl-krz53-01
44,be quiet! Pure Rock 2 CPU Cooler (BK006),be quiet!,1500 RPM,19.1 - 26.8 dB,Silver / Black,155 mm,No,No,€39.90,https://fi.pcpartpicker.com/product/BVXYcf/be-quiet-pure-rock-2-cpu-cooler-bk006
45,EK EK-AIO D-RGB 66.04 CFM Liquid CPU Cooler (EK-AIO 240 D-RGB),EK,450 - 2600 RPM,36.4 dB,Black,,Yes - 240 mm,No,€137.00,https://fi.pcpartpicker.com/product/svkgXL/ek-ek-aio-240-d-rgb-6604-cfm-liquid-cpu-cooler-ek-aio-240-d-rgb
46,Cooler Master MasterLiquid ML360R RGB 66.7 CFM Liquid CPU Cooler (MLX-D36M-A20PC-R1),Cooler Master,650 - 2000 RPM,6 - 34 dB,Black,,Yes - 360 mm,No,€139.90,https://fi.pcpartpicker.com/product/WwjJ7P/cooler-master-masterliquid-ml360r-rgb-667-cfm-liquid-cpu-cooler-mlx-d36m-a20pc-r1
47,NZXT Kraken X53 RGB 52.44 CFM Liquid CPU Cooler (RL-KRX53-R1),NZXT,500 - 1500 RPM,22 - 33 dB,Black,,Yes - 240 mm,No,€144.90,https://fi.pcpartpicker.com/product/CqcRsY/nzxt-kraken-x53-rgb-5244-cfm-liquid-cpu-cooler-rl-krx53-r1
48,ARCTIC Freezer 34 eSports DUO CPU Cooler (ACFRE00075A),ARCTIC,200 - 2100 RPM,24.4 dB,Black / Gray,157 mm,No,No,€44.90,https://fi.pcpartpicker.com/product/PxtKHx/arctic-freezer-34-esports-duo-cpu-cooler-acfre00075a
49,Noctua NH-L9i chromax.black 33.84 CFM CPU Cooler (NH-L9i chromax.black),Noctua,600 - 2500 RPM,14.8 - 23.6 dB,Black,37 mm,No,No,€54.90,https://fi.pcpartpicker.com/product/vbLwrH/noctua-nh-l9i-chromaxblack-3384-cfm-cpu-cooler-nh-l9i-chromaxblack
50,Lian Li GALAHAD AIO 240 RGB UNI FAN SL120 EDITION 58.54 CFM Liquid CPU Cooler (GA-240SLA),Lian Li,800 - 1900 RPM,32 dB,White / Silver,,Yes - 240 mm,No,€167.90,https://fi.pcpartpicker.com/product/Mdt9TW/lian-li-galahad-aio-240-rgb-uni-fan-sl120-edition-5854-cfm-liquid-cpu-cooler-ga-240sla
51,NZXT Kraken X63 RGB 91.19 CFM Liquid CPU Cooler (RL-KRX63-RW),NZXT,500 - 1500 RPM,22 - 33 dB,White / Black,,Yes - 280 mm,No,€163.90,https://fi.pcpartpicker.com/product/cpRYcf/nzxt-kraken-x63-rgb-9119-cfm-liquid-cpu-cooler-rl-krx63-rw
52,EK EK-AIO D-RGB 66.04 CFM Liquid CPU Cooler (EK-AIO 360 D-RGB),EK,450 - 2600 RPM,36.4 dB,Black,,Yes - 360 mm,No,€164.00,https://fi.pcpartpicker.com/product/yLBhP6/ek-ek-aio-360-d-rgb-6604-cfm-liquid-cpu-cooler-ek-aio-360-d-rgb
53,Noctua NH-U9S 46.44 CFM CPU Cooler (NH-U9S),Noctua,400 - 2000 RPM,16.3 - 22.8 dB,,124 mm,No,No,€57.90,https://fi.pcpartpicker.com/product/FcfmP6/noctua-nh-u9s-4644-cfm-cpu-cooler-nh-u9s
54,ARCTIC Freezer 34 eSports DUO CPU Cooler (ACFRE00074A),ARCTIC,200 - 2100 RPM,24.4 dB,White / Gray,157 mm,No,No,€46.90,https://fi.pcpartpicker.com/product/J7ZzK8/arctic-freezer-34-esports-duo-cpu-cooler-acfre00074a
55,Deepcool GAMMAXX 400 V2 64.5 CFM CPU Cooler (DP-MCH4-GMX400V2-BL),Deepcool,500 - 1650 RPM,,Black / Blue,155 mm,No,No,€24.90,https://fi.pcpartpicker.com/product/x2JmP6/deepcool-gammaxx-400-v2-645-cfm-cpu-cooler-dp-mch4-gmx400v2-bl
56,Corsair H60 (2018) 57.2 CFM Liquid CPU Cooler (CW-9060036-WW),Corsair,1700 RPM,28.3 dB,Black,,Yes - 120 mm,No,€89.90,https://fi.pcpartpicker.com/product/F2rmP6/corsair-h60-2018-572-cfm-liquid-cpu-cooler-cw-9060036-ww
57,Noctua NH-L9i-17xx chromax.black 33.84 CFM CPU Cooler (NH-L9i-17xx chromax.black),Noctua,600 - 2500 RPM,14.8 - 23.6 dB,Black,37 mm,No,No,€54.90,https://fi.pcpartpicker.com/product/nJqPxr/noctua-nh-l9i-17xx-chromaxblack-3384-cfm-cpu-cooler-nh-l9i-17xx-chromaxblack
58,Corsair iCUE H100i ELITE LCD 58.1 CFM Liquid CPU Cooler (CW-9060061-WW),Corsair,450 - 2000 RPM,10 - 30.4 dB,Black,,Yes - 240 mm,No,€229.00,https://fi.pcpartpicker.com/product/Lsstt6/corsair-icue-h100i-elite-lcd-581-cfm-liquid-cpu-cooler-cw-9060061-ww
59,NZXT Kraken X73 RGB 52.44 CFM Liquid CPU Cooler (RL-KRX73-RW),NZXT,500 - 1500 RPM,22 - 33 dB,White / Black,,Yes - 360 mm,No,€209.00,https://fi.pcpartpicker.com/product/HX3gXL/nzxt-kraken-x73-rgb-5244-cfm-liquid-cpu-cooler-rl-krx73-rw
60,NZXT Kraken Z53 RGB 52.44 CFM Liquid CPU Cooler (RL-KRZ53-RW),NZXT,500 - 1500 RPM,22 - 33 dB,White / Black,,Yes - 240 mm,No,€251.90,https://fi.pcpartpicker.com/product/BXZ9TW/nzxt-kraken-z53-rgb-5244-cfm-liquid-cpu-cooler-rl-krz53-rw
61,Noctua NH-U12A 60.09 CFM CPU Cooler (nh-u12a),Noctua,450 - 2000 RPM,18.8 - 22.6 dB,Brown,158 mm,No,No,€99.90,https://fi.pcpartpicker.com/product/ZLtQzy/noctua-nh-u12a-6009-cfm-cpu-cooler-nh-u12a
62,ARCTIC Liquid Freezer II 420 72.8 CFM Liquid CPU Cooler (ACFRE00092A),ARCTIC,200 - 1700 RPM,,Black,,Yes - 420 mm,No,€116.90,https://fi.pcpartpicker.com/product/bVMTwP/arctic-liquid-freezer-ii-420-728-cfm-liquid-cpu-cooler-acfre00092a
63,NZXT Kraken X73 RGB 52.44 CFM Liquid CPU Cooler (RL-KRX73-R1),NZXT,500 - 1500 RPM,22 - 33 dB,Black,,Yes - 360 mm,No,€189.00,https://fi.pcpartpicker.com/product/sPjNnQ/nzxt-kraken-x73-rgb-5244-cfm-liquid-cpu-cooler-rl-krx73-r1
64,Deepcool GAMMAXX GTE V2 64.5 CFM CPU Cooler (DP-MCH4-GMX-GTEV2),Deepcool,500 - 1650 RPM,27.8 dB,Black / White,158 mm,No,No,€27.90,https://fi.pcpartpicker.com/product/fNLwrH/deepcool-gammaxx-gte-v2-645-cfm-cpu-cooler-dp-mch4-gmx-gtev2
65,NZXT Kraken X63 RGB 91.19 CFM Liquid CPU Cooler (RL-KRX63-R1),NZXT,500 - 1500 RPM,22 - 33 dB,Black,,Yes - 280 mm,No,€159.90,https://fi.pcpartpicker.com/product/cVJmP6/nzxt-kraken-x63-rgb-9119-cfm-liquid-cpu-cooler-rl-krx63-r1
66,Deepcool AK620 WH 68.99 CFM CPU Cooler (AK620 WH),Deepcool,500 - 1850 RPM,28 dB,White,160 mm,No,No,€74.90,https://fi.pcpartpicker.com/product/gvGbt6/deepcool-ak620-wh-6899-cfm-cpu-cooler-ak620-wh
67,Noctua NH-L9a-AM4 33.84 CFM CPU Cooler (NH-L9a-AM4),Noctua,600 - 2500 RPM,14.8 - 23.6 dB,Brown,37 mm,No,No,€39.90,https://fi.pcpartpicker.com/product/DZfhP6/noctua-nh-l9a-am4-338-cfm-cpu-cooler-nh-l9a-am4
68,Corsair iCUE H170i ELITE CAPELLIX Liquid CPU Cooler (CW-9060055-WW),Corsair,2000 RPM,10 - 37 dB,Black,,Yes - 420 mm,No,€255.00,https://fi.pcpartpicker.com/product/HvbTwP/corsair-icue-h170i-elite-capellix-liquid-cpu-cooler-cw-9060055-ww
69,be quiet! Pure Rock Slim 2 CPU Cooler (BK030),be quiet!,,13.1 - 25.4 dB,Black / Silver,135 mm,No,No,€27.90,https://fi.pcpartpicker.com/product/JcqPxr/be-quiet-pure-rock-slim-2-cpu-cooler-bk030
70,ARCTIC Liquid Freezer II 240 A-RGB 48.8 CFM Liquid CPU Cooler (ACFRE00093A),ARCTIC,200 - 1800 RPM,22.5 dB,Black / Gray,,Yes - 240 mm,No,€99.90,https://fi.pcpartpicker.com/product/c7wypg/arctic-liquid-freezer-ii-240-a-rgb-488-cfm-liquid-cpu-cooler-acfre00093a
71,Gigabyte AORUS WATERFORCE X 60.07 CFM Liquid CPU Cooler (AORUS WATERFORCE X 360),Gigabyte,800 - 2500 RPM,7.9 - 37.6 dB,Black,,Yes - 360 mm,No,€240.00,https://fi.pcpartpicker.com/product/zkH7YJ/gigabyte-aorus-waterforce-x-360-6007-cfm-liquid-cpu-cooler-aorus-waterforce-x-360
72,Noctua NH-L9x65 33.84 CFM CPU Cooler (NH-L9x65),Noctua,600 - 2500 RPM,14.8 - 23.6 dB,,65 mm,No,No,€49.90,https://fi.pcpartpicker.com/product/fhqbt6/noctua-nh-l9x65-3384-cfm-cpu-cooler-nh-l9x65
73,EVGA CLC 360 74.82 CFM Liquid CPU Cooler (400-HY-CL36-V1),EVGA,500 - 2400 RPM,16 - 39.9 dB,Black,,Yes - 360 mm,No,€149.00,https://fi.pcpartpicker.com/product/s3FKHx/evga-clc-360-7482-cfm-liquid-cpu-cooler-400-hy-cl36-v1
74,ARCTIC Liquid Freezer II 360 A-RGB 48.8 CFM Liquid CPU Cooler (ACFRE00101A),ARCTIC,200 - 1800 RPM,22.5 dB,Black / Gray,,Yes - 360 mm,No,€116.90,https://fi.pcpartpicker.com/product/y7wypg/arctic-liquid-freezer-ii-360-a-rgb-488-cfm-liquid-cpu-cooler-acfre00101a
75,NZXT Kraken Z63 RGB 91.19 CFM Liquid CPU Cooler (RL-KRZ63-R1),NZXT,500 - 1500 RPM,22 - 33 dB,Black,,Yes - 280 mm,No,€278.90,https://fi.pcpartpicker.com/product/YvYmP6/nzxt-kraken-z63-rgb-9119-cfm-liquid-cpu-cooler-rl-krz63-r1
76,NZXT Kraken X53 RGB 52.44 CFM Liquid CPU Cooler (RL-KRX53-RW),NZXT,500 - 1500 RPM,22 - 33 dB,White / Black,,Yes - 240 mm,No,€147.90,https://fi.pcpartpicker.com/product/CYhFf7/nzxt-kraken-x53-rgb-5244-cfm-liquid-cpu-cooler-rl-krx53-rw
77,Cooler Master MasterLiquid ML240 Illusion 47.2 CFM Liquid CPU Cooler (MLX-D24M-A18PW-R1),Cooler Master,650 - 1800 RPM,6 - 30 dB,White,,Yes - 240 mm,No,€126.90,https://fi.pcpartpicker.com/product/vRwypg/cooler-master-masterliquid-ml240-illusion-472-cfm-liquid-cpu-cooler-mlx-d24m-a18pw-r1
78,ARCTIC Liquid Freezer II 280 A-RGB 68.9 CFM Liquid CPU Cooler (ACFRE00106A),ARCTIC,200 - 1900 RPM,22.5 dB,Black,138 mm,Yes - 280 mm,No,€104.90,https://fi.pcpartpicker.com/product/HZvdnQ/arctic-liquid-freezer-ii-280-a-rgb-689-cfm-liquid-cpu-cooler-acfre00106a
79,Lian Li GALAHAD AIO 360 RGB 69.17 CFM Liquid CPU Cooler (GALAHAD AIO 360 RGB WHITE),Lian Li,800 - 1900 RPM,,White / Silver,,Yes - 360 mm,No,€149.90,https://fi.pcpartpicker.com/product/gcsnTW/lian-li-galahad-aio-360-rgb-6917-cfm-liquid-cpu-cooler-galahad-aio-360-rgb-white
80,Noctua NH-D9L 46.44 CFM CPU Cooler (NH-D9L),Noctua,400 - 2000 RPM,16.3 - 22.8 dB,,110 mm,No,No,€51.90,https://fi.pcpartpicker.com/product/8pgPxr/noctua-nh-d9l-4644-cfm-cpu-cooler-nh-d9l
81,Noctua NH-D15S 82.52 CFM CPU Cooler (NH-D15S),Noctua,300 - 1500 RPM,19.2 - 24.6 dB,,160 mm,No,No,€86.90,https://fi.pcpartpicker.com/product/xCL7YJ/noctua-nh-d15s-8252-cfm-cpu-cooler-nh-d15s
82,Corsair iCUE H60i RGB PRO XT 75 CFM Liquid CPU Cooler (CW-9060049-WW),Corsair,2400 RPM,10 - 37 dB,Black,,Yes - 120 mm,No,€102.90,https://fi.pcpartpicker.com/product/HVtKHx/corsair-icue-h60i-rgb-pro-xt-75-cfm-liquid-cpu-cooler-cw-9060049-ww
83,ARCTIC Freezer i35 A-RGB CPU Cooler (ACFRE00104A),ARCTIC,200 - 1700 RPM,,Black,158 mm,No,No,€42.90,https://fi.pcpartpicker.com/product/XwH7YJ/arctic-freezer-i35-a-rgb-cpu-cooler-acfre00104a
84,MSI MEG CORELIQUID S360 56.2 CFM Liquid CPU Cooler (MEG CoreLiquid S360),MSI,,22.7 dB,Black,,Yes - 360 mm,No,€289.00,https://fi.pcpartpicker.com/product/LGH7YJ/msi-meg-coreliquid-s360-562-cfm-liquid-cpu-cooler-meg-coreliquid-s360
85,Corsair iCUE H115i RGB Pro XT 63 CFM Liquid CPU Cooler (CW-9060044-WW),Corsair,2200 RPM,36 dB,Black,,Yes - 280 mm,No,€156.90,https://fi.pcpartpicker.com/product/TgFKHx/corsair-icue-h115i-rgb-pro-xt-63-cfm-liquid-cpu-cooler-cw-9060044-ww
86,be quiet! Pure Loop 360 Liquid CPU Cooler (BW008),be quiet!,,19.8 - 40.5 dB,Black,,Yes - 360 mm,No,€125.90,https://fi.pcpartpicker.com/product/fJjNnQ/be-quiet-pure-loop-360-liquid-cpu-cooler-bw008
87,MSI MAG CORELIQUID R 84.36 CFM Liquid CPU Cooler (MAG CORELIQUID 280R),MSI,500 - 1800 RPM,14.8 - 33.28 dB,Black,,Yes - 280 mm,No,€99.00,https://fi.pcpartpicker.com/product/pcM48d/msi-mag-coreliquid-280r-8436-cfm-liquid-cpu-cooler-mag-coreliquid-280r
88,Cooler Master Hyper H412R 34.1 CFM CPU Cooler (RR-H412-20PK-R2),Cooler Master,600 - 2000 RPM,29.4 dB,Black,136 mm,No,No,€29.90,https://fi.pcpartpicker.com/product/vbfhP6/cooler-master-hyper-h412r-341-cfm-cpu-cooler-rr-h412-20pk-r2
89,Noctua NH-U14S 82.52 CFM CPU Cooler (NH-U14S),Noctua,300 - 1500 RPM,19.2 - 24.6 dB,,165 mm,No,No,€75.90,https://fi.pcpartpicker.com/product/DMjG3C/noctua-nh-u14s-8252-cfm-cpu-cooler-nh-u14s
90,MSI MEG CORELIQUID S280 82.27 CFM Liquid CPU Cooler (MEG CoreLiquid S280),MSI,,24.9 dB,Black,,Yes - 280 mm,No,€249.00,https://fi.pcpartpicker.com/product/47Z9TW/msi-meg-coreliquid-s280-8227-cfm-liquid-cpu-cooler-meg-coreliquid-s280
91,Deepcool GAMMAXX GTE V2 64.5 CFM CPU Cooler (DP-MCH4-GMX-GTE-V2WH),Deepcool,500 - 1650 RPM,27.8 dB,White,158 mm,No,No,€27.90,https://fi.pcpartpicker.com/product/FJ2bt6/deepcool-gammaxx-gte-v2-645-cfm-cpu-cooler-dp-mch4-gmx-gte-v2wh
92,be quiet! Pure Loop 240 Liquid CPU Cooler (BW006),be quiet!,,19 - 39.5 dB,Black,,Yes - 240 mm,No,€98.90,https://fi.pcpartpicker.com/product/YVhmP6/be-quiet-pure-loop-240-liquid-cpu-cooler-bw006
93,Cooler Master MasterLiquid ML360 Illusion 47.2 CFM Liquid CPU Cooler (MLX-D36M-A18P2-R1),Cooler Master,650 - 1800 RPM,6 - 30 dB,Black / Silver,,Yes - 360 mm,No,€149.90,https://fi.pcpartpicker.com/product/TyWzK8/cooler-master-masterliquid-ml360-illusion-472-cfm-liquid-cpu-cooler-mlx-d36m-a18p2-r1
94,Deepcool GAMMAXX L240 V2 69.34 CFM Liquid CPU Cooler (DP-H12RF-GL240V2),Deepcool,500 - 1800 RPM,30 dB,Black / White,,Yes - 240 mm,No,€76.90,https://fi.pcpartpicker.com/product/syxbt6/deepcool-gammaxx-l240-v2-6934-cfm-liquid-cpu-cooler-dp-h12rf-gl240v2
95,Deepcool Castle 240 RGB V2 69.34 CFM Liquid CPU Cooler (DP-GS-H12AR-CSL240V2),Deepcool,500 - 1800 RPM,30 dB,Black,,Yes - 240 mm,No,€77.90,https://fi.pcpartpicker.com/product/tnn8TW/deepcool-castle-240-rgb-v2-6934-cfm-liquid-cpu-cooler-dp-gs-h12ar-csl240v2
96,Noctua NH-L12S 55.44 CFM CPU Cooler (NH-L12S),Noctua,450 - 1850 RPM,16.8 - 23.9 dB,,70 mm,No,No,€54.90,https://fi.pcpartpicker.com/product/hbnG3C/noctua-nh-l12s-5544-cfm-cpu-cooler-nh-l12s
97,EK EK-AIO Elite D-RGB 66.04 CFM Liquid CPU Cooler (EK-AIO Elite 360 D-RGB),EK,550 - 2200 RPM,31.6 dB,Black,,Yes - 360 mm,No,€219.90,https://fi.pcpartpicker.com/product/j74Ycf/ek-ek-aio-elite-360-d-rgb-6604-cfm-liquid-cpu-cooler-ek-aio-elite-360-d-rgb
98,be quiet! Pure Loop 280 Liquid CPU Cooler (BW007),be quiet!,,22.5 - 38.1 dB,Black,,Yes - 280 mm,No,€109.90,https://fi.pcpartpicker.com/product/4K6qqs/be-quiet-pure-loop-280-liquid-cpu-cooler-bw007
99,MSI MAG CORELIQUID C 78.73 CFM Liquid CPU Cooler (MAG CORELIQUID C240),MSI,500 - 2000 RPM,14.3 - 34.3 dB,Black,,Yes - 240 mm,No,€139.90,https://fi.pcpartpicker.com/product/gC4Ycf/msi-mag-coreliquid-c240-7873-cfm-liquid-cpu-cooler-mag-coreliquid-c240
100,NZXT Kraken Z53 RGB 52.44 CFM Liquid CPU Cooler (RL-KRZ53-R1),NZXT,500 - 1500 RPM,22 - 33 dB,Black,,Yes - 240 mm,No,€257.90,https://fi.pcpartpicker.com/product/TGwypg/nzxt-kraken-z53-rgb-5244-cfm-liquid-cpu-cooler-rl-krz53-r1
101,Cooler Master MasterAir MA624 Stealth 67 CFM CPU Cooler (MAM-D6PS-314PK-R1),Cooler Master,650 - 1400 RPM,10 - 27 dB,Black,160 mm,No,No,€99.90,https://fi.pcpartpicker.com/product/cQgFf7/cooler-master-masterair-ma624-stealth-67-cfm-cpu-cooler-mam-d6ps-314pk-r1
102,MSI MAG CORELIQUID P 78.73 CFM Liquid CPU Cooler (MAG CORELIQUID P240),MSI,500 - 2000 RPM,14.3 - 34.3 dB,Black,,Yes - 240 mm,No,€99.00,https://fi.pcpartpicker.com/product/KNxRsY/msi-mag-coreliquid-p240-7873-cfm-liquid-cpu-cooler-mag-coreliquid-p240
103,ARCTIC Freezer 34 eSports DUO CPU Cooler (ACFRE00060A),ARCTIC,200 - 2100 RPM,24.4 dB,Red / Black,157 mm,No,No,€42.90,https://fi.pcpartpicker.com/product/dmXnTW/arctic-freezer-34-esports-duo-cpu-cooler-acfre00060a
104,Scythe Shuriken 2 41.3 CFM CPU Cooler (SCSK-2000),Scythe,300 - 2500 RPM,1.8 - 23.2 dB,Black / Silver,58 mm,No,No,€42.90,https://fi.pcpartpicker.com/product/8Dyqqs/scythe-shuriken-2-413-cfm-cpu-cooler-scsk-2000
105,Razer Hanbo Chroma Liquid CPU Cooler (RC21-01770200-R3M1),Razer,,,Black,,Yes - 360 mm,No,€219.90,https://fi.pcpartpicker.com/product/GPNxFT/razer-hanbo-chroma-liquid-cpu-cooler-rc21-01770200-r3m1
106,Noctua NH-L9i-17xx 33.84 CFM CPU Cooler (NH-L9i-17xx),Noctua,600 - 2500 RPM,14.8 - 23.6 dB,Brown / Beige,37 mm,No,No,€44.90,https://fi.pcpartpicker.com/product/ffRYcf/noctua-nh-l9i-17xx-3384-cfm-cpu-cooler-nh-l9i-17xx
107,Asus ROG RYUJIN 360 121.8 CFM Liquid CPU Cooler (ROG RYUJIN 360),Asus,450 - 2000 RPM,29.7 dB,Black,,Yes - 360 mm,No,€259.00,https://fi.pcpartpicker.com/product/Kv7v6h/asus-rog-ryujin-360-1218-cfm-liquid-cpu-cooler-rog-ryujin-360
108,Noctua NH-C14S 82.52 CFM CPU Cooler (NH-C14S),Noctua,300 - 1500 RPM,19.2 - 24.6 dB,,142 mm,No,No,€84.90,https://fi.pcpartpicker.com/product/kykwrH/noctua-nh-c14s-8252-cfm-cpu-cooler-nh-c14s
109,ARCTIC Alpine 23 CPU Cooler (ACALP00035A),ARCTIC,100 - 2000 RPM,,White / Black,65 mm,No,No,€9.90,https://fi.pcpartpicker.com/product/MKBG3C/arctic-alpine-23-cpu-cooler-acalp00035a
110,MSI MAG CORELIQUID C 78.73 CFM Liquid CPU Cooler (MAG CORELIQUID C360),MSI,500 - 2000 RPM,14.3 - 34.3 dB,Black,,Yes - 360 mm,No,€178.00,https://fi.pcpartpicker.com/product/Jy7G3C/msi-mag-coreliquid-c360-7873-cfm-liquid-cpu-cooler-mag-coreliquid-c360
111,Noctua NH-D12L 60.09 CFM CPU Cooler (NH-D12L),Noctua,450 - 2000 RPM,18.8 - 22.6 dB,Beige / Brown,145 mm,No,No,€89.90,https://fi.pcpartpicker.com/product/MvGbt6/noctua-nh-d12l-6009-cfm-cpu-cooler-nh-d12l
112,Noctua NH-U14S TR4-SP3 82.52 CFM CPU Cooler (NH-U14S TR4-SP3),Noctua,300 - 1500 RPM,19.2 - 24.6 dB,,165 mm,No,No,€79.90,https://fi.pcpartpicker.com/product/nCNypg/noctua-nh-u14s-tr4-sp3-1402-cfm-cpu-cooler-nh-u14s-tr4-sp3
113,Fractal Design Lumen S36 RGB 56 CFM Liquid CPU Cooler (FD-W-L1-S3602),Fractal Design,500 - 2000 RPM,10 - 33.2 dB,Black,,Yes - 360 mm,No,€149.90,https://fi.pcpartpicker.com/product/h3WzK8/fractal-design-lumen-s36-rgb-56-cfm-liquid-cpu-cooler-fd-w-l1-s3602
114,Deepcool CASTLE 240EX WHITE 64.4 CFM Liquid CPU Cooler (DP-GS-H12W-CSL240EXWH),Deepcool,500 - 1800 RPM,32.1 dB,White / Black,,Yes - 240 mm,No,€84.90,https://fi.pcpartpicker.com/product/nGYQzy/deepcool-castle-240ex-white-644-cfm-liquid-cpu-cooler-dp-gs-h12w-csl240exwh
115,Noctua NH-L9a-AM4 chromax.black 33.8 CFM CPU Cooler (NH-L9a-AM4 chromax.black),Noctua,600 - 2500 RPM,14.8 - 23.6 dB,Black,37 mm,No,No,€54.90,https://fi.pcpartpicker.com/product/HZXYcf/noctua-nh-l9a-am4-chromaxblack-338-cfm-cpu-cooler-nh-l9a-am4-chromaxblack
116,Deepcool AS500 Plus 70.81 CFM CPU Cooler (R-AS500-BKNLMP-G),Deepcool,500 - 1200 RPM,31.5 dB,Black,164 mm,No,No,€54.90,https://fi.pcpartpicker.com/product/dL92FT/deepcool-as500-plus-7081-cfm-cpu-cooler-r-as500-bknlmp-g
117,MSI MPG CORELIQUID V2 77.4 CFM Liquid CPU Cooler (MPG CORELIQUID K360 V2),MSI,,39.9 dB,Black,,Yes - 360 mm,No,€279.00,https://fi.pcpartpicker.com/product/sh8bt6/msi-mpg-coreliquid-k360-v2-774-cfm-liquid-cpu-cooler-mpg-coreliquid-k360-v2
118,Deepcool Gammaxx L360 V2 69.34 CFM Liquid CPU Cooler (DP-H12RF-GL360V2C),Deepcool,500 - 1800 RPM,30 dB,Black / White,,Yes - 360 mm,No,€99.90,https://fi.pcpartpicker.com/product/r6K2FT/deepcool-gammaxx-l360-v2-6934-cfm-liquid-cpu-cooler-dp-h12rf-gl360v2c
119,Gigabyte AORUS WATERFORCE X 60.07 CFM Liquid CPU Cooler (AORUS WATERFORCE X 240),Gigabyte,800 - 2500 RPM,7.9 - 37.6 dB,Black,,Yes - 240 mm,No,€202.90,https://fi.pcpartpicker.com/product/jJpzK8/gigabyte-aorus-waterforce-x-240-6007-cfm-liquid-cpu-cooler-aorus-waterforce-x-240
120,Phanteks Glacier One 240MP 60.51 CFM Liquid CPU Cooler (PH-GO240MP_DBK01),Phanteks,500 - 2200 RPM,18 - 34.2 dB,Black / White,,Yes - 240 mm,No,€129.90,https://fi.pcpartpicker.com/product/fPtKHx/phanteks-glacier-one-240mp-6051-cfm-liquid-cpu-cooler-ph-go240mp_dbk01
121,SilentiumPC Fera 5 CPU Cooler (SPC303),SilentiumPC,300 - 1800 RPM,,Black / Silver,155 mm,No,No,€30.90,https://fi.pcpartpicker.com/product/z82WGX/silentiumpc-fera-5-cpu-cooler-spc303
122,ARCTIC Freezer 7 X CO CPU Cooler (ACFRE00085A),ARCTIC,300 - 2000 RPM,,Black / Silver,132 mm,No,No,€21.90,https://fi.pcpartpicker.com/product/p2LwrH/arctic-freezer-7-x-co-cpu-cooler-acfre00085a
123,Enermax Aquafusion 240 79.8 CFM Liquid CPU Cooler (ELC-AQF240-SQA),Enermax,500 - 2000 RPM,17 - 32.6 dB,Black,,Yes - 240 mm,No,€114.90,https://fi.pcpartpicker.com/product/qP3mP6/enermax-aquafusion-240-798-cfm-liquid-cpu-cooler-elc-aqf240-sqa
124,EK EK-AIO D-RGB 66.04 CFM Liquid CPU Cooler (EK-AIO 120 D-RGB),EK,450 - 2600 RPM,36.4 dB,Black,,Yes - 120 mm,No,€82.00,https://fi.pcpartpicker.com/product/cyTzK8/ek-ek-aio-120-d-rgb-6604-cfm-liquid-cpu-cooler-ek-aio-120-d-rgb
125,ARCTIC Liquid Freezer II 120 56.3 CFM Liquid CPU Cooler (ACFRE00067A),ARCTIC,200 - 1800 RPM,,Black,,Yes - 120 mm,No,€69.90,https://fi.pcpartpicker.com/product/CDZzK8/arctic-liquid-freezer-ii-120-563-cfm-liquid-cpu-cooler-acfre00067a
126,ARCTIC Freezer i13 X CPU Cooler (ACFRE00078A),ARCTIC,300 - 2000 RPM,,Black / White,137 mm,No,No,€24.90,https://fi.pcpartpicker.com/product/W2GnTW/arctic-freezer-i13-x-cpu-cooler-acfre00078a
127,ARCTIC Liquid Freezer II 420 A-RGB 68.9 CFM Liquid CPU Cooler (ACFRE00109A),ARCTIC,200 - 1900 RPM,22.5 dB,Black,,Yes - 420 mm,No,€129.90,https://fi.pcpartpicker.com/product/83vdnQ/arctic-liquid-freezer-ii-420-a-rgb-689-cfm-liquid-cpu-cooler-acfre00109a
128,Cooler Master MasterLiquid Lite 240 66.7 CFM Liquid CPU Cooler (MLW-D24M-A20PW-R1),Cooler Master,650 - 2000 RPM,6 - 30 dB,,,Yes - 240 mm,No,€69.00,https://fi.pcpartpicker.com/product/9gRFf7/cooler-master-masterliquid-lite-240-667-cfm-liquid-cpu-cooler-mlw-d24m-a20pw-r1
129,Alpenföhn BLACK RIDGE 47.1 CFM CPU Cooler (84000000156),Alpenföhn,800 - 2800 RPM,14 - 37.6 dB,Black,47 mm,No,No,€45.90,https://fi.pcpartpicker.com/product/MCx2FT/alpenfohn-black-ridge-471-cfm-cpu-cooler-84000000156
130,be quiet! Shadow Rock LP 51.4 CFM CPU Cooler (BK002),be quiet!,1500 RPM,14.8 - 25.5 dB,,75 mm,No,No,€49.00,https://fi.pcpartpicker.com/product/9FGj4D/be-quiet-shadow-rock-lp-514-cfm-cpu-cooler-bk002
131,MSI MAG CORELIQUID P 78.73 CFM Liquid CPU Cooler (MAG CORELIQUID P360),MSI,500 - 2000 RPM,14.3 - 34.3 dB,Black,,Yes - 360 mm,No,€142.90,https://fi.pcpartpicker.com/product/vjC48d/msi-mag-coreliquid-p360-7873-cfm-liquid-cpu-cooler-mag-coreliquid-p360
132,ARCTIC Alpine 12 CO CPU Cooler (ACALP00031A),ARCTIC,100 - 2700 RPM,,Black / Gray,77 mm,No,No,€11.90,https://fi.pcpartpicker.com/product/JZyV3C/arctic-alpine-12-co-cpu-cooler-acalp00031a
133,Deepcool AK400 WH 66.47 CFM CPU Cooler (AK400 WH),Deepcool,500 - 1850 RPM,29 dB,White,155 mm,No,No,€37.90,https://fi.pcpartpicker.com/product/tvGbt6/deepcool-ak400-wh-6647-cfm-cpu-cooler-ak400-wh
134,be quiet! Dark Rock Pro TR4 59.5 CFM CPU Cooler (BK023),be quiet!,1200 - 1500 RPM,12.8 - 24.3 dB,Black,163 mm,No,No,€84.90,https://fi.pcpartpicker.com/product/Z6zkcf/be-quiet-dark-rock-pro-tr4-595-cfm-cpu-cooler-bk023
135,ARCTIC Alpine 12 CPU Cooler (ACALP00027A),ARCTIC,100 - 2000 RPM,,Black / White,77 mm,No,No,€10.90,https://fi.pcpartpicker.com/product/PNm323/arctic-alpine-12-cpu-cooler-acalp00027a
136,be quiet! Dark Rock TF 2 CPU Cooler (BK031),be quiet!,1400 RPM,,Black,134 mm,No,No,€94.90,https://fi.pcpartpicker.com/product/GTpzK8/be-quiet-dark-rock-tf-2-cpu-cooler-bk031
137,Corsair iCUE H150i RGB ELITE 65.57 CFM Liquid CPU Cooler (CW-9060060-WW),Corsair,400 - 1850 RPM,19 - 35.8 dB,Black,,Yes - 360 mm,No,€202.90,https://fi.pcpartpicker.com/product/dnVmP6/corsair-icue-h150i-rgb-elite-6557-cfm-liquid-cpu-cooler-cw-9060060-ww
138,MSI MAG CORELIQUID C 84.36 CFM Liquid CPU Cooler (MAG CORELIQUID C280),MSI,500 - 1800 RPM,14.8 - 33.28 dB,Black,,Yes - 280 mm,No,€148.90,https://fi.pcpartpicker.com/product/qwytt6/msi-mag-coreliquid-c280-8436-cfm-liquid-cpu-cooler-mag-coreliquid-c280
139,Deepcool AS500 70.81 CFM CPU Cooler (R-AS500-BKNLMN-G),Deepcool,500 - 1200 RPM,29.2 dB,Black / Silver,164 mm,No,No,€49.90,https://fi.pcpartpicker.com/product/bykWGX/deepcool-as500-7081-cfm-cpu-cooler-r-as500-bknlmn-g
140,Noctua NH-P1 Fanless CPU Cooler (NH-P1),Noctua,,0 dB,Silver,158 mm,No,Yes,€116.90,https://fi.pcpartpicker.com/product/TWBG3C/noctua-nh-p1-fanless-cpu-cooler-nh-p1
141,Fractal Design Lumen S24 RGB 56 CFM Liquid CPU Cooler (FD-W-L1-S2402),Fractal Design,500 - 2000 RPM,10 - 33.2 dB,Black,,Yes - 240 mm,No,€129.90,https://fi.pcpartpicker.com/product/bLpzK8/fractal-design-lumen-s24-rgb-56-cfm-liquid-cpu-cooler-fd-w-l1-s2402
142,CRYORIG H7 49 CFM CPU Cooler (H7),CRYORIG,330 - 1600 RPM,25 dB,,145 mm,No,No,€42.90,https://fi.pcpartpicker.com/product/93Crxr/cryorig-h7-49-cfm-cpu-cooler-h7
143,CRYORIG M9 Plus 48.4 CFM CPU Cooler (M9 Plus),CRYORIG,600 - 2200 RPM,26.4 dB,Black / Silver,125 mm,No,No,€29.90,https://fi.pcpartpicker.com/product/TnJtt6/cryorig-m9-plus-484-cfm-cpu-cooler-m9-plus
144,Cooler Master MasterAIR G200P 35.5 CFM CPU Cooler (MAP-G2PN-126PC-R1),Cooler Master,800 - 2000 RPM,6 - 28 dB,Black / Silver,39 mm,No,No,€49.90,https://fi.pcpartpicker.com/product/Tfn8TW/cooler-master-masterair-g200p-355-cfm-cpu-cooler-map-g2pn-126pc-r1
145,Gigabyte AORUS WATERFORCE X 89.18 CFM Liquid CPU Cooler (AORUS WATERFORCE X 280),Gigabyte,2300 RPM,8.06 - 44.4 dB,Black,,Yes - 280 mm,No,€216.80,https://fi.pcpartpicker.com/product/TP8bt6/gigabyte-aorus-waterforce-x-280-8918-cfm-liquid-cpu-cooler-aorus-waterforce-x-280
146,Deepcool CASTLE 280EX 97.03 CFM Liquid CPU Cooler (DP-GS-H14AR-CSL280EX),Deepcool,400 - 1600 RPM,39.8 dB,Black,,Yes - 280 mm,No,€87.90,https://fi.pcpartpicker.com/product/WPTzK8/deepcool-castle-280ex-9703-cfm-liquid-cpu-cooler-dp-gs-h14ar-csl280ex
147,Fractal Design Celsius S36 87.6 CFM Liquid CPU Cooler (FD-WCU-CELSIUS-S36-BK),Fractal Design,500 - 2000 RPM,32.2 dB,,,Yes - 360 mm,No,€129.90,https://fi.pcpartpicker.com/product/NMtWGX/fractal-design-celsius-s36-876-cfm-liquid-cpu-cooler-fd-wcu-celsius-s36-bk
148,Fractal Design Celsius S24 87.6 CFM Liquid CPU Cooler (FD-WCU-CELSIUS-S24-BK),Fractal Design,500 - 2000 RPM,32.2 dB,,,Yes - 240 mm,No,€119.90,https://fi.pcpartpicker.com/product/nfzZxr/fractal-design-celsius-s24-876-cfm-liquid-cpu-cooler-fd-wcu-celsius-s24-bk
149,Cooler Master MasterAir MA620M 57.3 CFM CPU Cooler (MAM-D6PN-120PA-R1),Cooler Master,650 - 2000 RPM,8 - 30 dB,Black,165 mm,No,No,€109.90,https://fi.pcpartpicker.com/product/GBjNnQ/cooler-master-masterair-ma620m-573-cfm-cpu-cooler-mam-d6pn-120pa-r1
150,Deepcool GAMMAXX GTE V2 64.5 CFM CPU Cooler (DP-MCH4-GMX-GTE-V2BK),Deepcool,500 - 1650 RPM,27.8 dB,Black,158 mm,No,No,€39.90,https://fi.pcpartpicker.com/product/QCvqqs/deepcool-gammaxx-gte-v2-645-cfm-cpu-cooler-dp-mch4-gmx-gte-v2bk
151,Noctua NH-U9 TR4-SP3 46.44 CFM CPU Cooler (NH-U9 TR4-SP3),Noctua,400 - 2000 RPM,16.3 - 22.8 dB,,125 mm,No,No,€69.90,https://fi.pcpartpicker.com/product/LY38TW/noctua-nh-u9-tr4-sp3-789-cfm-cpu-cooler-nh-u9-tr4-sp3
152,be quiet! Silent Loop 2 360 73.33 CFM Liquid CPU Cooler (BW012),be quiet!,2200 RPM,17.7 - 39.8 dB,Black,,Yes - 360 mm,No,€165.90,https://fi.pcpartpicker.com/product/nx6p99/be-quiet-silent-loop-2-360-7333-cfm-liquid-cpu-cooler-bw012
153,Cooler Master MasterLiquid Lite 120 66.7 CFM Liquid CPU Cooler (MLW-D12M-A20PW-R1),Cooler Master,650 - 2000 RPM,6 - 30 dB,,,Yes - 120 mm,No,€65.00,https://fi.pcpartpicker.com/product/TDdFf7/cooler-master-masterliquid-lite-120-667-cfm-liquid-cpu-cooler-mlw-d12m-a20pw-r1
154,Fractal Design Lumen S28 RGB 78 CFM Liquid CPU Cooler (FD-W-L1-S2802),Fractal Design,500 - 1700 RPM,10 - 35.5 dB,Black,,Yes - 280 mm,No,€139.90,https://fi.pcpartpicker.com/product/N62WGX/fractal-design-lumen-s28-rgb-78-cfm-liquid-cpu-cooler-fd-w-l1-s2802
155,Cooler Master Hyper 212 LED 66.3 CFM Rifle Bearing CPU Cooler (RR-212L-16PR-R1),Cooler Master,600 - 1600 RPM,9 - 31 dB,,160 mm,No,No,€39.90,https://fi.pcpartpicker.com/product/YdJkcf/cooler-master-hyper-212-led-663-cfm-rifle-bearing-cpu-cooler-rr-212l-16pr-r1
156,Corsair iCUE H100i RGB ELITE 65.57 CFM Liquid CPU Cooler (CW-9060058-WW),Corsair,400 - 1850 RPM,19 - 35.8 dB,Black,,Yes - 240 mm,No,€163.90,https://fi.pcpartpicker.com/product/scstt6/corsair-icue-h100i-rgb-elite-6557-cfm-liquid-cpu-cooler-cw-9060058-ww
157,ARCTIC Liquid Freezer II 360 RGB 48.8 CFM Liquid CPU Cooler (ACFRE00100A),ARCTIC,200 - 1800 RPM,22.5 dB,Black,,Yes - 360 mm,No,€119.90,https://fi.pcpartpicker.com/product/RXWzK8/arctic-liquid-freezer-ii-360-rgb-488-cfm-liquid-cpu-cooler-acfre00100a
158,ARCTIC Freezer A35 A-RGB CPU Cooler (ACFRE00115A),ARCTIC,200 - 1700 RPM,,Black,158 mm,No,No,€39.90,https://fi.pcpartpicker.com/product/v9XJ7P/arctic-freezer-a35-a-rgb-cpu-cooler-acfre00115a
159,Deepcool Castle 360 RGB V2 69.34 CFM Liquid CPU Cooler (DP-GS-H12AR-CSL360V2),Deepcool,500 - 1800 RPM,30 dB,Black,,Yes - 360 mm,No,€94.90,https://fi.pcpartpicker.com/product/2G6qqs/deepcool-castle-360-rgb-v2-6934-cfm-liquid-cpu-cooler-dp-gs-h12ar-csl360v2
160,Phanteks Glacier One 360MPH 60.51 CFM Liquid CPU Cooler (PH-GO360MPH_DWT01),Phanteks,500 - 2200 RPM,18 - 34.2 dB,White,,Yes - 360 mm,No,€199.00,https://fi.pcpartpicker.com/product/p66p99/phanteks-glacier-one-360mph-6051-cfm-liquid-cpu-cooler-ph-go360mph_dwt01
161,Scythe Ninja 5 43.03 CFM CPU Cooler (SCNJ-5000),Scythe,300 - 800 RPM,4 - 14.5 dB,Black,155 mm,No,No,€56.90,https://fi.pcpartpicker.com/product/dZ3H99/scythe-ninja-5-4303-cfm-cpu-cooler-scnj-5000
162,MSI MPG CORELIQUID K240 77.4 CFM Liquid CPU Cooler (MPG CoreLiquid K240),MSI,,0 - 39.9 dB,Black,,Yes - 240 mm,No,€169.90,https://fi.pcpartpicker.com/product/Pp8bt6/msi-mpg-coreliquid-k240-774-cfm-liquid-cpu-cooler-mpg-coreliquid-k240
163,Intel BXTS15A CPU Cooler (BXTS15A),Intel,1000 - 3850 RPM,,,90 mm,No,No,€39.00,https://fi.pcpartpicker.com/product/YykwrH/intel-cpu-cooler-bxts15a
164,Phanteks Glacier One 240MPH 60.51 CFM Liquid CPU Cooler (PH-GO240MPH_DWT01),Phanteks,500 - 2200 RPM,18 - 34.2 dB,White / Black,,Yes - 240 mm,No,€158.90,https://fi.pcpartpicker.com/product/4d4BD3/phanteks-glacier-one-240mph-6051-cfm-liquid-cpu-cooler-ph-go240mph_dwt01
165,Antec A40PRO 36 CFM CPU Cooler (A40PRO),Antec,800 - 2200 RPM,16 - 23 dB,,136 mm,No,No,€27.90,https://fi.pcpartpicker.com/product/NF2rxr/antec-a40pro-36-cfm-cpu-cooler-a40pro
166,Antec A40PRO 36 CFM CPU Cooler (A40PRO),Antec,800 - 2200 RPM,16 - 23 dB,,136 mm,No,No,€27.90,https://fi.pcpartpicker.com/product/NF2rxr/antec-a40pro-36-cfm-cpu-cooler-a40pro
167,Noctua NH-U9DXi4 37.8 CFM CPU Cooler (NH-U9DXi4),Noctua,300 - 1600 RPM,13.1 - 17.6 dB,,125 mm,No,No,€63.90,https://fi.pcpartpicker.com/product/hsw323/noctua-cpu-cooler-nhu9dxi4
168,Cooler Master Wraith Ripper 76.4 CFM CPU Cooler (MAM-D7PN-DWRPS-T1),Cooler Master,,0 - 38 dB,Black,160 mm,No,No,€129.90,https://fi.pcpartpicker.com/product/6rhKHx/cooler-master-wraith-ripper-764-cfm-cpu-cooler-mam-d7pn-dwrps-t1
169,ARCTIC Liquid Freezer II 420 RGB 68.9 CFM Liquid CPU Cooler (ACFRE00110A),ARCTIC,200 - 1900 RPM,22.5 dB,Black,,Yes - 420 mm,No,€128.00,https://fi.pcpartpicker.com/product/mhZ9TW/arctic-liquid-freezer-ii-420-rgb-689-cfm-liquid-cpu-cooler-acfre00110a
170,Antec A30 36 CFM CPU Cooler (A30),Antec,1750 RPM,20 dB,,123 mm,No,No,€19.90,https://fi.pcpartpicker.com/product/nJrcCJ/antec-a30-360-cfm-cpu-cooler-a30
171,Noctua NH-U12S SE-AM4 CPU Cooler (NH-U12S SE-AM4),Noctua,300 - 1500 RPM,18.6 - 22.4 dB,,158 mm,No,No,€65.90,https://fi.pcpartpicker.com/product/7dTrxr/noctua-nh-u12s-se-am4-cpu-cooler-nh-u12s-se-am4
172,Cooler Master Hyper TX3 Evo 43.1 CFM CPU Cooler (RR-TX3E-22PK-R1),Cooler Master,800 - 2200 RPM,,,136 mm,No,No,€29.90,https://fi.pcpartpicker.com/product/vptCmG/cooler-master-cpu-cooler-rrtx3e22pkr1
173,CRYORIG M9i 48.4 CFM CPU Cooler (M9i),CRYORIG,600 - 2200 RPM,26.4 dB,,125 mm,No,No,€34.90,https://fi.pcpartpicker.com/product/LPVBD3/cryorig-m9i-484-cfm-cpu-cooler-m9i
174,Cooler Master MasterLiquid ML120R RGB 66.7 CFM Liquid CPU Cooler (MLX-D12M-A20PC-R1),Cooler Master,650 - 2000 RPM,6 - 30 dB,,,Yes - 120 mm,No,€117.90,https://fi.pcpartpicker.com/product/7tQG3C/cooler-master-masterliquid-ml120r-rgb-667-cfm-liquid-cpu-cooler-mlx-d12m-a20pc-r1
175,be quiet! Silent Loop 2 240 73.33 CFM Liquid CPU Cooler (BW010),be quiet!,2200 RPM,16.8 - 38.3 dB,Black,,Yes - 240 mm,No,€129.90,https://fi.pcpartpicker.com/product/4cqPxr/be-quiet-silent-loop-2-240-7333-cfm-liquid-cpu-cooler-bw010
176,ARCTIC Liquid Freezer II 240 RGB 48.8 CFM Liquid CPU Cooler (ACFRE00099A),ARCTIC,200 - 1800 RPM,22.5 dB,Black,,Yes - 240 mm,No,€104.90,https://fi.pcpartpicker.com/product/FnKKHx/arctic-liquid-freezer-ii-240-rgb-488-cfm-liquid-cpu-cooler-acfre00099a
177,be quiet! Pure Loop 120 Liquid CPU Cooler (BW005),be quiet!,,18.9 - 36.1 dB,Black,,Yes - 120 mm,No,€88.90,https://fi.pcpartpicker.com/product/ZkhmP6/be-quiet-pure-loop-120-liquid-cpu-cooler-bw005
178,Cooler Master MasterLiquid PL360 FLUX 72.37 CFM Liquid CPU Cooler (MLY-D36M-A23PZ-R1),Cooler Master,,32 dB,Black,,Yes - 360 mm,No,€176.90,https://fi.pcpartpicker.com/product/WxC48d/cooler-master-masterliquid-pl360-flux-7237-cfm-liquid-cpu-cooler-mly-d36m-a23pz-r1
179,Noctua NH-D15 SE-AM4 82.52 CFM CPU Cooler (NH-D15 SE-AM4),Noctua,1200 - 1500 RPM,19.2 - 24.6 dB,,165 mm,No,No,€92.90,https://fi.pcpartpicker.com/product/shNypg/noctua-nh-d15-se-am4-8252-cfm-cpu-cooler-nh-d15-se-am4
180,ARCTIC Liquid Freezer II 280 RGB 68.9 CFM Liquid CPU Cooler (ACFRE00108A),ARCTIC,200 - 1900 RPM,22.5 dB,Black,,Yes - 280 mm,No,€102.90,https://fi.pcpartpicker.com/product/VQxRsY/arctic-liquid-freezer-ii-280-rgb-689-cfm-liquid-cpu-cooler-acfre00108a
181,ARCTIC Liquid Freezer II 360 RGB 48.8 CFM Liquid CPU Cooler (ACFRE00097A),ARCTIC,200 - 1800 RPM,22.5 dB,Black / Gray,,Yes - 360 mm,No,€112.90,https://fi.pcpartpicker.com/product/sg3gXL/arctic-liquid-freezer-ii-360-rgb-488-cfm-liquid-cpu-cooler-acfre00097a
182,Phanteks Glacier One 360MP 60.51 CFM Liquid CPU Cooler (PH-GO360MP_DBK01),Phanteks,500 - 2200 RPM,18 - 34.2 dB,Black / White,,Yes - 360 mm,No,€164.90,https://fi.pcpartpicker.com/product/NPtKHx/phanteks-glacier-one-360mp-6051-cfm-liquid-cpu-cooler-ph-go360mp_dbk01
183,ARCTIC Freezer A13 X CPU Cooler (ACFRE00083A),ARCTIC,300 - 2000 RPM,,Black / White,137 mm,No,No,€24.90,https://fi.pcpartpicker.com/product/jPdrxr/arctic-freezer-a13-x-cpu-cooler-acfre00083a
184,Cooler Master Hyper H411R 34.1 CFM CPU Cooler (RR-H411-20PW-R1),Cooler Master,600 - 2000 RPM,29.4 dB,Black / Silver,136 mm,No,No,€34.90,https://fi.pcpartpicker.com/product/8hx2FT/cooler-master-hyper-h411r-341-cfm-cpu-cooler-rr-h411-20pw-r1
185,Aerocool Cylon 4 52.5 CFM CPU Cooler (ACTC-CL30410.01),Aerocool,800 - 1800 RPM,14 - 26 dB,Black,155 mm,No,No,€37.90,https://fi.pcpartpicker.com/product/gxVG3C/aerocool-cylon-4-525-cfm-cpu-cooler-actc-cl3041001
186,Scythe Big Shuriken 3 50.79 CFM CPU Cooler (SCBSK-3000),Scythe,300 - 1800 RPM,2.7 - 30.4 dB,Black / Silver,69 mm,No,No,€47.90,https://fi.pcpartpicker.com/product/DKfhP6/scythe-big-shuriken-3-5079-cfm-cpu-cooler-scbsk-3000
187,Fractal Design Lumen S24 56 CFM Liquid CPU Cooler (FD-W-L1-S2401),Fractal Design,500 - 2000 RPM,10 - 33.2 dB,Black,,Yes - 240 mm,No,€116.90,https://fi.pcpartpicker.com/product/fy8bt6/fractal-design-lumen-s24-56-cfm-liquid-cpu-cooler-fd-w-l1-s2401
188,Noctua NH-L9x65 SE-AM4 CPU Cooler (NH-L9x65 SE-AM4),Noctua,600 - 2500 RPM,14.8 - 23.6 dB,,65 mm,No,No,€52.90,https://fi.pcpartpicker.com/product/VHtWGX/noctua-nh-l9x65-se-am4-cpu-cooler-nh-l9x65-se-am4
189,Cooler Master MasterLiquid PL240 FLUX 72.37 CFM Liquid CPU Cooler (MLY-D24M-A23PZ-R1),Cooler Master,,32 dB,Black,,Yes - 240 mm,No,€154.90,https://fi.pcpartpicker.com/product/bqXJ7P/cooler-master-masterliquid-pl240-flux-7237-cfm-liquid-cpu-cooler-mly-d24m-a23pz-r1
190,Razer Hanbo Chroma Liquid CPU Cooler (RC21-01770100-R3M1),Razer,,,Black,,Yes - 240 mm,No,€179.90,https://fi.pcpartpicker.com/product/L9pzK8/razer-hanbo-chroma-liquid-cpu-cooler-rc21-01770100-r3m1
191,Phanteks Glacier One 360MPH 60.51 CFM Liquid CPU Cooler (PH-GO360MPH_DBK01),Phanteks,500 - 2200 RPM,18 - 34.2 dB,Black,,Yes - 360 mm,No,€199.00,https://fi.pcpartpicker.com/product/C7ddnQ/phanteks-glacier-one-360mph-6051-cfm-liquid-cpu-cooler-ph-go360mph_dbk01
192,be quiet! Silent Loop 2 280 77.57 CFM Liquid CPU Cooler (BW011),be quiet!,1600 RPM,16.5 - 36.1 dB,Black,,Yes - 280 mm,No,€141.90,https://fi.pcpartpicker.com/product/fQqPxr/be-quiet-silent-loop-2-280-7757-cfm-liquid-cpu-cooler-bw011
193,Fractal Design Lumen S36 56 CFM Liquid CPU Cooler (FD-W-L1-S3601),Fractal Design,500 - 2000 RPM,10 - 33.2 dB,Black,,Yes - 360 mm,No,€139.90,https://fi.pcpartpicker.com/product/XkqPxr/fractal-design-lumen-s36-56-cfm-liquid-cpu-cooler-fd-w-l1-s3601
194,Fractal Design Celsius+ S28 Prisma PWM ARGB 103.9 CFM Liquid CPU Cooler (FD-W-2-S2802),Fractal Design,500 - 1700 RPM,34.1 dB,Black,,Yes - 280 mm,No,€179.90,https://fi.pcpartpicker.com/product/yjsnTW/fractal-design-celsius-s28-prisma-pwm-argb-1039-cfm-liquid-cpu-cooler-fd-w-2-s2802
195,Fractal Design Celsius+ S36 Prisma PWM ARGB 85.71 CFM Liquid CPU Cooler (FD-W-2-S3602),Fractal Design,500 - 2000 RPM,32.7 dB,Black,,Yes - 360 mm,No,€213.00,https://fi.pcpartpicker.com/product/d3jNnQ/fractal-design-celsius-s36-prisma-pwm-argb-8571-cfm-liquid-cpu-cooler-fd-w-2-s3602
196,be quiet! Shadow Rock Slim 2 CPU Cooler (BK032),be quiet!,1400 RPM,11.5 - 23.7 dB,Black,161 mm,No,No,€52.00,https://fi.pcpartpicker.com/product/JNgFf7/be-quiet-shadow-rock-slim-2-cpu-cooler-bk032
197,Silverstone Krypton KR02 56.1 CFM CPU Cooler (SST-KR02),Silverstone,800 - 2800 RPM,13.6 - 34.8 dB,Black / Silver,125 mm,No,No,€20.90,https://fi.pcpartpicker.com/product/YVdxFT/silverstone-krypton-kr02-561-cfm-cpu-cooler-sst-kr02
198,ARCTIC Freezer 50 CPU Cooler (ACFRE00065A),ARCTIC,200 - 1800 RPM,,Black,166 mm,No,No,€54.90,https://fi.pcpartpicker.com/product/HtzFf7/arctic-freezer-50-cpu-cooler-acfre00065a
199,CRYORIG H7 Quad Lumi 49 CFM CPU Cooler (H7 Quad Lumi),CRYORIG,330 - 1600 RPM,10 - 25 dB,,145 mm,No,No,€59.90,https://fi.pcpartpicker.com/product/bHcMnQ/cryorig-h7-quad-lumi-49-cfm-cpu-cooler-h7-quad-lumi
200,Fractal Design Lumen S28 78 CFM Liquid CPU Cooler (FD-W-L1-S2801),Fractal Design,500 - 1700 RPM,10 - 35.5 dB,Black,,Yes - 280 mm,No,€129.90,https://fi.pcpartpicker.com/product/n62WGX/fractal-design-lumen-s28-78-cfm-liquid-cpu-cooler-fd-w-l1-s2801
201,ARCTIC Freezer A13 X CO CPU Cooler (ACFRE00084A),ARCTIC,300 - 2000 RPM,,Black / White,137 mm,No,No,€25.90,https://fi.pcpartpicker.com/product/zbzFf7/arctic-freezer-a13-x-co-cpu-cooler-acfre00084a
202,Deepcool GAMMAXX 300 55.5 CFM CPU Cooler (GAMMAXX 300),Deepcool,900 - 1600 RPM,17.8 - 21 dB,,144 mm,No,No,€19.90,https://fi.pcpartpicker.com/product/JHV48d/deepcool-cpu-cooler-gammaxx300
203,be quiet! Dark Rock TF 67.8 CFM Fluid Dynamic Bearing CPU Cooler (BK020),be quiet!,1400 RPM,11.9 - 26.7 dB,,131 mm,No,No,€86.90,https://fi.pcpartpicker.com/product/Y27CmG/be-quiet-cpu-cooler-bk020
204,Noctua NH-U12DXi4 55 CFM CPU Cooler (NH-U12DXi4),Noctua,300 - 1500 RPM,18.6 - 22.4 dB,,158 mm,No,No,€66.90,https://fi.pcpartpicker.com/product/XXK7YJ/noctua-nh-u12dxi4-55-cfm-cpu-cooler-nh-u12dxi4
205,Thermaltake UX200 ARGB 43.34 CFM CPU Cooler (CL-P065-AL12SW-A),Thermaltake,300 - 1500 RPM,26.33 dB,Black,154 mm,No,No,€45.20,https://fi.pcpartpicker.com/product/yLsnTW/thermaltake-ux200-argb-4334-cfm-cpu-cooler-cl-p065-al12sw-a
206,CRYORIG C7 40.5 CFM CPU Cooler (C7),CRYORIG,600 - 2500 RPM,30 dB,,47 mm,No,No,€37.90,https://fi.pcpartpicker.com/product/Lbhj4D/cryorig-c7-405-cfm-cpu-cooler-c7
207,Scythe Mugen 5 PCGH Edition 43.03 CFM CPU Cooler (SCMG-5PCGH),Scythe,300 - 800 RPM,4 - 14.5 dB,Silver / Black,155 mm,No,No,€56.90,https://fi.pcpartpicker.com/product/tWfhP6/scythe-mugen-5-pcgh-edition-4303-cfm-cpu-cooler-scmg-5pcgh
208,Thermaltake Floe Riing RGB 360 TT Premium Edition 42.34 CFM Liquid CPU Cooler (CL-W158-PL12SW-A),Thermaltake,500 - 1400 RPM,19.8 - 24.7 dB,,,Yes - 360 mm,No,€228.90,https://fi.pcpartpicker.com/product/CVJkcf/thermaltake-floe-riing-rgb-360-tt-premium-edition-423-cfm-liquid-cpu-cooler-cl-w158-pl12sw-a
209,Phanteks Glacier One 280MP 93.05 CFM Liquid CPU Cooler (PH-GO280MP_DBK01),Phanteks,500 - 2000 RPM,18 - 39.1 dB,Black / White,,Yes - 280 mm,No,€139.90,https://fi.pcpartpicker.com/product/nLvqqs/phanteks-glacier-one-280mp-9305-cfm-liquid-cpu-cooler-ph-go280mp_dbk01
210,CRYORIG C7 Cu 40.5 CFM CPU Cooler (CR-C7B),CRYORIG,600 - 2500 RPM,30 dB,White / Orange,47 mm,No,No,€56.90,https://fi.pcpartpicker.com/product/V9ndnQ/cryorig-c7-cu-405-cfm-cpu-cooler-cr-c7b
211,Fractal Design Celsius+ S24 Dynamic X2 PWM 87.6 CFM Liquid CPU Cooler (FD-W-2-S2401),Fractal Design,500 - 2000 RPM,32.2 dB,Black,,Yes - 240 mm,No,€142.00,https://fi.pcpartpicker.com/product/CGtKHx/fractal-design-celsius-s24-dynamic-x2-pwm-876-cfm-liquid-cpu-cooler-fd-w-2-s2401
212,RAIJINTEK JUNO PRO RBW 35.8 CFM CPU Cooler (0R10B00120),RAIJINTEK,400 - 1800 RPM,28 dB,Black,66 mm,No,No,€14.90,https://fi.pcpartpicker.com/product/T6MTwP/raijintek-juno-pro-rbw-358-cfm-cpu-cooler-0r10b00120
213,Fractal Design Celsius+ S24 Prisma PWM ARGB 85.71 CFM Liquid CPU Cooler (FD-W-2-S2402),Fractal Design,500 - 2000 RPM,32.7 dB,Black,,Yes - 240 mm,No,€159.90,https://fi.pcpartpicker.com/product/cJqBD3/fractal-design-celsius-s24-prisma-pwm-argb-8571-cfm-liquid-cpu-cooler-fd-w-2-s2402
214,ARCTIC Freezer 50 TR CPU Cooler (ACFRE00055A),ARCTIC,200 - 1800 RPM,23.5 dB,Black,165 mm,No,No,€62.90,https://fi.pcpartpicker.com/product/Xg3mP6/arctic-freezer-50-tr-cpu-cooler-acfre00055a
215,Asus ROG RYUO 120 RGB 80.95 CFM Liquid CPU Cooler (ROG RYUO 120),Asus,800 - 2500 RPM,37 dB,Black,,Yes - 120 mm,No,€141.00,https://fi.pcpartpicker.com/product/DYzkcf/asus-rog-ryuo-120-810-cfm-liquid-cpu-cooler-rog-ryuo-120
216,Fractal Design Celsius+ S36 Dynamic X2 PWM 87.6 CFM Liquid CPU Cooler (FD-W-2-S3601),Fractal Design,500 - 2000 RPM,32.2 dB,Black,,Yes - 360 mm,No,€179.90,https://fi.pcpartpicker.com/product/ywH8TW/fractal-design-celsius-s36-dynamic-x2-pwm-876-cfm-liquid-cpu-cooler-fd-w-2-s3601
217,Cooler Master MasterLiquid ML360P Silver Edition ARGB 45 CFM Liquid CPU Cooler (MLY-D36M-A18PA-R1),Cooler Master,650 - 1800 RPM,8 - 30 dB,Silver / Black,,Yes - 360 mm,No,€209.90,https://fi.pcpartpicker.com/product/ZBcRsY/cooler-master-masterliquid-ml360p-silver-edition-argb-45-cfm-liquid-cpu-cooler-mly-d36m-a18pa-r1
218,Fractal Design Celsius S36 Blackout 87.6 CFM Liquid CPU Cooler (FD-WCU-CELSIUS-S36-BKO),Fractal Design,500 - 2000 RPM,32.2 dB,Black,,Yes - 360 mm,No,€159.00,https://fi.pcpartpicker.com/product/cmPgXL/fractal-design-celsius-s36-blackout-876-cfm-liquid-cpu-cooler-fd-wcu-celsius-s36-bko
219,Scythe Kotetsu Mark II 51.17 CFM CPU Cooler (SCKTT-2000),Scythe,300 - 1200 RPM,4 - 24.9 dB,,154 mm,No,No,€35.90,https://fi.pcpartpicker.com/product/sM66Mp/scythe-kotetsu-mark-ii-5117-cfm-cpu-cooler-scktt-2000
220,Fractal Design Celsius S24 Blackout 87.6 CFM Liquid CPU Cooler (FD-WCU-CELSIUS-S24-BKO),Fractal Design,500 - 2000 RPM,32.2 dB,Black,,Yes - 240 mm,No,€135.00,https://fi.pcpartpicker.com/product/CttKHx/fractal-design-celsius-s24-blackout-876-cfm-liquid-cpu-cooler-fd-wcu-celsius-s24-bko
221,Asus ROG Strix LC 360 80.95 CFM Liquid CPU Cooler (ROG Strix LC 360),Asus,800 - 2500 RPM,37.6 dB,Black,,Yes - 360 mm,No,€204.90,https://fi.pcpartpicker.com/product/zqbCmG/asus-rog-strix-lc-360-8095-cfm-liquid-cpu-cooler-rog-strix-lc-360
222,Phanteks Glacier One 280MPH 93.05 CFM Liquid CPU Cooler (PH-GO280MPH_DBK01),Phanteks,500 - 2200 RPM,18 - 39.1 dB,Black,,Yes - 280 mm,No,€174.90,https://fi.pcpartpicker.com/product/DPcG3C/phanteks-glacier-one-280mph-9305-cfm-liquid-cpu-cooler-ph-go280mph_dbk01
223,be quiet! Shadow Rock TF 2 CPU Cooler (BK003),be quiet!,1400 RPM,11.9 - 24.4 dB,Silver / Black,112 mm,No,No,€64.90,https://fi.pcpartpicker.com/product/KtyV3C/be-quiet-shadow-rock-tf-2-cpu-cooler-bk003
224,CRYORIG M9a 48.4 CFM CPU Cooler (M9a),CRYORIG,600 - 2200 RPM,26.4 dB,,125 mm,No,No,€34.90,https://fi.pcpartpicker.com/product/Gqp323/cryorig-cpu-cooler-m9a
225,Asus ROG Ryujin 240 RGB AIO 121.8 CFM Liquid CPU Cooler (90RC0030-M0UAY0),Asus,450 - 2000 RPM,29.7 dB,Black,,Yes - 240 mm,No,€189.90,https://fi.pcpartpicker.com/product/MxqhP6/asus-rog-ryujin-240-rgb-aio-1218-cfm-liquid-cpu-cooler-90rc0030-m0uay0
226,Corsair iCUE H115i RGB ELITE 89 CFM Liquid CPU Cooler (CW-9060059-WW),Corsair,400 - 1600 RPM,19 - 35.8 dB,Black,,Yes - 280 mm,No,€181.90,https://fi.pcpartpicker.com/product/ypvdnQ/corsair-icue-h115i-rgb-elite-89-cfm-liquid-cpu-cooler-cw-9060059-ww
227,Alpenföhn Glacier Water High Speed 360 77.9 CFM Liquid CPU Cooler (84000000195),Alpenföhn,500 - 2200 RPM,36.8 dB,White,,Yes - 360 mm,No,€204.90,https://fi.pcpartpicker.com/product/8LcG3C/alpenfohn-glacier-water-high-speed-360-779-cfm-liquid-cpu-cooler-84000000195
228,Alpenföhn BEN NEVIS 56 CFM CPU Cooler (84000000119),Alpenföhn,400 - 1600 RPM,8 - 20.2 dB,,140 mm,No,No,€26.90,https://fi.pcpartpicker.com/product/kPDzK8/alpenfohn-ben-nevis-560-cfm-cpu-cooler-84000000119
229,Alphacool Eisbaer Aurora 420 41.8 CFM Liquid CPU Cooler (11731),Alphacool,600 - 1500 RPM,,Black,,Yes - 420 mm,No,€174.90,https://fi.pcpartpicker.com/product/2dzFf7/alphacool-eisbaer-aurora-420-418-cfm-liquid-cpu-cooler-11731
230,CRYORIG R1 Ultimate 76 CFM CPU Cooler (CR-R1A),CRYORIG,700 - 1300 RPM,23 dB,,169 mm,No,No,€85.90,https://fi.pcpartpicker.com/product/xFw323/cryorig-r1-ultimate-76-cfm-cpu-cooler-cr-r1a
231,Asus ROG RYUO 240 RGB 80.95 CFM Liquid CPU Cooler (ROG RYUO 240),Asus,800 - 2500 RPM,37 dB,Black,,Yes - 240 mm,No,€169.90,https://fi.pcpartpicker.com/product/wW8j4D/asus-rog-ryuo-240-810-cfm-liquid-cpu-cooler-rog-ryuo-240
232,Phanteks Glacier One 240MPH 60.51 CFM Liquid CPU Cooler (PH-GO240MPH_DBK01),Phanteks,500 - 2200 RPM,18 - 34.2 dB,Black,,Yes - 240 mm,No,€164.90,https://fi.pcpartpicker.com/product/wLYmP6/phanteks-glacier-one-240mph-6051-cfm-liquid-cpu-cooler-ph-go240mph_dbk01
233,Fractal Design Celsius+ S28 Dynamic X2 PWM 85.71 CFM Liquid CPU Cooler (FD-W-2-S2801),Fractal Design,500 - 1700 RPM,32.7 dB,Black,,Yes - 280 mm,No,€159.90,https://fi.pcpartpicker.com/product/s9XYcf/fractal-design-celsius-s28-dynamic-x2-pwm-8571-cfm-liquid-cpu-cooler-fd-w-2-s2801
234,Noctua NH-U12S TR4-SP3 54.97 CFM CPU Cooler (NH-U12S TR4-SP3),Noctua,300 - 1500 RPM,18.6 - 22.4 dB,,158 mm,No,No,€67.90,https://fi.pcpartpicker.com/product/NDtWGX/noctua-nh-u12s-tr4-sp3-934-cfm-cpu-cooler-nh-u12s-tr4-sp3
235,Phanteks Glacier One 240 T30 101 CFM Liquid CPU Cooler (PH-GO240T30_DAG),Phanteks,1200 - 3000 RPM,11.1 - 39.7 dB,Gray,,Yes - 240 mm,No,€174.90,https://fi.pcpartpicker.com/product/XWqPxr/phanteks-glacier-one-240-t30-101-cfm-liquid-cpu-cooler-ph-go240t30_dag
236,Silverstone AR06 40.2 CFM CPU Cooler (AR06),Silverstone,2500 RPM,20 - 28.3 dB,,58 mm,No,No,€37.90,https://fi.pcpartpicker.com/product/sV38TW/silverstone-cpu-cooler-ar06
