id,Name,Manufacturer,Chipset,Memory,Memory Type,Core Clock,Boost Clock,Effective Memory Clock,Interface,Color,Length,TDP,Expansion Slot Width,Cooling,Price,Url
1,Asus GeForce GTX 1660 SUPER 6 GB TUF GAMING OC Video Card (TUF-GTX1660S-O6G-GAMING),Asus,GeForce GTX 1660 SUPER,6 GB,GDDR6,1530 MHz,1845 MHz,14002 MHz,PCIe x16,Black,206 mm,125 W,2,2 Fans,€361.00,https://fi.pcpartpicker.com/product/CH4BD3/asus-geforce-gtx-1660-super-6-gb-tuf-gaming-oc-video-card-tuf-gtx1660s-o6g-gaming
2,Asus GeForce GTX 1650 G5 4 GB Phoenix OC Video Card (PH-GTX1650-O4G),Asus,GeForce GTX 1650 G5,4 GB,GDDR5,1485 MHz,1710 MHz,8002 MHz,PCIe x16,Black,190 mm,75 W,2,1 Fan,€251.00,https://fi.pcpartpicker.com/product/f8WfrH/asus-geforce-gtx-1650-4-gb-phoenix-oc-video-card-ph-gtx1650-o4g
3,Asus GeForce GTX 1660 SUPER 6 GB Phoenix OC Video Card (PH-GTX1660S-O6G),Asus,GeForce GTX 1660 SUPER,6 GB,GDDR6,1530 MHz,1830 MHz,14002 MHz,PCIe x16,Black / White,174 mm,125 W,2,1 Fan,€334.00,https://fi.pcpartpicker.com/product/jkfFf7/asus-geforce-gtx-1660-super-6-gb-phoenix-oc-video-card-ph-gtx1660s-o6g
4,Asus GeForce GTX 1660 SUPER 6 GB DUAL EVO OC Video Card (DUAL-GTX1660S-O6G-EVO),Asus,GeForce GTX 1660 SUPER,6 GB,GDDR6,1530 MHz,1860 MHz,14002 MHz,PCIe x16,Black,242 mm,125 W,2,2 Fans,€384.00,https://fi.pcpartpicker.com/product/zwYQzy/asus-geforce-gtx-1660-super-6-gb-dual-evo-oc-video-card-dual-gtx1660s-o6g-evo
5,Asus GeForce GTX 1650 G6 4 GB TUF GAMING OC Video Card (TUF-GTX1650-O4GD6-GAMING),Asus,GeForce GTX 1650 G6,4 GB,GDDR6,1410 MHz,1680 MHz,12000 MHz,PCIe x16,Black,204 mm,75 W,2,2 Fans,€249.90,https://fi.pcpartpicker.com/product/DnjBD3/asus-geforce-gtx-1650-g6-4-gb-tuf-gaming-oc-video-card-tuf-gtx1650-o4gd6-gaming
6,Asus GeForce GTX 1050 Ti 4 GB CERBERUS Video Card (CERBERUS-GTX1050TI-A4G),Asus,GeForce GTX 1050 Ti,4 GB,GDDR5,1328 MHz,1442 MHz,7008 MHz,PCIe x16,Black / Red,203 mm,75 W,2,2 Fans,€212.00,https://fi.pcpartpicker.com/product/Bzvbt6/asus-geforce-gtx-1050-ti-4gb-cerberus-video-card-cerberus-gtx1050ti-a4g
7,Asus GeForce GTX 1650 G6 4 GB DUAL MINI OC Video Card (DUAL-GTX1650-O4GD6-MINI),Asus,GeForce GTX 1650 G6,4 GB,GDDR6,1410 MHz,1650 MHz,12000 MHz,PCIe x16,Black,200 mm,75 W,2,2 Fans,€270.00,https://fi.pcpartpicker.com/product/KpPQzy/asus-geforce-gtx-1650-g6-4-gb-dual-mini-oc-video-card-dual-gtx1650-o4gd6-mini
8,EVGA GeForce RTX 3060 12 GB XC GAMING Video Card (12G-P5-3657-KR),EVGA,GeForce RTX 3060,12 GB,GDDR6,1320 MHz,1882 MHz,15000 MHz,PCIe x16,Black,202 mm,170 W,2,2 Fans,€509.90,https://fi.pcpartpicker.com/product/LpbTwP/evga-geforce-rtx-3060-12-gb-xc-gaming-video-card-12g-p5-3657-kr
9,MSI GeForce RTX 3060 12 GB VENTUS 2X Video Card (RTX3060Ventus2X12GOC),MSI,GeForce RTX 3060,12 GB,GDDR6,1320 MHz,1777 MHz,15000 MHz,PCIe x16,Black,235 mm,170 W,2,2 Fans,€479.90,https://fi.pcpartpicker.com/product/pD8bt6/msi-geforce-rtx-3060-12-gb-ventus-2x-video-card-rtx3060ventus2x12goc
10,Asus GeForce RTX 3070 Ti 8 GB TUF GAMING OC Video Card (TUF-RTX3070TI-O8G-GAMING),Asus,GeForce RTX 3070 Ti,8 GB,GDDR6X,1575 MHz,1815 MHz,19000 MHz,PCIe x16,Black / Silver,300 mm,290 W,2,3 Fans,€839.90,https://fi.pcpartpicker.com/product/CqPQzy/asus-geforce-rtx-3070-ti-8-gb-tuf-gaming-oc-video-card-tuf-rtx3070ti-o8g-gaming
11,EVGA GeForce RTX 3080 10GB LHR 10 GB FTW3 ULTRA GAMING LHR Video Card (10G-P5-3897-KL),EVGA,GeForce RTX 3080 10GB LHR,10 GB,GDDR6X,1440 MHz,1800 MHz,19000 MHz,PCIe x16,Black,300 mm,320 W,2,3 Fans,€1079.90,https://fi.pcpartpicker.com/product/zsmmP6/evga-geforce-rtx-3080-lhr-10-gb-ftw3-ultra-gaming-lhr-video-card-10g-p5-3897-kl
12,MSI GeForce RTX 3060 12 GB GAMING X Video Card (RTX 3060 Gaming X12G),MSI,GeForce RTX 3060,12 GB,GDDR6,1320 MHz,1837 MHz,15000 MHz,PCIe x16,Black / Silver,276 mm,170 W,2,2 Fans,€529.90,https://fi.pcpartpicker.com/product/wD8bt6/msi-geforce-rtx-3060-12-gb-gaming-x-video-card-rtx-3060-gaming-x12g
13,Gigabyte GeForce RTX 3080 Ti 12 GB GAMING OC Video Card (GV-N308TGAMING OC-12GD),Gigabyte,GeForce RTX 3080 Ti,12 GB,GDDR6X,1365 MHz,1770 MHz,,PCIe x16,Black / Silver,320 mm,350 W,2,3 Fans,€1299.90,https://fi.pcpartpicker.com/product/PjGbt6/gigabyte-geforce-rtx-3080-ti-12-gb-gaming-oc-video-card-gv-n308tgaming-oc-12gd
14,Asus GeForce RTX 2060 6 GB DUAL EVO OC Video Card (DUAL-RTX2060-O6G-EVO),Asus,GeForce RTX 2060,6 GB,GDDR6,1365 MHz,1785 MHz,14000 MHz,PCIe x16,Black,242 mm,160 W,2,2 Fans,€299.90,https://fi.pcpartpicker.com/product/fYNgXL/asus-geforce-rtx-2060-6-gb-dual-evo-oc-video-card-dual-rtx2060-o6g-evo
15,MSI GeForce RTX 3060 Ti LHR 8 GB VENTUS 2X OCV1 Video Card (GeForce RTX 3060 Ti VENTUS 2X 8G OCV1 LHR),MSI,GeForce RTX 3060 Ti LHR,8 GB,GDDR6,1410 MHz,1695 MHz,14000 MHz,PCIe x16,Black / Gray,235 mm,200 W,2,2 Fans,€629.90,https://fi.pcpartpicker.com/product/L9BG3C/msi-geforce-rtx-3060-ti-lhr-8-gb-ventus-2x-ocv1-video-card-geforce-rtx-3060-ti-ventus-2x-8g-ocv1-lhr
16,EVGA GeForce RTX 3060 Ti LHR 8 GB XC GAMING Video Card (08G-P5-3663-KL),EVGA,GeForce RTX 3060 Ti LHR,8 GB,GDDR6,1410 MHz,1710 MHz,14000 MHz,PCIe x16,Black,202 mm,200 W,2,2 Fans,€649.90,https://fi.pcpartpicker.com/product/jZFbt6/evga-geforce-rtx-3060-ti-lhr-8-gb-xc-gaming-video-card-08g-p5-3663-kl
17,MSI GeForce RTX 3080 12GB LHR 12 GB VENTUS 3X PLUS OC Video Card (GeForce RTX 3080 VENTUS 3X PLUS 12G OC LHR),MSI,GeForce RTX 3080 12GB LHR,12 GB,GDDR6X,1260 MHz,1740 MHz,,PCIe x16,Black / Gray,305 mm,350 W,2,3 Fans,€1199.90,https://fi.pcpartpicker.com/product/ggNxFT/msi-geforce-rtx-3080-12gb-lhr-12-gb-ventus-3x-plus-oc-video-card-geforce-rtx-3080-ventus-3x-plus-12g-oc-lhr
18,MSI GeForce RTX 3080 10GB LHR 10 GB GAMING Z TRIO Video Card (RTX 3080 GAMING Z TRIO 10G LHR),MSI,GeForce RTX 3080 10GB LHR,10 GB,GDDR6X,1440 MHz,1830 MHz,19000 MHz,PCIe x16,Black,323 mm,370 W,2,3 Fans,€969.90,https://fi.pcpartpicker.com/product/MXYmP6/msi-geforce-rtx-3080-lhr-10-gb-gaming-z-trio-video-card-rtx-3080-gaming-z-trio-10g-lhr
19,Gigabyte GeForce RTX 3080 12GB LHR 12 GB GAMING OC Video Card (GV-N3080GAMING OC-12GD),Gigabyte,GeForce RTX 3080 12GB LHR,12 GB,GDDR6X,1260 MHz,1755 MHz,19000 MHz,PCIe x16,Black / Silver,320 mm,350 W,2,3 Fans,€1069.90,https://fi.pcpartpicker.com/product/VpJgXL/gigabyte-geforce-rtx-3080-12gb-lhr-12-gb-gaming-oc-video-card-gv-n3080gaming-oc-12gd
20,Asus GeForce RTX 3070 Ti 8 GB ROG STRIX GAMING OC Video Card (ROG-STRIX-RTX3070TI-O8G-GAMING),Asus,GeForce RTX 3070 Ti,8 GB,GDDR6X,1575 MHz,,19000 MHz,PCIe x16,Black / Silver,318 mm,290 W,2,3 Fans,€879.90,https://fi.pcpartpicker.com/product/XmLFf7/asus-geforce-rtx-3070-ti-8-gb-rog-strix-gaming-oc-video-card-rog-strix-rtx3070ti-o8g-gaming
21,MSI GeForce RTX 2060 6 GB VENTUS GP OC Video Card (RTX 2060 VENTUS GPOC),MSI,GeForce RTX 2060,6 GB,GDDR6,1365 MHz,1710 MHz,14000 MHz,PCIe x16,Gray / Black,231 mm,160 W,2,2 Fans,€399.90,https://fi.pcpartpicker.com/product/3ZrRsY/msi-geforce-rtx-2060-6-gb-ventus-gp-oc-video-card-rtx-2060-ventus-gpoc
22,MSI GeForce RTX 3070 Ti 8 GB GAMING X TRIO Video Card (GeForce RTX 3070 Ti GAMING X TRIO 8G),MSI,GeForce RTX 3070 Ti,8 GB,GDDR6X,1575 MHz,1830 MHz,19000 MHz,PCIe x16,Black / Silver,323 mm,310 W,2,3 Fans,€859.90,https://fi.pcpartpicker.com/product/JjGbt6/msi-geforce-rtx-3070-ti-8-gb-gaming-x-trio-video-card-geforce-rtx-3070-ti-gaming-x-trio-8g
23,PNY RTX A6000 48 GB Video Card (VCNRTXA6000-PB),PNY,RTX A6000,48 GB,GDDR6,1455 MHz,1860 MHz,16000 MHz,PCIe x16,Black / Gold,267 mm,300 W,2,1 Fan,€6186.00,https://fi.pcpartpicker.com/product/HWt9TW/pny-rtx-a6000-48-gb-video-card-vcnrtxa6000-pb
24,MSI GeForce RTX 3090 Ti 24 GB SUPRIM X Video Card (RTX 3090 TI SUPRIM X 24G),MSI,GeForce RTX 3090 Ti,24 GB,GDDR6X,1560 MHz,1965 MHz,,PCIe x16,Silver / Black,338 mm,480 W,3,3 Fans,€2289.90,https://fi.pcpartpicker.com/product/G7Fbt6/msi-geforce-rtx-3090-ti-24-gb-suprim-x-video-card-rtx-3090-ti-suprim-x-24g
25,MSI GeForce RTX 3080 Ti 12 GB GAMING X TRIO Video Card (GeForce RTX 3080 Ti GAMING X TRIO 12G),MSI,GeForce RTX 3080 Ti,12 GB,GDDR6X,1365 MHz,1770 MHz,19000 MHz,PCIe x16,Black / Silver,324 mm,350 W,2,3 Fans,€1359.90,https://fi.pcpartpicker.com/product/DDwypg/msi-geforce-rtx-3080-ti-12-gb-gaming-x-trio-video-card-geforce-rtx-3080-ti-gaming-x-trio-12g
26,Asus GeForce RTX 3080 Ti 12 GB TUF GAMING OC Video Card (TUF-RTX3080TI-O12G-GAMING),Asus,GeForce RTX 3080 Ti,12 GB,GDDR6X,1365 MHz,1695 MHz,19000 MHz,PCIe x16,Black,300 mm,350 W,2,3 Fans,€1369.90,https://fi.pcpartpicker.com/product/7CrRsY/asus-geforce-rtx-3080-ti-12-gb-tuf-gaming-oc-video-card-tuf-rtx3080ti-o12g-gaming
27,MSI GeForce RTX 3080 12GB LHR 12 GB GAMING Z TRIO Video Card (GeForce RTX 3080 GAMING Z TRIO 12G LHR),MSI,GeForce RTX 3080 12GB LHR,12 GB,GDDR6X,1260 MHz,1815 MHz,,PCIe x16,Black / Gray,323 mm,390 W,2,3 Fans,€1099.90,https://fi.pcpartpicker.com/product/qFytt6/msi-geforce-rtx-3080-12gb-lhr-12-gb-gaming-z-trio-video-card-geforce-rtx-3080-gaming-z-trio-12g-lhr
28,Asus GeForce RTX 3060 Ti LHR 8 GB TUF GAMING OC V2 Video Card (TUF-RTX3060TI-O8G-V2-GAMING),Asus,GeForce RTX 3060 Ti LHR,8 GB,GDDR6,1410 MHz,1785 MHz,14000 MHz,PCIe x16,Black,301 mm,200 W,2,3 Fans,€699.90,https://fi.pcpartpicker.com/product/RVH7YJ/asus-geforce-rtx-3060-ti-lhr-8-gb-tuf-gaming-oc-v2-video-card-tuf-rtx3060ti-o8g-v2-gaming
29,Asus GeForce RTX 3090 24 GB TUF GAMING OC Video Card (TUF-RTX3090-O24G-GAMING),Asus,GeForce RTX 3090,24 GB,GDDR6X,1395 MHz,,19500 MHz,PCIe x16,Black,300 mm,350 W,2,3 Fans,€1699.90,https://fi.pcpartpicker.com/product/GTkgXL/asus-geforce-rtx-3090-24-gb-tuf-gaming-oc-video-card-tuf-rtx3090-o24g-gaming
30,MSI GeForce RTX 3070 Ti 8 GB VENTUS 3X OC Video Card (GeForce RTX 3070 Ti VENTUS 3X 8G OC),MSI,GeForce RTX 3070 Ti,8 GB,GDDR6X,1575 MHz,1800 MHz,19000 MHz,PCIe x16,Black / Silver,316 mm,290 W,2,3 Fans,€829.90,https://fi.pcpartpicker.com/product/XTmmP6/msi-geforce-rtx-3070-ti-8-gb-ventus-3x-oc-video-card-geforce-rtx-3070-ti-ventus-3x-8g-oc
31,MSI GeForce RTX 3050 8GB 8 GB GAMING X Video Card (GeForce RTX 3050 GAMING X 8G),MSI,GeForce RTX 3050 8GB,8 GB,GDDR6,1550 MHz,,,PCIe x16,Black,278 mm,130 W,2,2 Fans,€409.90,https://fi.pcpartpicker.com/product/HjC48d/msi-geforce-rtx-3050-8gb-8-gb-gaming-x-video-card-geforce-rtx-3050-gaming-x-8g
32,Asus GeForce RTX 3070 LHR 8 GB DUAL OC V2 Video Card (DUAL-RTX3070-O8G-V2),Asus,GeForce RTX 3070 LHR,8 GB,GDDR6,1500 MHz,1800 MHz,14000 MHz,PCIe x16,Black,267 mm,220 W,2,2 Fans,€679.90,https://fi.pcpartpicker.com/product/nv2WGX/asus-geforce-rtx-3070-lhr-8-gb-dual-oc-v2-video-card-dual-rtx3070-o8g-v2
33,Asus GeForce RTX 3080 10GB LHR 10 GB ROG STRIX GAMING OC V2 Video Card (ROG-STRIX-RTX3080-O10G-V2-GAMING),Asus,GeForce RTX 3080 10GB LHR,10 GB,GDDR6X,1440 MHz,1935 MHz,19000 MHz,PCIe x16,Black,318 mm,320 W,2,3 Fans,€1169.90,https://fi.pcpartpicker.com/product/H4jBD3/asus-geforce-rtx-3080-lhr-10-gb-rog-strix-gaming-oc-v2-video-card-rog-strix-rtx3080-o10g-v2-gaming
34,MSI GeForce RTX 3070 LHR 8 GB GAMING Z TRIO Video Card (GeForce RTX 3070 GAMING Z TRIO 8G LHR),MSI,GeForce RTX 3070 LHR,8 GB,GDDR6,1500 MHz,1845 MHz,14000 MHz,PCIe x16,Black / Silver,323 mm,240 W,2,3 Fans,€779.90,https://fi.pcpartpicker.com/product/qQM48d/msi-geforce-rtx-3070-lhr-8-gb-gaming-z-trio-video-card-geforce-rtx-3070-gaming-z-trio-8g-lhr
35,MSI GeForce RTX 3080 Ti 12 GB VENTUS 3X OC Video Card (GeForce RTX 3080 Ti VENTUS 3X 12G OC),MSI,GeForce RTX 3080 Ti,12 GB,GDDR6X,1365 MHz,1695 MHz,19000 MHz,PCIe x16,Black / Silver,305 mm,350 W,2,3 Fans,€1509.90,https://fi.pcpartpicker.com/product/cW92FT/msi-geforce-rtx-3080-ti-12-gb-ventus-3x-oc-video-card-geforce-rtx-3080-ti-ventus-3x-12g-oc
36,MSI GeForce RTX 3090 Ti 24 GB GAMING X TRIO Video Card (RTX 3090 TI GAMING X TRIO 24G),MSI,GeForce RTX 3090 Ti,24 GB,GDDR6X,1560 MHz,1920 MHz,,PCIe x16,Black,325 mm,450 W,3,3 Fans,€2229.90,https://fi.pcpartpicker.com/product/LhLFf7/msi-geforce-rtx-3090-ti-24-gb-gaming-x-trio-video-card-rtx-3090-ti-gaming-x-trio-24g
37,Asus GeForce RTX 3080 12GB LHR 12 GB TUF GAMING OC Video Card (TUF-RTX3080-O12G-GAMING),Asus,GeForce RTX 3080 12GB LHR,12 GB,GDDR6X,1260 MHz,1815 MHz,19000 MHz,PCIe x16,Black / Silver,300 mm,350 W,2,3 Fans,€1099.90,https://fi.pcpartpicker.com/product/qnFbt6/asus-geforce-rtx-3080-12gb-lhr-12-gb-tuf-gaming-oc-video-card-tuf-rtx3080-o12g-gaming
38,MSI GeForce RTX 3090 24 GB GAMING X TRIO Video Card (RTX 3090 GAMING X TRIO 24G),MSI,GeForce RTX 3090,24 GB,GDDR6X,1395 MHz,,,PCIe x16,Black,335 mm,350 W,2,3 Fans,€1899.90,https://fi.pcpartpicker.com/product/yPpmP6/msi-geforce-rtx-3090-24-gb-gaming-x-trio-video-card-rtx-3090-gaming-x-trio-24g
39,MSI GeForce RTX 3070 LHR 8 GB VENTUS 2X OC Video Card (RTX 3070 Ventus 2X 8G OC LHR),MSI,GeForce RTX 3070 LHR,8 GB,GDDR6,1500 MHz,1755 MHz,14000 MHz,PCIe x16,Black,232 mm,220 W,2,2 Fans,€749.90,https://fi.pcpartpicker.com/product/ZcFbt6/msi-geforce-rtx-3070-lhr-8-gb-ventus-2x-oc-video-card-rtx-3070-ventus-2x-8g-oc-lhr
40,Asus GeForce RTX 3080 10GB LHR 10 GB TUF GAMING OC V2 Video Card (TUF-RTX3080-O10G-V2-GAMING),Asus,GeForce RTX 3080 10GB LHR,10 GB,GDDR6X,1440 MHz,1815 MHz,19000 MHz,PCIe x16,Black,300 mm,320 W,2,3 Fans,€899.90,https://fi.pcpartpicker.com/product/p3BG3C/asus-geforce-rtx-3080-lhr-10-gb-tuf-gaming-oc-v2-video-card-tuf-rtx3080-o10g-v2-gaming
41,Asus GeForce RTX 3090 Ti 24 GB TUF GAMING OC Video Card (TUF-RTX3090TI-O24G-GAMING),Asus,GeForce RTX 3090 Ti,24 GB,GDDR6X,1560 MHz,1950 MHz,21000 MHz,PCIe x16,Black,326 mm,450 W,2,3 Fans,€2449.90,https://fi.pcpartpicker.com/product/4rstt6/asus-geforce-rtx-3090-ti-24-gb-tuf-gaming-oc-video-card-tuf-rtx3090ti-o24g-gaming
42,Asus GeForce RTX 3050 8GB 8 GB DUAL OC Video Card (DUAL-RTX3050-O8G),Asus,GeForce RTX 3050 8GB,8 GB,GDDR6,1550 MHz,1852 MHz,,PCIe x16,Black,200 mm,130 W,2,2 Fans,€369.90,https://fi.pcpartpicker.com/product/tBJgXL/asus-geforce-rtx-3050-8gb-8-gb-dual-oc-video-card-dual-rtx3050-o8g
43,MSI GeForce RTX 3070 Ti 8 GB SUPRIM X Video Card (GeForce RTX 3070 Ti SUPRIM X 8G),MSI,GeForce RTX 3070 Ti,8 GB,GDDR6X,1575 MHz,1875 MHz,19000 MHz,PCIe x16,Black / Silver,335 mm,310 W,2,3 Fans,€989.90,https://fi.pcpartpicker.com/product/yvRYcf/msi-geforce-rtx-3070-ti-8-gb-suprim-x-video-card-geforce-rtx-3070-ti-suprim-x-8g
44,PNY Quadro RTX 8000 48 GB Video Card (VCQRTX8000-PB),PNY,Quadro RTX 8000,48 GB,GDDR6,1395 MHz,1770 MHz,14000 MHz,PCIe x16,Black / White,267 mm,295 W,2,1 Fan,€7077.00,https://fi.pcpartpicker.com/product/8kF48d/pny-quadro-rtx-8000-48-gb-video-card-vcqrtx8000-pb
45,Asus GeForce RTX 3080 12GB LHR 12 GB ROG STRIX GAMING OC Video Card (ROG-STRIX-RTX3080-O12G-GAMING),Asus,GeForce RTX 3080 12GB LHR,12 GB,GDDR6X,1260 MHz,1890 MHz,19000 MHz,PCIe x16,Black / Silver,318 mm,350 W,2,3 Fans,€1149.90,https://fi.pcpartpicker.com/product/gW7G3C/asus-geforce-rtx-3080-12gb-lhr-12-gb-rog-strix-gaming-oc-video-card-rog-strix-rtx3080-o12g-gaming
46,Asus GeForce RTX 3060 Ti LHR 8 GB DUAL OC V2 Video Card (DUAL-RTX3060TI-O8G-V2),Asus,GeForce RTX 3060 Ti LHR,8 GB,GDDR6,1410 MHz,1740 MHz,14000 MHz,PCIe x16,Black / Silver,269 mm,200 W,2,2 Fans,€589.90,https://fi.pcpartpicker.com/product/FZH7YJ/asus-geforce-rtx-3060-ti-lhr-8-gb-dual-oc-v2-video-card-dual-rtx3060ti-o8g-v2
47,MSI GeForce RTX 3090 24 GB SUPRIM X Video Card (RTX3090 SUPRIM X 24G),MSI,GeForce RTX 3090,24 GB,GDDR6X,1395 MHz,1875 MHz,19500 MHz,PCIe x16,Silver,336 mm,420 W,2,3 Fans,€2199.90,https://fi.pcpartpicker.com/product/Vf3mP6/msi-geforce-rtx-3090-24-gb-suprim-x-video-card-rtx3090-suprim-x-24g
48,Zotac GeForce RTX 3080 Ti 12 GB GAMING Trinity OC Video Card (ZT-A30810J-10P),Zotac,GeForce RTX 3080 Ti,12 GB,GDDR6X,1365 MHz,1695 MHz,19000 MHz,PCIe x16,Black / Silver,318 mm,350 W,2,3 Fans,€1539.90,https://fi.pcpartpicker.com/product/QTmmP6/zotac-geforce-rtx-3080-ti-12-gb-gaming-trinity-oc-video-card-zt-a30810j-10p
49,Asus GeForce RTX 3070 LHR 8 GB TUF GAMING OC V2 Video Card (TUF-RTX3070-O8G-V2-GAMING),Asus,GeForce RTX 3070 LHR,8 GB,GDDR6,1500 MHz,1845 MHz,14000 MHz,PCIe x16,Black,300 mm,220 W,2,3 Fans,€749.90,https://fi.pcpartpicker.com/product/R4jBD3/asus-geforce-rtx-3070-lhr-8-gb-tuf-gaming-oc-v2-video-card-tuf-rtx3070-o8g-v2-gaming
50,Asus GeForce RTX 3050 8GB 8 GB Phoenix Video Card (PH-RTX3050-8G),Asus,GeForce RTX 3050 8GB,8 GB,GDDR6,1550 MHz,1807 MHz,,PCIe x16,Black,177 mm,130 W,2,1 Fan,€309.90,https://fi.pcpartpicker.com/product/Q9pzK8/asus-geforce-rtx-3050-8gb-8-gb-phoenix-video-card-ph-rtx3050-8g
51,MSI GeForce RTX 3080 Ti 12 GB SUPRIM X Video Card (GeForce RTX 3080 Ti SUPRIM X 12G),MSI,GeForce RTX 3080 Ti,12 GB,GDDR6X,1365 MHz,1845 MHz,19000 MHz,PCIe x16,Black / Silver,336 mm,400 W,2,3 Fans,€1699.90,https://fi.pcpartpicker.com/product/MBvdnQ/msi-geforce-rtx-3080-ti-12-gb-suprim-x-video-card-geforce-rtx-3080-ti-suprim-x-12g
52,MSI GeForce RTX 3060 Ti LHR 8 GB GAMING X Video Card (GeForce RTX 3060 Ti GAMING X 8G LHR),MSI,GeForce RTX 3060 Ti LHR,8 GB,GDDR6,1410 MHz,1770 MHz,14000 MHz,PCIe x16,Black / Gray,278 mm,220 W,2,2 Fans,€649.90,https://fi.pcpartpicker.com/product/N6LFf7/msi-geforce-rtx-3060-ti-lhr-8-gb-gaming-x-video-card-geforce-rtx-3060-ti-gaming-x-8g-lhr
53,MSI GeForce RTX 3090 24 GB VENTUS 3X OC Video Card (RTX 3090 VENTUS 3X 24G OC),MSI,GeForce RTX 3090,24 GB,GDDR6X,1395 MHz,,,PCIe x16,Black,305 mm,350 W,2,3 Fans,€1839.90,https://fi.pcpartpicker.com/product/vyn8TW/msi-geforce-rtx-3090-24-gb-ventus-3x-video-card-rtx-3090-ventus-3x-24g-oc
54,Palit GeForce RTX 3050 8GB 8 GB Dual Video Card (NE63050019P1-190AD),Palit,GeForce RTX 3050 8GB,8 GB,GDDR6,1550 MHz,1777 MHz,14000 MHz,PCIe x16,Black,245 mm,130 W,2,2 Fans,€379.90,https://fi.pcpartpicker.com/product/3nrRsY/palit-geforce-rtx-3050-8gb-8-gb-dual-video-card-ne63050019p1-190ad
55,Asus GeForce RTX 3070 Ti 8 GB TUF GAMING Video Card (TUF-RTX3070TI-8G-GAMING),Asus,GeForce RTX 3070 Ti,8 GB,GDDR6X,1575 MHz,1800 MHz,19000 MHz,PCIe x16,Black / Silver,300 mm,290 W,2,3 Fans,€769.90,https://fi.pcpartpicker.com/product/Dfnypg/asus-geforce-rtx-3070-ti-8-gb-tuf-gaming-video-card-tuf-rtx3070ti-8g-gaming
56,PNY Quadro RTX 4000 8 GB Video Card (VCQRTX4000-PB),PNY,Quadro RTX 4000,8 GB,GDDR6,1005 MHz,1545 MHz,13000 MHz,PCIe x16,Silver / Black,267 mm,160 W,1,1 Fan,€1111.00,https://fi.pcpartpicker.com/product/k866Mp/pny-quadro-rtx-4000-8-gb-video-card-vcqrtx4000-pb
57,EVGA GeForce RTX 3090 24 GB XC3 ULTRA GAMING Video Card (24G-P5-3975-KR),EVGA,GeForce RTX 3090,24 GB,GDDR6X,1395 MHz,1725 MHz,19500 MHz,PCIe x16,Black / Red,285 mm,350 W,2,3 Fans,€2049.90,https://fi.pcpartpicker.com/product/XWpmP6/evga-geforce-rtx-3090-24-gb-xc3-ultra-gaming-video-card-24g-p5-3975-kr
58,MSI GeForce RTX 3070 LHR 8 GB SUPRIM X Video Card (RTX3070SuprimX8GLHR),MSI,GeForce RTX 3070 LHR,8 GB,GDDR6,1500 MHz,1920 MHz,14000 MHz,PCIe x16,Black / Silver,335 mm,280 W,2,3 Fans,€809.90,https://fi.pcpartpicker.com/product/6GhFf7/msi-geforce-rtx-3070-lhr-8-gb-suprim-x-video-card-rtx3070suprimx8glhr
59,Asus GeForce RTX 3060 Ti LHR 8 GB DUAL MINI OC V2 Video Card (DUAL-RTX3060TI-O8G-MINI-V2),Asus,GeForce RTX 3060 Ti LHR,8 GB,GDDR6,1410 MHz,1710 MHz,14000 MHz,PCIe x16,Black,200 mm,200 W,2,2 Fans,€519.90,https://fi.pcpartpicker.com/product/gB92FT/asus-geforce-rtx-3060-ti-lhr-8-gb-dual-mini-oc-v2-video-card-dual-rtx3060ti-o8g-mini-v2
60,Asus GeForce RTX 3070 LHR 8 GB Noctua OC Video Card (RTX3070-O8G-NOCTUA),Asus,GeForce RTX 3070 LHR,8 GB,GDDR6,1500 MHz,1845 MHz,,PCIe x16,Brown / Black,310 mm,220 W,2,2 Fans,€849.90,https://fi.pcpartpicker.com/product/H7ytt6/asus-geforce-rtx-3070-lhr-8-gb-noctua-oc-video-card-rtx3070-o8g-noctua
61,Gigabyte GeForce RTX 3070 LHR 8 GB EAGLE OC Rev 2.0 Video Card (GV-N3070EAGLE OC-8GD Rev 2.0),Gigabyte,GeForce RTX 3070 LHR,8 GB,GDDR6,1500 MHz,1770 MHz,14000 MHz,PCIe x16,Black,282 mm,220 W,2,3 Fans,€689.90,https://fi.pcpartpicker.com/product/xfGbt6/gigabyte-geforce-rtx-3070-lhr-8-gb-eagle-oc-rev-20-video-card-gv-n3070eagle-oc-8gd-rev-20
62,MSI GeForce RTX 3060 12 GB AERO ITX OC Video Card (GeForce RTX 3060 AERO ITX 12G OC),MSI,GeForce RTX 3060,12 GB,GDDR6,1320 MHz,1792 MHz,15000 MHz,PCIe x16,Black / Silver,172 mm,170 W,2,1 Fan,€469.90,https://fi.pcpartpicker.com/product/4pnypg/msi-geforce-rtx-3060-12-gb-aero-itx-oc-video-card-geforce-rtx-3060-aero-itx-12g-oc
63,PNY Quadro RTX 6000 24 GB Video Card (VCQRTX6000-PB),PNY,Quadro RTX 6000,24 GB,GDDR6,1440 MHz,1770 MHz,14000 MHz,PCIe x16,Black / Silver,267 mm,295 W,2,1 Fan,€5045.00,https://fi.pcpartpicker.com/product/sLNv6h/pny-quadro-rtx-6000-24-gb-video-card-vcqrtx6000-pb
64,PNY Quadro RTX 5000 16 GB Video Card (VCQRTX5000-PB),PNY,Quadro RTX 5000,16 GB,GDDR6,1620 MHz,1815 MHz,14000 MHz,PCIe x16,Silver / Black,267 mm,265 W,2,1 Fan,€2242.00,https://fi.pcpartpicker.com/product/sChKHx/pny-quadro-rtx-5000-16-gb-video-card-vcqrtx5000-pb
65,Asus GeForce RTX 3080 10GB LHR 10 GB Noctua OC Video Card (RTX3080-O10G-NOCTUA),Asus,GeForce RTX 3080 10GB LHR,10 GB,GDDR6X,1440 MHz,1815 MHz,,PCIe x16,Brown,306 mm,320 W,2,2 Fans,€1149.90,https://fi.pcpartpicker.com/product/qcstt6/asus-geforce-rtx-3080-10gb-lhr-10-gb-noctua-oc-video-card-rtx3080-o10g-noctua
66,Palit GeForce RTX 3090 24 GB GameRock Video Card (NED3090T19SB-1021G),Palit,GeForce RTX 3090,24 GB,GDDR6X,1395 MHz,,19500 MHz,PCIe x16,Silver / Black,304 mm,370 W,2,3 Fans,€2199.90,https://fi.pcpartpicker.com/product/cCxbt6/palit-geforce-rtx-3090-24-gb-gamerock-video-card-ned3090t19sb-1021g
67,Zotac GeForce RTX 3080 Ti 12 GB AMP Extreme Holo Video Card (ZT-A30810B-10P),Zotac,GeForce RTX 3080 Ti,12 GB,GDDR6X,1365 MHz,1785 MHz,,PCIe x16,Black,356 mm,400 W,2,3 Fans,€1689.90,https://fi.pcpartpicker.com/product/xQYmP6/zotac-geforce-rtx-3080-ti-12-gb-amp-extreme-holo-video-card-zt-a30810b-10p
68,MSI GeForce RTX 3080 10GB LHR 10 GB SUPRIM X Video Card (GeForce RTX 3080 SUPRIM X 10G LHR),MSI,GeForce RTX 3080 10GB LHR,10 GB,GDDR6X,1440 MHz,1920 MHz,19000 MHz,PCIe x16,Black / Silver,336 mm,370 W,2,3 Fans,€1129.90,https://fi.pcpartpicker.com/product/F4jBD3/msi-geforce-rtx-3080-lhr-10-gb-suprim-x-video-card-geforce-rtx-3080-suprim-x-10g-lhr
69,KFA2 GeForce RTX 3070 Ti 8 GB (1-Click OC) Video Card (37ISM6MD4COK),KFA2,GeForce RTX 3070 Ti,8 GB,GDDR6X,1575 MHz,1785 MHz,19000 MHz,PCIe x16,Black,254 mm,290 W,2,2 Fans,€749.90,https://fi.pcpartpicker.com/product/Hw3gXL/kfa2-geforce-rtx-3070-ti-8-gb-1-click-oc-video-card-37ism6md4cok
70,Palit GeForce RTX 3080 Ti 12 GB GamingPro Video Card (NED308T019KB-132AA),Palit,GeForce RTX 3080 Ti,12 GB,GDDR6X,1365 MHz,1665 MHz,19000 MHz,PCIe x16,Black / Silver,294 mm,350 W,2,3 Fans,€1529.90,https://fi.pcpartpicker.com/product/6TmmP6/palit-geforce-rtx-3080-ti-12-gb-gamingpro-video-card-ned308t019kb-132aa
71,Palit GeForce RTX 3080 12GB LHR 12 GB GamingPro Video Card (NED3080019KB-132AA),Palit,GeForce RTX 3080 12GB LHR,12 GB,GDDR6X,1260 MHz,1710 MHz,19000 MHz,PCIe x16,Silver / Black,294 mm,350 W,2,3 Fans,€1299.90,https://fi.pcpartpicker.com/product/CYt9TW/palit-geforce-rtx-3080-12gb-lhr-12-gb-gamingpro-video-card-ned3080019kb-132aa
72,MSI Radeon RX 6600 8 GB MECH 2X Video Card (RX 6600 MECH 2X 8G),MSI,Radeon RX 6600,8 GB,GDDR6,1626 MHz,2491 MHz,,PCIe x16,Black / Silver,235 mm,132 W,2,2 Fans,€399.90,https://fi.pcpartpicker.com/product/M9ytt6/msi-radeon-rx-6600-8-gb-mech-2x-video-card-rx-6600-mech-2x-8g
73,PowerColor Radeon RX 6700 XT 12 GB Red Devil Video Card (AXRX 6700XT 12GBD6-3DHE/OC),PowerColor,Radeon RX 6700 XT,12 GB,GDDR6,2321 MHz,2622 MHz,16000 MHz,PCIe x16,Black,320 mm,230 W,2,3 Fans,€769.90,https://fi.pcpartpicker.com/product/2kJgXL/powercolor-radeon-rx-6700-xt-12-gb-red-devil-video-card-axrx-6700xt-12gbd6-3dheoc
74,MSI Radeon RX 6600 XT 8 GB MECH 2X OC Video Card (RX6600XT MECH2X 8GOC),MSI,Radeon RX 6600 XT,8 GB,GDDR6,1968 MHz,2602 MHz,16000 MHz,PCIe x16,Black / Silver,235 mm,160 W,2,2 Fans,€519.90,https://fi.pcpartpicker.com/product/QRwypg/msi-radeon-rx-6600-xt-8-gb-mech-2x-oc-video-card-rx6600xt-mech2x-8goc
75,MSI Radeon RX 6500 XT 4 GB MECH 2X OC Video Card (Radeon RX 6500 XT MECH 2X 4G OC),MSI,Radeon RX 6500 XT,4 GB,GDDR6,2310 MHz,2825 MHz,,PCIe x16,Black / Silver,172 mm,107 W,2,2 Fans,€219.90,https://fi.pcpartpicker.com/product/Xh8bt6/msi-radeon-rx-6500-xt-4-gb-mech-2x-oc-video-card-radeon-rx-6500-xt-mech-2x-4g-oc
76,Gigabyte Radeon RX 6600 8 GB EAGLE Video Card (GV-R66EAGLE-8GD),Gigabyte,Radeon RX 6600,8 GB,GDDR6,1626 MHz,2491 MHz,14000 MHz,PCIe x16,Black / Silver,282 mm,132 W,2,3 Fans,€439.90,https://fi.pcpartpicker.com/product/G9ytt6/gigabyte-radeon-rx-6600-8-gb-eagle-video-card-gv-r66eagle-8gd
77,MSI Radeon RX 6700 XT 12 GB MECH 2X OC Video Card (Radeon RX 6700 XT MECH 2X 12G OC),MSI,Radeon RX 6700 XT,12 GB,GDDR6,2321 MHz,,16000 MHz,PCIe x16,Black / Silver,247 mm,230 W,2,2 Fans,€699.90,https://fi.pcpartpicker.com/product/9K4Ycf/msi-radeon-rx-6700-xt-12-gb-mech-2x-oc-video-card-radeon-rx-6700-xt-mech-2x-12g-oc
78,PowerColor Radeon RX 6600 8 GB Fighter Video Card (AXRX 6600 8GBD6-3DH),PowerColor,Radeon RX 6600,8 GB,GDDR6,1626 MHz,2491 MHz,,PCIe x16,Black,200 mm,132 W,2,2 Fans,€419.90,https://fi.pcpartpicker.com/product/fQhFf7/powercolor-radeon-rx-6600-8-gb-fighter-video-card-axrx-6600-8gbd6-3dh
79,PowerColor Radeon RX 6950 XT 16 GB Red Devil OC Video Card (AXRX 6950XT 16GBD6-3DHE/OC),PowerColor,Radeon RX 6950 XT,16 GB,GDDR6,1890 MHz,2435 MHz,18000 MHz,PCIe x16,Black,320 mm,335 W,2,3 Fans,€1539.90,https://fi.pcpartpicker.com/product/ZHFbt6/powercolor-radeon-rx-6950-xt-16-gb-red-devil-oc-video-card-axrx-6950xt-16gbd6-3dheoc
80,Gigabyte Radeon RX 6750 XT 12 GB GAMING OC Video Card (GV-R675XTGAMING OC-12GD),Gigabyte,Radeon RX 6750 XT,12 GB,GDDR6,2150 MHz,2623 MHz,,PCIe x16,Black / Gray,281 mm,250 W,2,3 Fans,€749.90,https://fi.pcpartpicker.com/product/RbYmP6/gigabyte-radeon-rx-6750-xt-12-gb-gaming-oc-video-card-gv-r675xtgaming-oc-12gd
81,Asus Radeon RX 6600 8 GB DUAL Video Card (DUAL-RX6600-8G),Asus,Radeon RX 6600,8 GB,GDDR6,1626 MHz,2491 MHz,14000 MHz,PCIe x16,Black / Silver,243 mm,132 W,2,2 Fans,€379.90,https://fi.pcpartpicker.com/product/NdvdnQ/asus-radeon-rx-6600-8-gb-dual-video-card-dual-rx6600-8g
82,PowerColor Radeon RX 6800 XT 16 GB Red Devil OC Video Card (AXRX 6800XT 16GBD6-3DHE/OC),PowerColor,Radeon RX 6800 XT,16 GB,GDDR6,1825 MHz,2340 MHz,16000 MHz,PCIe x16,Black,320 mm,300 W,2,3 Fans,€1099.90,https://fi.pcpartpicker.com/product/9KJmP6/powercolor-radeon-rx-6800-xt-16-gb-red-devil-oc-video-card-axrx-6800xt-16gbd6-3dheoc
83,PowerColor Radeon RX 6900 XT 16 GB Red Devil Ultimate Video Card (AXRX 6900XTU 16GBD6-3DHE/OC),PowerColor,Radeon RX 6900 XT,16 GB,GDDR6,1825 MHz,2425 MHz,16000 MHz,PCIe x16,Black,320 mm,300 W,2,3 Fans,€1679.90,https://fi.pcpartpicker.com/product/pRgFf7/powercolor-radeon-rx-6900-xt-16-gb-red-devil-ultimate-video-card-axrx-6900xtu-16gbd6-3dheoc
84,Asus Radeon RX 6900 XT 16 GB TUF GAMING OC Video Card (TUF-RX6900XT-O16G-GAMING),Asus,Radeon RX 6900 XT,16 GB,GDDR6,1825 MHz,2340 MHz,16000 MHz,PCIe x16,Black,320 mm,300 W,2,3 Fans,€999.90,https://fi.pcpartpicker.com/product/LRNgXL/asus-radeon-rx-6900-xt-16-gb-tuf-gaming-oc-video-card-tuf-rx6900xt-o16g-gaming
85,Gigabyte Radeon RX 6650 XT 8 GB EAGLE Video Card (GV-R665XTEAGLE-8GD),Gigabyte,Radeon RX 6650 XT,8 GB,GDDR6,2055 MHz,2635 MHz,,PCIe x16,Black / Silver,282 mm,180 W,2,3 Fans,€559.90,https://fi.pcpartpicker.com/product/Fr8bt6/gigabyte-radeon-rx-6650-xt-8-gb-eagle-video-card-gv-r665xteagle-8gd
86,Gigabyte Radeon RX 6500 XT 4 GB GAMING OC Video Card (GV-R65XTGAMING OC-4GD),Gigabyte,Radeon RX 6500 XT,4 GB,GDDR6,2310 MHz,2825 MHz,18000 MHz,PCIe x16,Black / Gray,282 mm,107 W,2,3 Fans,€279.90,https://fi.pcpartpicker.com/product/P7H7YJ/gigabyte-radeon-rx-6500-xt-4-gb-gaming-oc-video-card-gv-r65xtgaming-oc-4gd
87,Gigabyte Radeon RX 6700 XT 12 GB GAMING OC Video Card (GV-R67XTGAMING OC-12GD),Gigabyte,Radeon RX 6700 XT,12 GB,GDDR6,2321 MHz,,16000 MHz,PCIe x16,Black / Silver,281 mm,230 W,2,3 Fans,€649.90,https://fi.pcpartpicker.com/product/h7Tp99/gigabyte-radeon-rx-6700-xt-12-gb-gaming-oc-video-card-gv-r67xtgaming-oc-12gd
88,PowerColor Radeon RX 6750 XT 12 GB Red Devil OC Video Card (AXRX 6750XT 12GBD6-3DHE/OC),PowerColor,Radeon RX 6750 XT,12 GB,GDDR6,2593 MHz,2713 MHz,18000 MHz,PCIe x16,Black,320 mm,250 W,2,3 Fans,€799.90,https://fi.pcpartpicker.com/product/XZmmP6/powercolor-radeon-rx-6750-xt-12-gb-red-devil-oc-video-card-axrx-6750xt-12gbd6-3dheoc
89,MSI Radeon RX 6700 XT 12 GB GAMING X Video Card (Radeon RX 6700 XT GAMING X 12G),MSI,Radeon RX 6700 XT,12 GB,GDDR6,2321 MHz,,16000 MHz,PCIe x16,Black / Silver,279 mm,230 W,2,2 Fans,€769.90,https://fi.pcpartpicker.com/product/3RkWGX/msi-radeon-rx-6700-xt-12-gb-gaming-x-video-card-radeon-rx-6700-xt-gaming-x-12g
90,Asus Radeon RX 6800 XT 16 GB Video Card (TUF-RX6800XT-O16G-GAMING),Asus,Radeon RX 6800 XT,16 GB,GDDR6,1825 MHz,2340 MHz,16000 MHz,PCIe x16,Black,310 mm,300 W,2,3 Fans,€1299.90,https://fi.pcpartpicker.com/product/HY4BD3/asus-radeon-rx-6800-xt-16-gb-video-card-tuf-rx6800xt-o16g-gaming
91,Asus Radeon RX 6600 XT 8 GB ROG STRIX GAMING OC Video Card (ROG-STRIX-RX6600XT-O8G-GAMING),Asus,Radeon RX 6600 XT,8 GB,GDDR6,1968 MHz,2607 MHz,16000 MHz,PCIe x16,Black / Gray,243 mm,160 W,2,2 Fans,€609.90,https://fi.pcpartpicker.com/product/cXhFf7/asus-radeon-rx-6600-xt-8-gb-rog-strix-gaming-oc-video-card-rog-strix-rx6600xt-o8g-gaming
92,MSI Radeon RX 6950 XT 16 GB GAMING X TRIO Video Card (Radeon RX 6950 XT GAMING X TRIO 16G),MSI,Radeon RX 6950 XT,16 GB,GDDR6,1890 MHz,2454 MHz,,PCIe x16,Silver / Black,325 mm,340 W,2,3 Fans,€1589.90,https://fi.pcpartpicker.com/product/zgfnTW/msi-radeon-rx-6950-xt-16-gb-gaming-x-trio-video-card-radeon-rx-6950-xt-gaming-x-trio-16g
93,Gigabyte Radeon RX 6950 XT 16 GB GAMING OC Video Card (GV-R695XTGAMING OC-16GD),Gigabyte,Radeon RX 6950 XT,16 GB,GDDR6,1890 MHz,2324 MHz,,PCIe x16,Black,332 mm,335 W,2,3 Fans,€1399.90,https://fi.pcpartpicker.com/product/7qfnTW/gigabyte-radeon-rx-6950-xt-16-gb-gaming-oc-video-card-gv-r695xtgaming-oc-16gd
94,Asus Radeon RX 6500 XT 4 GB DUAL OC Video Card (DUAL-RX6500XT-O4G),Asus,Radeon RX 6500 XT,4 GB,GDDR6,2310 MHz,2820 MHz,18000 MHz,PCIe x16,Black,201 mm,107 W,2,2 Fans,€219.90,https://fi.pcpartpicker.com/product/CLnypg/asus-radeon-rx-6500-xt-4-gb-dual-oc-video-card-dual-rx6500xt-o4g
95,Gigabyte Radeon RX 6750 XT 12 GB AORUS ELITE Video Card (GV-R675XTAORUS E-12GD),Gigabyte,Radeon RX 6750 XT,12 GB,GDDR6,2150 MHz,2623 MHz,,PCIe x16,Black / Gray,296 mm,250 W,2,3 Fans,€779.90,https://fi.pcpartpicker.com/product/9QQcCJ/gigabyte-radeon-rx-6750-xt-12-gb-aorus-elite-video-card-gv-r675xtaorus-e-12gd
96,Asus Radeon RX 6600 XT 8 GB DUAL OC Video Card (DUAL-RX6600XT-O8G),Asus,Radeon RX 6600 XT,8 GB,GDDR6,1968 MHz,2607 MHz,16000 MHz,PCIe x16,Black / White,243 mm,160 W,2,2 Fans,€559.90,https://fi.pcpartpicker.com/product/X26p99/asus-radeon-rx-6600-xt-8-gb-dual-oc-video-card-dual-rx6600xt-o8g
97,Sapphire Radeon RX 6650 XT 8 GB PULSE Video Card (11319-03-20G),Sapphire,Radeon RX 6650 XT,8 GB,GDDR6,2055 MHz,2635 MHz,,PCIe x16,Red / Black,240 mm,176 W,2,2 Fans,€539.90,https://fi.pcpartpicker.com/product/DfLFf7/sapphire-radeon-rx-6650-xt-8-gb-pulse-video-card-11319-03-20g
98,Sapphire Radeon RX 6950 XT 16 GB NITRO+ Video Card (11317-02-20G),Sapphire,Radeon RX 6950 XT,16 GB,GDDR6,1890 MHz,2324 MHz,,PCIe x16,Silver / Black,320 mm,391 W,2,3 Fans,€1429.90,https://fi.pcpartpicker.com/product/M2D7YJ/sapphire-radeon-rx-6950-xt-16-gb-nitro-video-card-11317-02-20g
99,PowerColor Radeon RX 6500 XT 4 GB ITX Video Card (AXRX 6500XT 4GBD6-DH),PowerColor,Radeon RX 6500 XT,4 GB,GDDR6,2310 MHz,,18000 MHz,PCIe x16,Black,165 mm,107 W,2,1 Fan,€219.90,https://fi.pcpartpicker.com/product/DxjBD3/powercolor-radeon-rx-6500-xt-4-gb-itx-video-card-axrx-6500xt-4gbd6-dh
100,Gigabyte Radeon RX 6650 XT 8 GB GAMING OC Video Card (GV-R665XTGAMING OC-8GD),Gigabyte,Radeon RX 6650 XT,8 GB,GDDR6,2055 MHz,2694 MHz,,PCIe x16,Black / Gray,282 mm,180 W,2,3 Fans,€589.90,https://fi.pcpartpicker.com/product/3kZ9TW/gigabyte-radeon-rx-6650-xt-8-gb-gaming-oc-video-card-gv-r665xtgaming-oc-8gd
101,PowerColor Radeon RX 6650 XT 8 GB Hellhound Video Card (AXRX 6650XT 8GBD6-3DHL/OC),PowerColor,Radeon RX 6650 XT,8 GB,GDDR6,2055 MHz,2689 MHz,,PCIe x16,Black,220 mm,180 W,2,2 Fans,€589.90,https://fi.pcpartpicker.com/product/B9H7YJ/powercolor-radeon-rx-6650-xt-8-gb-hellhound-video-card-axrx-6650xt-8gbd6-3dhloc
102,MSI Radeon RX 6900 XT 16 GB GAMING Z TRIO Video Card (RX 6900 XT GAMING Z TRIO 16G),MSI,Radeon RX 6900 XT,16 GB,GDDR6,1825 MHz,2425 MHz,,PCIe x16,Silver / Black,324 mm,300 W,2,3 Fans,€1589.90,https://fi.pcpartpicker.com/product/GpvdnQ/msi-radeon-rx-6900-xt-16-gb-gaming-z-trio-video-card-rx-6900-xt-gaming-z-trio-16g
103,Asus Radeon RX 6650 XT 8 GB DUAL Video Card (DUAL-RX6650XT-O8G),Asus,Radeon RX 6650 XT,8 GB,GDDR6,2055 MHz,2689 MHz,,PCIe x16,Black / Silver,243 mm,180 W,2,2 Fans,€558.00,https://fi.pcpartpicker.com/product/HQQcCJ/asus-radeon-rx-6650-xt-8-gb-dual-video-card-dual-rx6650xt-o8g
104,Sapphire Radeon RX 6750 XT 12 GB NITRO+ Video Card (11318-01-20G),Sapphire,Radeon RX 6750 XT,12 GB,GDDR6,2150 MHz,2623 MHz,,PCIe x16,Silver / Black,310 mm,273 W,2,3 Fans,€789.90,https://fi.pcpartpicker.com/product/js7G3C/sapphire-radeon-rx-6750-xt-12-gb-nitro-video-card-11318-01-20g
105,Asus Radeon RX 6750 XT 12 GB DUAL OC Video Card (DUAL-RX6750XT-O12G),Asus,Radeon RX 6750 XT,12 GB,GDDR6,2150 MHz,2618 MHz,,PCIe x16,Black / Silver,295 mm,250 W,2,2 Fans,€913.00,https://fi.pcpartpicker.com/product/pRt9TW/asus-radeon-rx-6750-xt-12-gb-dual-oc-video-card-dual-rx6750xt-o12g
106,Asus Radeon RX 6700 XT 12 GB ROG STRIX GAMING OC Video Card (ROG-STRIX-RX6700XT-O12G-GAMING),Asus,Radeon RX 6700 XT,12 GB,GDDR6,2321 MHz,,16000 MHz,PCIe x16,Black / Silver,322 mm,230 W,2,3 Fans,€699.90,https://fi.pcpartpicker.com/product/8ZfnTW/asus-radeon-rx-6700-xt-12-gb-rog-strix-gaming-oc-video-card-rog-strix-rx6700xt-o12g-gaming
107,Gigabyte Radeon RX 6900 XT 16 GB AORUS MASTER Video Card (GV-R69XTAORUS M-16GD),Gigabyte,Radeon RX 6900 XT,16 GB,GDDR6,2015 MHz,2365 MHz,16000 MHz,PCIe x16,Black / Silver,322 mm,300 W,2,3 Fans,€1079.90,https://fi.pcpartpicker.com/product/TCzhP6/gigabyte-radeon-rx-6900-xt-16-gb-aorus-master-video-card-gv-r69xtaorus-m-16gd
108,MSI Radeon RX 6750 XT 12 GB GAMING X TRIO Video Card (Radeon RX 6750 XT GAMING X TRIO 12G),MSI,Radeon RX 6750 XT,12 GB,GDDR6,2150 MHz,2623 MHz,,PCIe x16,Silver / Black,327 mm,250 W,2,3 Fans,€849.90,https://fi.pcpartpicker.com/product/bfLFf7/msi-radeon-rx-6750-xt-12-gb-gaming-x-trio-video-card-radeon-rx-6750-xt-gaming-x-trio-12g
109,Asus Radeon RX 6750 XT 12 GB ROG STRIX GAMING OC Video Card (rog-strix-rx6750xt-o12g-gaming),Asus,Radeon RX 6750 XT,12 GB,GDDR6,2150 MHz,2623 MHz,,PCIe x16,Black / Gray,322 mm,250 W,2,3 Fans,€998.00,https://fi.pcpartpicker.com/product/XNVmP6/asus-radeon-rx-6750-xt-12-gb-rog-strix-gaming-oc-video-card-rog-strix-rx6750xt-o12g-gaming
110,Asus Radeon RX 6800 16 GB TUF GAMING OC Video Card (TUF-RX6800-O16G-GAMING),Asus,Radeon RX 6800,16 GB,GDDR6,1700 MHz,2190 MHz,16000 MHz,PCIe x16,Black,310 mm,250 W,2,3 Fans,€1099.90,https://fi.pcpartpicker.com/product/R4XYcf/asus-radeon-rx-6800-16-gb-tuf-gaming-oc-video-card-tuf-rx6800-o16g-gaming
111,Asus Radeon RX 6650 XT 8 GB ROG STRIX GAMING OC Video Card (ROG-STRIX-RX6650XT-O8G-GAMING),Asus,Radeon RX 6650 XT,8 GB,GDDR6,2055 MHz,2694 MHz,,PCIe x16,Black / Gray,281 mm,180 W,2,2 Fans,€590.00,https://fi.pcpartpicker.com/product/T3JgXL/asus-radeon-rx-6650-xt-8-gb-rog-strix-gaming-oc-video-card-rog-strix-rx6650xt-o8g-gaming
112,PowerColor Radeon RX 6650 XT 8 GB Red Devil OC Video Card (AXRX 6650XT 8GBD6-3DHE/OC),PowerColor,Radeon RX 6650 XT,8 GB,GDDR6,2055 MHz,2694 MHz,,PCIe x16,Black,251 mm,180 W,2,2 Fans,€629.90,https://fi.pcpartpicker.com/product/ZKTp99/powercolor-radeon-rx-6650-xt-8-gb-red-devil-oc-video-card-axrx-6650xt-8gbd6-3dheoc
113,Sapphire Radeon RX 6650 XT 8 GB NITRO+ Video Card (11319-01-20G),Sapphire,Radeon RX 6650 XT,8 GB,GDDR6,2055 MHz,2694 MHz,,PCIe x16,Silver / Black,260 mm,203 W,2,2 Fans,€579.90,https://fi.pcpartpicker.com/product/wHFbt6/sapphire-radeon-rx-6650-xt-8-gb-nitro-video-card-11319-01-20g
114,Asus Radeon RX 6800 XT 16 GB STRIX LC GAMING OC Video Card (ROG-STRIX-LC-RX6800XT-O16G-GAMING),Asus,Radeon RX 6800 XT,16 GB,GDDR6,1825 MHz,2360 MHz,16000 MHz,PCIe x16,Black / Silver,277 mm,300 W,2,240 mm Radiator + 1 Fan,€1484.00,https://fi.pcpartpicker.com/product/cdpmP6/asus-radeon-rx-6800-xt-16-gb-strix-lc-gaming-oc-video-card-rog-strix-lc-rx6800xt-o16g-gaming
115,Sapphire Radeon RX 6750 XT 12 GB PULSE Video Card (11318-03-20G),Sapphire,Radeon RX 6750 XT,12 GB,GDDR6,2150 MHz,2618 MHz,,PCIe x16,Red / Black,280 mm,250 W,2,2 Fans,€749.90,https://fi.pcpartpicker.com/product/8yNxFT/sapphire-radeon-rx-6750-xt-12-gb-pulse-video-card-11318-03-20g
116,Asus Radeon RX 6950 XT 16 GB TUF GAMING OC Video Card (TUF-RX6950XT-O16G-GAMING),Asus,Radeon RX 6950 XT,16 GB,GDDR6,1890 MHz,2324 MHz,,PCIe x16,Black,320 mm,335 W,2,3 Fans,€1649.90,https://fi.pcpartpicker.com/product/ZPkWGX/asus-radeon-rx-6950-xt-16-gb-tuf-gaming-oc-video-card-tuf-rx6950xt-o16g-gaming
117,MSI Radeon RX 6650 XT 8 GB MECH 2X OC Video Card (Radeon RX 6650 XT MECH 2X 8G OC),MSI,Radeon RX 6650 XT,8 GB,GDDR6,2055 MHz,,,PCIe x16,Silver / Black,235 mm,175 W,2,2 Fans,€559.90,https://fi.pcpartpicker.com/product/rfLFf7/msi-radeon-rx-6650-xt-8-gb-mech-2x-oc-video-card-radeon-rx-6650-xt-mech-2x-8g-oc
118,Asus Radeon RX 6800 16 GB STRIX GAMING OC Video Card (ROG-STRIX-RX6800-O16G-GAMING),Asus,Radeon RX 6800,16 GB,GDDR6,1700 MHz,2190 MHz,16000 MHz,PCIe x16,Silver / Black,320 mm,250 W,2,3 Fans,€899.90,https://fi.pcpartpicker.com/product/3RfFf7/asus-radeon-rx-6800-16-gb-strix-gaming-oc-video-card-rog-strix-rx6800-o16g-gaming
119,Asus Radeon RX 6400 4 GB DUAL Video Card (DUAL-RX6400-4G),Asus,Radeon RX 6400,4 GB,GDDR6,1923 MHz,,,PCIe x16,Black,201 mm,53 W,2,2 Fans,€237.00,https://fi.pcpartpicker.com/product/cPTp99/asus-radeon-rx-6400-4-gb-dual-video-card-dual-rx6400-4g
120,Sapphire Radeon RX 6900 XT 16 GB Toxic Extreme Edition Video Card (11308-08-20G),Sapphire,Radeon RX 6900 XT,16 GB,GDDR6,1825 MHz,2525 MHz,16000 MHz,PCIe x16,Black,270 mm,430 W,2,360 mm Radiator + 1 Fan,€1449.90,https://fi.pcpartpicker.com/product/7qRYcf/sapphire-radeon-rx-6900-xt-16-gb-toxic-extreme-edition-video-card-11308-08-20g
121,PowerColor Radeon RX 6400 4 GB Low Profile Video Card (AXRX 6400 LP 4GBD6-DH),PowerColor,Radeon RX 6400,4 GB,GDDR6,1923 MHz,,,PCIe x16,Black / Silver,155 mm,53 W,1,1 Fan,€229.90,https://fi.pcpartpicker.com/product/gNwypg/powercolor-radeon-rx-6400-4-gb-low-profile-video-card-axrx-6400-lp-4gbd6-dh
122,Sapphire Radeon RX 6900 XT 16 GB TOXIC Limited Edition Video Card (11308-06-20G),Sapphire,Radeon RX 6900 XT,16 GB,GDDR6,1825 MHz,2600 MHz,,PCIe x16,Black,270 mm,400 W,2,360 mm Radiator + 1 Fan,€1399.90,https://fi.pcpartpicker.com/product/yhM48d/sapphire-radeon-rx-6900-xt-16-gb-toxic-limited-edition-video-card-11308-06-20g
