id,Name,Manufacturer,Socket / CPU,Form Factor,Chipset,Memory Max,Memory Type,Memory Slots,Color,PCIe x16 Slots,PCIe x8 Slots,PCIe x4 Slots,PCIe x1 Slots,M.2 Slots,SATA 6.0 Gb/s,Onboard Ethernet,USB 2.0 Headers,USB 3.2 Gen 1 Headers,USB 3.2 Gen 2 Headers,USB 3.2 Gen 2x2 Headers,Wireless Networking,RAID Support,Price,Url
1,Asus TUF GAMING X570-PLUS (WI-FI) ATX AM4 Motherboard (TUF GAMING X570-PLUS (WI-FI)),Asus,AM4,ATX,AMD X570,128 GB,DDR4,4,Black / Gold,2,0,0,2,2242/2260/2280/22110 M-key,8,1 x 1 Gb/s (Realtek L8200A),2,1,0,0,Wi-Fi 5,Yes,€229.90,https://fi.pcpartpicker.com/product/dmGnTW/asus-tuf-gaming-x570-plus-wi-fi-atx-am4-motherboard-tuf-gaming-x570-plus-wi-fi
2,MSI MAG B550 TOMAHAWK ATX AM4 Motherboard (MAG B550 TOMAHAWK),MSI,AM4,ATX,AMD B550,128 GB,DDR4,4,Black / Silver,2,0,0,2,2242/2260/2280/22110 M-key,6,1 x 1 Gb/s,2,1,1,0,None,Yes,€219.00,https://fi.pcpartpicker.com/product/3Mxbt6/msi-mag-b550-tomahawk-atx-am4-motherboard-mag-b550-tomahawk
3,MSI B550-A PRO ATX AM4 Motherboard (B550-A PRO),MSI,AM4,ATX,AMD B550,128 GB,DDR4,4,Black / Silver,2,0,0,2,2242/2260/2280/22110 M-key,6,1 x 1 Gb/s,2,1,1,0,None,Yes,€124.90,https://fi.pcpartpicker.com/product/7gxbt6/msi-b550-a-pro-atx-am4-motherboard-b550-a-pro
4,Asus ROG STRIX B550-A GAMING ATX AM4 Motherboard (ROG STRIX B550-A GAMING),Asus,AM4,ATX,AMD B550,128 GB,DDR4,4,Black / White,2,0,0,3,2242/2260/2280/22110 M-key,6,1 x 2.5 Gb/s,2,1,0,0,None,Yes,€197.00,https://fi.pcpartpicker.com/product/y96qqs/asus-rog-strix-b550-a-gaming-atx-am4-motherboard-rog-strix-b550-a-gaming
5,Asus ROG STRIX Z690-A GAMING WIFI D4 ATX LGA1700 Motherboard (ROG STRIX Z690-A GAMING WIFI D4),Asus,LGA1700,ATX,Intel Z690,128 GB,DDR4,4,Silver / Black,2,0,0,1,2242/2260/2280/22110 M-key,6,1 x 2.5 Gb/s (Intel),2,1,0,1,Wi-Fi 6,Yes,€419.90,https://fi.pcpartpicker.com/product/G4Gbt6/asus-rog-strix-z690-a-gaming-wifi-d4-atx-lga1700-motherboard-rog-strix-z690-a-gaming-wifi-d4
6,Gigabyte B660M DS3H DDR4 Micro ATX LGA1700 Motherboard (B660M DS3H DDR4),Gigabyte,LGA1700,Micro ATX,Intel B660,128 GB,DDR4,4,Black,1,0,0,2,2260/2280 M-key,4,1 x 2.5 Gb/s (Realtek),2,1,0,0,None,Yes,€137.00,https://fi.pcpartpicker.com/product/Z6ddnQ/gigabyte-b660m-ds3h-ddr4-micro-atx-lga1700-motherboard-b660m-ds3h-ddr4
7,MSI MAG Z690 TOMAHAWK WIFI DDR4 ATX LGA1700 Motherboard (MAG Z690 TOMAHAWK WIFI DDR4),MSI,LGA1700,ATX,Intel Z690,128 GB,DDR4,4,Black / Silver,3,0,0,1,2242/2260/2280/22110 M-key,6,1 x 2.5 Gb/s (Intel I225-V),2,1,1,0,Wi-Fi 6,Yes,€329.90,https://fi.pcpartpicker.com/product/X6mmP6/msi-mag-z690-tomahawk-wifi-ddr4-atx-lga1700-motherboard-mag-z690-tomahawk-wifi-ddr4
8,Asus ROG STRIX B450-F GAMING II ATX AM4 Motherboard (ROG STRIX B450-F GAMING II),Asus,AM4,ATX,AMD B450,128 GB,DDR4,4,Black,3,0,0,3,2242/2260/2280 M-key,6,1 x 1 Gb/s,0,1,0,0,None,Yes,€149.00,https://fi.pcpartpicker.com/product/xYvqqs/asus-rog-strix-b450-f-gaming-ii-atx-am4-motherboard-rog-strix-b450-f-gaming-ii
9,Asus PRIME Z690-P WIFI D4 ATX LGA1700 Motherboard (PRIME Z690-P WIFI D4),Asus,LGA1700,ATX,Intel Z690,128 GB,DDR4,4,Silver / Black,4,0,0,1,2242/2260/2280/22110 M-key,4,1 x 2.5 Gb/s (Realtek),2,2,1,0,Wi-Fi 6,Yes,€302.00,https://fi.pcpartpicker.com/product/vxt9TW/asus-prime-z690-p-wifi-d4-atx-lga1700-motherboard-prime-z690-p-wifi-d4
10,MSI MAG B660M MORTAR WIFI DDR4 Micro ATX LGA1700 Motherboard (MAG B660M MORTAR WIFI DDR4),MSI,LGA1700,Micro ATX,Intel B660,128 GB,DDR4,4,Silver / Black,2,0,0,1,2242/2260/2280 M-key,6,1 x 2.5 Gb/s (Realtek RTL8125BG),2,1,1,0,Wi-Fi 6,Yes,€230.00,https://fi.pcpartpicker.com/product/pzstt6/msi-mag-b660m-mortar-wifi-ddr4-micro-atx-lga1700-motherboard-mag-b660m-mortar-wifi-ddr4
11,MSI MPG B550 GAMING PLUS ATX AM4 Motherboard (MPG B550 GAMING PLUS),MSI,AM4,ATX,AMD B550,128 GB,DDR4,4,Black,2,0,0,2,2242/2260/2280/22110 M-key,6,1 x 1 Gb/s,2,1,1,0,None,Yes,€204.00,https://fi.pcpartpicker.com/product/yKVG3C/msi-mpg-b550-gaming-plus-atx-am4-motherboard-mpg-b550-gaming-plus
12,Asus ROG STRIX B550-F GAMING ATX AM4 Motherboard (ROG STRIX B550-F GAMING),Asus,AM4,ATX,AMD B550,128 GB,DDR4,4,Black,2,0,0,3,2242/2260/2280/22110 M-key,6,1 x 2.5 Gb/s,2,1,0,0,None,Yes,€199.90,https://fi.pcpartpicker.com/product/JXBhP6/asus-rog-strix-b550-f-gaming-atx-am4-motherboard-rog-strix-b550-f-gaming
13,MSI PRO Z690-A DDR4 ATX LGA1700 Motherboard (PRO Z690-A DDR4),MSI,LGA1700,ATX,Intel Z690,128 GB,DDR4,4,Black / Silver,3,0,0,1,2242/2260/2280/22110 M-key,6,1 x 2.5 Gb/s (Intel I225-V),2,2,1,0,None,Yes,€229.90,https://fi.pcpartpicker.com/product/GvmmP6/msi-pro-z690-a-ddr4-atx-lga1700-motherboard-pro-z690-a-ddr4
14,Asus ROG STRIX Z690-E GAMING WIFI ATX LGA1700 Motherboard (ROG STRIX Z690-E GAMING WIFI),Asus,LGA1700,ATX,Intel Z690,128 GB,DDR5,4,Black,3,0,0,1,2242/2260/2280/22110 M-key,6,1 x 2.5 Gb/s (Intel),2,1,0,1,Wi-Fi 6,Yes,€607.00,https://fi.pcpartpicker.com/product/MNWzK8/asus-rog-strix-z690-e-gaming-wifi-atx-lga1700-motherboard-rog-strix-z690-e-gaming-wifi
15,Asus PRIME B560M-A Micro ATX LGA1200 Motherboard (PRIME B560M-A),Asus,LGA1200,Micro ATX,Intel B560,128 GB,DDR4,4,Silver / Black,2,0,0,1,2242/2260/2280 M-key (Intel Rocket Lake-based CPUs only),6,1 x 1 Gb/s (Intel I219-V),2,2,0,0,None,No,€148.00,https://fi.pcpartpicker.com/product/ybjBD3/asus-prime-b560m-a-micro-atx-lga1200-motherboard-prime-b560m-a
16,Gigabyte B660 GAMING X AX DDR4 ATX LGA1700 Motherboard (B660 GAMING X AX DDR4),Gigabyte,LGA1700,ATX,Intel B660,128 GB,DDR4,4,Black,3,0,0,0,2260/2280/22110 M-key,4,1 x 2.5 Gb/s (Realtek),2,1,1,0,Wi-Fi 6,Yes,€207.00,https://fi.pcpartpicker.com/product/YZPQzy/gigabyte-b660-gaming-x-ax-ddr4-atx-lga1700-motherboard-b660-gaming-x-ax-ddr4
17,Asus ROG Crosshair VIII Dark Hero ATX AM4 Motherboard (ROG Crosshair VIII Dark Hero),Asus,AM4,ATX,AMD X570,128 GB,DDR4,4,Black / Silver,3,0,0,1,2242/2260/2280 M-key,8,1 x 1 Gb/s,2,1,1,0,Wi-Fi 6,Yes,€479.90,https://fi.pcpartpicker.com/product/GyGnTW/asus-rog-crosshair-viii-dark-hero-atx-am4-motherboard-rog-crosshair-viii-dark-hero
18,Asus ROG STRIX B660-I GAMING WIFI Mini ITX LGA1700 Motherboard (ROG STRIX B660-I GAMING WIFI),Asus,LGA1700,Mini ITX,Intel B660,64 GB,DDR5,2,Black / Silver,1,0,0,0,2260/2280 M-key,4,1 x 2.5 Gb/s (Intel I225-V),0,1,1,0,Wi-Fi 6,Yes,€239.90,https://fi.pcpartpicker.com/product/B7gFf7/asus-rog-strix-b660-i-gaming-wifi-mini-itx-lga1700-motherboard-rog-strix-b660-i-gaming-wifi
19,Gigabyte B550I AORUS PRO AX Mini ITX AM4 Motherboard (B550I AORUS PRO AX),Gigabyte,AM4,Mini ITX,AMD B550,64 GB,DDR4,2,Black / Silver,1,0,0,0,2260/2280 M-key,4,1 x 2.5 Gb/s,0,1,0,0,Wi-Fi 6,Yes,€210.00,https://fi.pcpartpicker.com/product/9pn8TW/gigabyte-b550i-aorus-pro-ax-mini-itx-am4-motherboard-b550i-aorus-pro-ax
20,Gigabyte B550M DS3H Micro ATX AM4 Motherboard (B550M DS3H),Gigabyte,AM4,Micro ATX,AMD B550,128 GB,DDR4,4,Black / Gold,2,0,0,1,2242/2260/2280/22110 M-key,4,1 x 1 Gb/s,0,1,0,0,None,Yes,€99.90,https://fi.pcpartpicker.com/product/VyBhP6/gigabyte-b550m-ds3h-micro-atx-am4-motherboard-b550m-ds3h
21,NZXT N7 B550 ATX AM4 Motherboard (N7-B55XT-W1),NZXT,AM4,ATX,AMD B550,128 GB,DDR4,4,White / Black,2,0,0,2,2242/2260/2280 M-key,6,1 x 2.5 Gb/s,0,2,1,0,Wi-Fi 6,Yes,€279.00,https://fi.pcpartpicker.com/product/KnLFf7/nzxt-n7-b550-atx-am4-motherboard-n7-b55xt-w1
22,Asus ROG MAXIMUS Z690 HERO ATX LGA1700 Motherboard (ROG MAXIMUS Z690 HERO),Asus,LGA1700,ATX,Intel Z690,128 GB,DDR5,4,Black / Silver,3,0,0,0,2242/2260/2280/22110 M-key,6,1 x 2.5 Gb/s (Intel),2,2,0,1,Wi-Fi 6,Yes,€669.90,https://fi.pcpartpicker.com/product/ChBG3C/asus-rog-maximus-z690-hero-atx-lga1700-motherboard-rog-maximus-z690-hero
23,Asus ROG Strix X570-I Gaming Mini ITX AM4 Motherboard (ROG Strix X570-I Gaming),Asus,AM4,Mini ITX,AMD X570,64 GB,DDR4,2,Black,1,0,0,0,2242/2260/2280 M-key,4,1 x 1 Gb/s,0,1,0,0,Wi-Fi 6,Yes,€329.90,https://fi.pcpartpicker.com/product/NqsnTW/asus-rog-strix-x570-i-gaming-mini-itx-am4-motherboard-rog-strix-x570-i-gaming
24,Gigabyte B550 AORUS ELITE AX V2 ATX AM4 Motherboard (B550AORUS ELITE AXV2),Gigabyte,AM4,ATX,AMD B550,128 GB,DDR4,4,Black / Silver,3,0,0,0,2242/2260/2280/22110 M-key,4,1 x 2.5 Gb/s,2,1,1,0,Wi-Fi 6,Yes,€199.00,https://fi.pcpartpicker.com/product/Vb3mP6/gigabyte-b550-aorus-elite-ax-v2-atx-am4-motherboard-b550aorus-elite-axv2
25,Asus ROG STRIX X570-E GAMING WIFI II ATX AM4 Motherboard (ROG STRIX X570-E GAMING WIFI II),Asus,AM4,ATX,AMD X570,128 GB,DDR4,4,Black,3,0,0,2,2242/2260/2280/22110 M-key,8,1 x 1 Gb/s (Intel I211-AT),2,1,1,0,Wi-Fi 6,Yes,€299.90,https://fi.pcpartpicker.com/product/XRH7YJ/asus-rog-strix-x570-e-gaming-wifi-ii-atx-am4-motherboard-rog-strix-x570-e-gaming-wifi-ii
26,MSI PRO B660M-A DDR4 Micro ATX LGA1700 Motherboard (PRO B660M-A DDR4),MSI,LGA1700,Micro ATX,Intel B660,128 GB,DDR4,4,Black / Silver,2,0,0,1,2242/2260/2280 M-key,4,1 x 2.5 Gb/s (Realtek RTL8125BG),2,1,1,0,None,Yes,€170.00,https://fi.pcpartpicker.com/product/KKbTwP/msi-pro-b660m-a-ddr4-micro-atx-lga1700-motherboard-pro-b660m-a-ddr4
27,Asus PRIME B660-PLUS D4 ATX LGA1700 Motherboard (PRIME B660-PLUS D4),Asus,LGA1700,ATX,Intel B660,128 GB,DDR4,4,Silver / Black,2,0,0,2,2242/2260/2280 M-key,4,1 x 2.5 Gb/s (Realtek),2,1,1,0,None,Yes,€149.90,https://fi.pcpartpicker.com/product/32NxFT/asus-prime-b660-plus-d4-atx-lga1700-motherboard-prime-b660-plus-d4
28,Gigabyte B550M AORUS PRO-P Micro ATX AM4 Motherboard (B550M AORUS PRO-P),Gigabyte,AM4,Micro ATX,AMD B550,128 GB,DDR4,4,Black,2,0,0,1,2242/2260/2280/22110 M-key,4,1 x 2.5 Gb/s,2,1,0,0,None,Yes,€143.00,https://fi.pcpartpicker.com/product/2Bwkcf/gigabyte-b550m-aorus-pro-p-micro-atx-am4-motherboard-b550m-aorus-pro-p
29,Asus ROG STRIX B660-A GAMING WIFI D4 ATX LGA1700 Motherboard (ROG STRIX B660-A GAMING WIFI D4),Asus,LGA1700,ATX,Intel B660,128 GB,DDR4,4,Silver / Black,2,0,0,2,2242/2260/2280/22110 M-key,4,1 x 2.5 Gb/s (Intel),0,1,1,0,Wi-Fi 6,Yes,€274.00,https://fi.pcpartpicker.com/product/TVRYcf/asus-rog-strix-b660-a-gaming-wifi-d4-atx-lga1700-motherboard-rog-strix-b660-a-gaming-wifi-d4
30,MSI MPG Z690 EDGE WIFI DDR4 ATX LGA1700 Motherboard (MPG Z690 EDGE WIFI DDR4),MSI,LGA1700,ATX,Intel Z690,128 GB,DDR4,4,Black / Gray,3,0,0,1,2260/2280/22110 M-key,6,1 x 2.5 Gb/s (Intel I225-V),2,1,1,0,Wi-Fi 6,Yes,€393.00,https://fi.pcpartpicker.com/product/vM6p99/msi-mpg-z690-edge-wifi-ddr4-atx-lga1700-motherboard-mpg-z690-edge-wifi-ddr4
31,Asus ROG STRIX B550-I GAMING Mini ITX AM4 Motherboard (ROG STRIX B550-I GAMING),Asus,AM4,Mini ITX,AMD B550,64 GB,DDR4,2,Black,1,0,0,0,2242/2260/2280 M-key,4,1 x 2.5 Gb/s,0,1,1,0,Wi-Fi 6,No,€189.90,https://fi.pcpartpicker.com/product/XBH8TW/asus-rog-strix-b550-i-gaming-mini-itx-am4-motherboard-rog-strix-b550-i-gaming
32,MSI PRO B660M-A WIFI DDR4 Micro ATX LGA1700 Motherboard (PRO B660M-A WIFI DDR4),MSI,LGA1700,Micro ATX,Intel B660,128 GB,DDR4,4,Black / Silver,2,0,0,1,2242/2260/2280 M-key,4,1 x 2.5 Gb/s (Realtek RTL8125BG),2,1,1,0,Wi-Fi 6,Yes,€182.00,https://fi.pcpartpicker.com/product/34kWGX/msi-pro-b660m-a-wifi-ddr4-micro-atx-lga1700-motherboard-pro-b660m-a-wifi-ddr4
33,MSI PRO Z690-A WIFI DDR4 ATX LGA1700 Motherboard (PRO Z690-A WIFI DDR4),MSI,LGA1700,ATX,Intel Z690,128 GB,DDR4,4,Black / Silver,3,0,0,1,2242/2260/2280/22110 M-key,6,1 x 2.5 Gb/s (Intel I225-V),2,2,1,0,Wi-Fi 6,Yes,€282.00,https://fi.pcpartpicker.com/product/LWPQzy/msi-pro-z690-a-wifi-ddr4-atx-lga1700-motherboard-pro-z690-a-wifi-ddr4
34,Asus TUF GAMING Z690-PLUS WIFI D4 ATX LGA1700 Motherboard (TUF GAMING Z690-PLUS WIFI D4),Asus,LGA1700,ATX,Intel Z690,128 GB,DDR4,4,Black / Silver,2,0,1,2,2242/2260/2280/22110 M-key,4,1 x 2.5 Gb/s (Intel),2,1,1,0,Wi-Fi 6,Yes,€299.90,https://fi.pcpartpicker.com/product/XQBG3C/asus-tuf-gaming-z690-plus-wifi-d4-atx-lga1700-motherboard-tuf-gaming-z690-plus-wifi-d4
35,Gigabyte Z690 UD DDR4 ATX LGA1700 Motherboard (Z690 UD DDR4),Gigabyte,LGA1700,ATX,Intel Z690,128 GB,DDR4,4,Black,3,0,0,2,2260/2280/22110 M-key,6,1 x 2.5 Gb/s (Realtek),2,1,1,0,None,Yes,€221.00,https://fi.pcpartpicker.com/product/Z3ddnQ/gigabyte-z690-ud-ddr4-atx-lga1700-motherboard-z690-ud-ddr4
36,Asus TUF GAMING B550M-PLUS (WI-FI) Micro ATX AM4 Motherboard (TUF GAMING B550M-PLUS (WI-FI)),Asus,AM4,Micro ATX,AMD B550,128 GB,DDR4,4,Black,2,0,0,1,2242/2260/2280 M-key,4,1 x 2.5 Gb/s,2,1,0,0,Wi-Fi 6,Yes,€230.00,https://fi.pcpartpicker.com/product/HjQfrH/asus-tuf-gaming-b550m-plus-wi-fi-micro-atx-am4-motherboard-tuf-gaming-b550m-plus-wi-fi
37,Gigabyte B660M DS3H AX DDR4 Micro ATX LGA1700 Motherboard (B660M DS3H AX DDR4),Gigabyte,LGA1700,Micro ATX,Intel B660,128 GB,DDR4,4,Black,1,0,0,2,2260/2280 M-key,4,1 x 2.5 Gb/s (Realtek),2,1,0,0,Wi-Fi 6,Yes,€157.00,https://fi.pcpartpicker.com/product/WNjBD3/gigabyte-b660m-ds3h-ax-ddr4-micro-atx-lga1700-motherboard-b660m-ds3h-ax-ddr4
38,MSI MAG X570S TOMAHAWK MAX WIFI ATX AM4 Motherboard (MAG X570S TOMAHAWK MAX WIFI),MSI,AM4,ATX,AMD X570,128 GB,DDR4,4,Black,2,0,0,2,2280/22110 M-key,6,1 x 2.5 Gb/s (Realtek RTL8125B),2,2,1,0,Wi-Fi 6,Yes,€299.90,https://fi.pcpartpicker.com/product/9BGbt6/msi-mag-x570s-tomahawk-max-wifi-atx-am4-motherboard-mag-x570s-tomahawk-max-wifi
39,Asus PRIME B660M-A D4 Micro ATX LGA1700 Motherboard (PRIME B660M-A D4),Asus,LGA1700,Micro ATX,Intel B660,128 GB,DDR4,4,Silver / Black,3,0,0,0,2242/2260/2280 M-key,4,1 x 1 Gb/s (Intel),2,2,1,0,None,Yes,€168.00,https://fi.pcpartpicker.com/product/yZPQzy/asus-prime-b660m-a-d4-micro-atx-lga1700-motherboard-prime-b660m-a-d4
40,Asus PRIME X570-PRO ATX AM4 Motherboard (PRIME X570-PRO),Asus,AM4,ATX,AMD X570,128 GB,DDR4,4,Black / White,3,0,0,3,2242/2260/2280/22110 M-key,6,1 x 1 Gb/s,2,1,1,0,None,Yes,€249.90,https://fi.pcpartpicker.com/product/DxrYcf/asus-prime-x570-pro-atx-am4-motherboard-prime-x570-pro
41,Gigabyte B550 GAMING X V2 ATX AM4 Motherboard (B550 GAMING X V2),Gigabyte,AM4,ATX,AMD B550,128 GB,DDR4,4,Black,2,0,0,3,2242/2260/2280/22110 M-key,4,1 x 1 Gb/s,2,1,1,0,None,Yes,€145.00,https://fi.pcpartpicker.com/product/KxFbt6/gigabyte-b550-gaming-x-v2-atx-am4-motherboard-b550-gaming-x-v2
42,Asus PRIME B550M-A (WI-FI) Micro ATX AM4 Motherboard (PRIME B550M-A (WI-FI)),Asus,AM4,Micro ATX,AMD B550,128 GB,DDR4,4,Black / White,1,0,0,2,2242/2260/2280/22110 M-key,4,1 x 1 Gb/s,2,1,0,0,Wi-Fi 6,Yes,€143.00,https://fi.pcpartpicker.com/product/WCcRsY/asus-prime-b550m-a-wi-fi-micro-atx-am4-motherboard-prime-b550m-a-wi-fi
43,Gigabyte H610M S2H DDR4 Micro ATX LGA1700 Motherboard (H610M S2H DDR4),Gigabyte,LGA1700,Micro ATX,Intel H610,64 GB,DDR4,2,Black / Gray,1,0,0,1,2260/2280 M-key,4,1 x 1 Gb/s (Intel),0,1,0,0,None,No,€110.00,https://fi.pcpartpicker.com/product/yQnypg/gigabyte-h610m-s2h-ddr4-micro-atx-lga1700-motherboard-h610m-s2h-ddr4
44,Asus TUF GAMING B560M-PLUS WIFI Micro ATX LGA1200 Motherboard (TUF GAMING B560M-PLUS WIFI),Asus,LGA1200,Micro ATX,Intel B560,128 GB,DDR4,4,Gold / Black,2,0,0,1,2242/2260/2280 M-key (Intel Rocket Lake-based CPUs only),6,1 x 2.5 Gb/s,2,1,1,0,Wi-Fi 6,No,€195.00,https://fi.pcpartpicker.com/product/d8KKHx/asus-tuf-gaming-b560m-plus-wifi-micro-atx-lga1200-motherboard-tuf-gaming-b560m-plus-wifi
45,MSI MPG Z690 CARBON WIFI ATX LGA1700 Motherboard (MPG Z690 CARBON WIFI),MSI,LGA1700,ATX,Intel Z690,128 GB,DDR5,4,Black / Silver,3,0,0,0,2242/2260/2280/22110 M-key,6,,2,1,1,0,Wi-Fi 6,Yes,€489.90,https://fi.pcpartpicker.com/product/g7Z9TW/msi-mpg-z690-carbon-wifi-atx-lga1700-motherboard-mpg-z690-carbon-wifi
46,Gigabyte Z690 GAMING X DDR4 ATX LGA1700 Motherboard (Z690 GAMING X DDR4),Gigabyte,LGA1700,ATX,Intel Z690,128 GB,DDR4,4,Black / Gray,3,0,0,0,2260/2280/22110 M-key,6,1 x 2.5 Gb/s (Realtek),2,1,1,0,None,Yes,€249.90,https://fi.pcpartpicker.com/product/q8XJ7P/gigabyte-z690-gaming-x-ddr4-atx-lga1700-motherboard-z690-gaming-x-ddr4
47,ASRock B660M-ITX/ac Mini ITX LGA1700 Motherboard (B660M-ITX/ac),ASRock,LGA1700,Mini ITX,Intel B660,64 GB,DDR4,2,Silver / Black,1,0,0,0,2280 M-key,4,1 x 1 Gb/s (Intel I219-V),0,1,1,0,Wi-Fi 5,Yes,€170.00,https://fi.pcpartpicker.com/product/fxC48d/asrock-b660m-itxac-mini-itx-lga1700-motherboard-b660m-itxac
48,MSI MPG B560I GAMING EDGE WIFI Mini ITX LGA1200 Motherboard (MPG B560I GAMING EDGE WIFI),MSI,LGA1200,Mini ITX,Intel B560,64 GB,DDR4,2,Black,1,0,0,0,2280 M-key,4,1 x 2.5 Gb/s,0,1,1,0,Wi-Fi 6,No,€213.00,https://fi.pcpartpicker.com/product/pQ6p99/msi-mpg-b560i-gaming-edge-wifi-mini-itx-lga1200-motherboard-mpg-b560i-gaming-edge-wifi
49,Asus PRIME B660M-A WIFI D4 Micro ATX LGA1700 Motherboard (PRIME B660M-A WIFI D4),Asus,LGA1700,Micro ATX,Intel B660,128 GB,DDR4,4,Silver / Black,3,0,0,0,2242/2260/2280 M-key,4,1 x 1 Gb/s (Intel),2,2,1,0,Wi-Fi 6,Yes,€191.00,https://fi.pcpartpicker.com/product/gBJgXL/asus-prime-b660m-a-wifi-d4-micro-atx-lga1700-motherboard-prime-b660m-a-wifi-d4
50,MSI MPG X570 GAMING PLUS ATX AM4 Motherboard (MPG X570 GAMING PLUS),MSI,AM4,ATX,AMD X570,128 GB,DDR4,4,Black / Red,2,0,0,3,2242/2260/2280 M-key,6,1 x 1 Gb/s,2,2,0,0,None,Yes,€256.00,https://fi.pcpartpicker.com/product/q4Dkcf/msi-mpg-x570-gaming-plus-atx-am4-motherboard-mpg-x570-gaming-plus
51,Asus ROG STRIX Z690-F GAMING WIFI ATX LGA1700 Motherboard (ROG STRIX Z690-F GAMING WIFI),Asus,LGA1700,ATX,Intel Z690,128 GB,DDR5,4,Black / Silver,2,0,0,1,2242/2260/2280/22110 M-key,6,1 x 2.5 Gb/s (Intel),2,1,0,1,Wi-Fi 6,Yes,€499.90,https://fi.pcpartpicker.com/product/wQBG3C/asus-rog-strix-z690-f-gaming-wifi-atx-lga1700-motherboard-rog-strix-z690-f-gaming-wifi
52,Gigabyte Z690 AORUS PRO ATX LGA1700 Motherboard (Z690 AORUS PRO),Gigabyte,LGA1700,ATX,Intel Z690,128 GB,DDR5,4,Black,3,0,0,0,2260/2280/22110 M-key,6,1 x 2.5 Gb/s (Intel),2,1,0,1,Wi-Fi 6,Yes,€349.00,https://fi.pcpartpicker.com/product/gyytt6/gigabyte-z690-aorus-pro-atx-lga1700-motherboard-z690-aorus-pro
53,MSI MAG B550M MORTAR WIFI Micro ATX AM4 Motherboard (MAG B550M MORTAR WIFI),MSI,AM4,Micro ATX,AMD B550,128 GB,DDR4,4,Silver / Black,2,0,0,2,2242/2260/2280 M-key,6,1 x 2.5 Gb/s,2,1,1,0,Wi-Fi 6,Yes,€196.00,https://fi.pcpartpicker.com/product/RhrYcf/msi-mag-b550m-mortar-wifi-micro-atx-am4-motherboard-mag-b550m-mortar-wifi
54,ASRock B560M-HDV Micro ATX LGA1200 Motherboard (B560M-HDV),ASRock,LGA1200,Micro ATX,Intel B560,64 GB,DDR4,2,Silver / Black,1,0,0,2,2260/2280 M-key (Intel Rocket Lake-based CPUs only),4,1 x 1 Gb/s,2,1,0,0,None,No,€103.00,https://fi.pcpartpicker.com/product/vvKKHx/asrock-b560m-hdv-micro-atx-lga1200-motherboard-b560m-hdv
55,NZXT N7 B550 ATX AM4 Motherboard (N7-B55XT-B1),NZXT,AM4,ATX,AMD B550,128 GB,DDR4,4,Black,2,0,0,2,2242/2260/2280 M-key,6,1 x 2.5 Gb/s,0,2,1,0,Wi-Fi 6,Yes,€279.00,https://fi.pcpartpicker.com/product/QwzhP6/nzxt-n7-b550-atx-am4-motherboard-n7-b55xt-b1
56,Asus PRIME Z690-P D4 ATX LGA1700 Motherboard (PRIME Z690-P D4),Asus,LGA1700,ATX,Intel Z690,128 GB,DDR4,4,Silver / Black,4,0,0,1,2242/2260/2280/22110 M-key,4,1 x 2.5 Gb/s (Realtek),2,2,1,0,None,Yes,€199.90,https://fi.pcpartpicker.com/product/J9Fbt6/asus-prime-z690-p-d4-atx-lga1700-motherboard-prime-z690-p-d4
57,Asus TUF GAMING X570-PRO (WI-FI) ATX AM4 Motherboard (TUF GAMING X570-PRO (WI-FI)),Asus,AM4,ATX,AMD X570,128 GB,DDR4,4,Black / Gold,2,0,0,2,2242/2260/2280/22110 M-key,8,1 x 2.5 Gb/s,2,1,1,0,Wi-Fi 6,Yes,€325.00,https://fi.pcpartpicker.com/product/6jFKHx/asus-tuf-gaming-x570-pro-wi-fi-atx-am4-motherboard-tuf-gaming-x570-pro-wi-fi
58,MSI PRO B660-A DDR4 ATX LGA1700 Motherboard (PRO B660-A DDR4),MSI,LGA1700,ATX,Intel B660,128 GB,DDR4,4,Black / Silver,2,0,0,3,2242/2260/2280/22110 M-key,4,1 x 2.5 Gb/s (Realtek RTL8125BG),0,1,1,0,None,Yes,€149.90,https://fi.pcpartpicker.com/product/FsfnTW/msi-pro-b660-a-ddr4-atx-lga1700-motherboard-pro-b660-a-ddr4
59,MSI PRO Z690-A ATX LGA1700 Motherboard (PRO Z690-A),MSI,LGA1700,ATX,Intel Z690,128 GB,DDR5,4,Black / Silver,3,0,0,1,2242/2260/2280/22110 M-key,6,1 x 2.5 Gb/s (Intel I225-V),2,2,1,0,None,Yes,€268.00,https://fi.pcpartpicker.com/product/qnwypg/msi-pro-z690-a-atx-lga1700-motherboard-pro-z690-a
60,Gigabyte B550 VISION D-P ATX AM4 Motherboard (B550 VISION D-P),Gigabyte,AM4,ATX,AMD B550,128 GB,DDR4,4,White / Black,3,0,0,0,2242/2260/2280/22110 M-key,4,2 x 2.5 Gb/s,2,1,1,0,Wi-Fi 6,Yes,€327.00,https://fi.pcpartpicker.com/product/PTJgXL/gigabyte-b550-vision-d-p-atx-am4-motherboard-b550-vision-d-p
61,Asus TUF GAMING B660M-PLUS WIFI D4 Micro ATX LGA1700 Motherboard (TUF GAMING B660M-PLUS WIFI D4),Asus,LGA1700,Micro ATX,Intel B660,128 GB,DDR4,4,Black / Orange,2,0,0,1,2242/2260/2280 M-key,4,1 x 2.5 Gb/s (Realtek),2,1,1,0,Wi-Fi 6,Yes,€223.00,https://fi.pcpartpicker.com/product/K7H7YJ/asus-tuf-gaming-b660m-plus-wifi-d4-micro-atx-lga1700-motherboard-tuf-gaming-b660m-plus-wifi-d4
62,Asus TUF GAMING B550-PLUS ATX AM4 Motherboard (TUF GAMING B550-PLUS),Asus,AM4,ATX,AMD B550,128 GB,DDR4,4,Black,2,0,0,3,2242/2260/2280/22110 M-key,6,1 x 2.5 Gb/s,2,1,0,0,None,Yes,€134.90,https://fi.pcpartpicker.com/product/pnqBD3/asus-tuf-gaming-b550-plus-atx-am4-motherboard-tuf-gaming-b550-plus
63,ASRock H610M-HVS Micro ATX LGA1700 Motherboard (H610M-HVS),ASRock,LGA1700,Micro ATX,Intel H610,64 GB,DDR4,2,Gray / Black,1,0,0,1,,4,1 x 1 Gb/s (Realtek 8111H),0,1,0,0,None,No,€102.00,https://fi.pcpartpicker.com/product/GhxRsY/asrock-h610m-hvs-micro-atx-lga1700-motherboard-h610m-hvs
64,MSI H510M-A PRO Micro ATX LGA1200 Motherboard (H510M-A PRO),MSI,LGA1200,Micro ATX,Intel H510,64 GB,DDR4,2,Black,1,0,0,1,2242/2260/2280 M-key,4,1 x 1 Gb/s,0,1,0,0,None,No,€99.00,https://fi.pcpartpicker.com/product/ncbTwP/msi-h510m-a-pro-micro-atx-lga1200-motherboard-h510m-a-pro
65,ASRock B560 Pro4 ATX LGA1200 Motherboard (B560 Pro4),ASRock,LGA1200,ATX,Intel B560,128 GB,DDR4,4,Silver / Black,2,0,0,2,2242/2260/2280 M-key (Intel Rocket Lake-based CPUs only),6,1 x 1 Gb/s,0,2,1,0,None,No,€142.00,https://fi.pcpartpicker.com/product/QzYmP6/asrock-b560-pro4-atx-lga1200-motherboard-b560-pro4
66,Asus ROG STRIX Z690-I GAMING WIFI Mini ITX LGA1700 Motherboard (ROG STRIX Z690-I GAMING WIFI),Asus,LGA1700,Mini ITX,Intel Z690,64 GB,DDR5,2,Black / Silver,1,0,0,0,2242/2260/2280 M-key,4,1 x 2.5 Gb/s (Intel),0,1,0,1,Wi-Fi 6,Yes,€479.90,https://fi.pcpartpicker.com/product/yzWzK8/asus-rog-strix-z690-i-gaming-wifi-mini-itx-lga1700-motherboard-rog-strix-z690-i-gaming-wifi
67,Gigabyte B550 AORUS ELITE V2 ATX AM4 Motherboard (B550 AORUS ELITE V2),Gigabyte,AM4,ATX,AMD B550,128 GB,DDR4,4,Black,3,0,0,1,2242/2260/2280/22110 M-key,4,1 x 2.5 Gb/s,2,1,1,0,None,Yes,€129.90,https://fi.pcpartpicker.com/product/7yhmP6/gigabyte-b550-aorus-elite-v2-atx-am4-motherboard-b550-aorus-elite-v2
68,Asus PRIME B550-PLUS ATX AM4 Motherboard (PRIME B550-PLUS),Asus,AM4,ATX,AMD B550,128 GB,DDR4,4,Black / White,2,0,0,3,2242/2260/2280/22110 M-key,6,1 x 1 Gb/s,2,1,0,0,None,Yes,€154.90,https://fi.pcpartpicker.com/product/TR848d/asus-prime-b550-plus-atx-am4-motherboard-prime-b550-plus
69,Asus ROG MAXIMUS Z690 EXTREME EATX LGA1700 Motherboard (ROG MAXIMUS Z690 EXTREME),Asus,LGA1700,EATX,Intel Z690,128 GB,DDR5,4,,2,0,0,1,2242/2260/2280/22110 M-key,6,1 x 2.5 Gb/s (Intel),2,2,0,1,Wi-Fi 6,Yes,€1359.00,https://fi.pcpartpicker.com/product/sNWzK8/asus-rog-maximus-z690-extreme-eatx-lga1700-motherboard-rog-maximus-z690-extreme
70,Asus ROG Crosshair VIII Hero (WI-FI) ATX AM4 Motherboard (ROG Crosshair VIII Hero (WI-FI)),Asus,AM4,ATX,AMD X570,128 GB,DDR4,4,Black,3,0,0,1,2242/2260/2280 M-key,8,1 x 1 Gb/s,2,1,1,0,Wi-Fi 6,Yes,€389.90,https://fi.pcpartpicker.com/product/GcfFf7/asus-rog-crosshair-viii-hero-wi-fi-atx-am4-motherboard-rog-crosshair-viii-hero-wi-fi
71,MSI MPG Z690 FORCE WIFI ATX LGA1700 Motherboard (MPG Z690 FORCE WIFI),MSI,LGA1700,ATX,Intel Z690,128 GB,DDR5,4,Silver / Black,3,0,0,0,2260/2280/22110 M-key,6,1 x 2.5 Gb/s (Intel I225-V),2,1,1,0,Wi-Fi 6,Yes,€483.00,https://fi.pcpartpicker.com/product/JLjBD3/msi-mpg-z690-force-wifi-atx-lga1700-motherboard-mpg-z690-force-wifi
72,Asus PRIME H610M-E D4 Micro ATX LGA1700 Motherboard (PRIME H610M-E D4),Asus,LGA1700,Micro ATX,Intel H610,64 GB,DDR4,2,Silver / Black,1,0,0,1,2242/2260/2280 M-key,4,1 x 1 Gb/s (Realtek),2,1,0,0,None,No,€119.00,https://fi.pcpartpicker.com/product/GtqPxr/asus-prime-h610m-e-d4-micro-atx-lga1700-motherboard-prime-h610m-e-d4
73,Asus PRIME Z690-P ATX LGA1700 Motherboard (PRIME Z690-P),Asus,LGA1700,ATX,Intel Z690,128 GB,DDR5,4,Silver / Black,4,0,0,1,2242/2260/2280/22110 M-key,4,1 x 2.5 Gb/s (Realtek),2,2,1,0,None,Yes,€249.90,https://fi.pcpartpicker.com/product/dQBG3C/asus-prime-z690-p-atx-lga1700-motherboard-prime-z690-p
74,ASRock X570 Phantom Gaming-ITX/TB3 Mini ITX AM4 Motherboard (X570 PHANTOM GAMING-ITX/TB3),ASRock,AM4,Mini ITX,AMD X570,64 GB,DDR4,2,Black / Silver,1,0,0,0,2280 M-key,4,1 x 1 Gb/s,0,1,0,0,Wi-Fi 6,Yes,€189.90,https://fi.pcpartpicker.com/product/FBmFf7/asrock-x570-phantom-gaming-itxtb3-mini-itx-am4-motherboard-x570-phantom-gaming-itxtb3
75,Asus PRIME B560-PLUS ATX LGA1200 Motherboard (PRIME B560-PLUS),Asus,LGA1200,ATX,Intel B560,128 GB,DDR4,4,Silver / Black,2,0,0,2,2242/2260/2280/22110 M-key (Intel Rocket Lake-based CPUs only),6,1 x 1 Gb/s,2,1,0,0,None,No,€119.90,https://fi.pcpartpicker.com/product/dLkWGX/asus-prime-b560-plus-atx-lga1200-motherboard-prime-b560-plus
76,Gigabyte B550 AORUS PRO AC ATX AM4 Motherboard (B550 AORUS PRO AC),Gigabyte,AM4,ATX,AMD B550,128 GB,DDR4,4,Black / Orange,3,0,0,2,2242/2260/2280/22110 M-key,6,1 x 2.5 Gb/s,2,1,0,0,Wi-Fi 5,Yes,€209.00,https://fi.pcpartpicker.com/product/FMxbt6/gigabyte-b550-aorus-pro-ac-atx-am4-motherboard-b550-aorus-pro-ac
77,Asus PRIME A320M-K Micro ATX AM4 Motherboard (PRIME A320M-K),Asus,AM4,Micro ATX,AMD A320,32 GB,DDR4,2,Black / White,1,0,0,2,2242/2260/2280 M-key,4,1 x 1 Gb/s,2,1,0,0,None,Yes,€83.00,https://fi.pcpartpicker.com/product/6FvZxr/asus-prime-a320m-k-micro-atx-am4-motherboard-prime-a320m-k
78,Asus TUF GAMING B550-PLUS WIFI II ATX AM4 Motherboard (TUF GAMING B550-PLUS WIFI II),Asus,AM4,ATX,AMD B550,128 GB,DDR4,4,Black / Gray,2,0,0,3,2242/2260/2280/22110 M-key,6,1 x 2.5 Gb/s (Realtek),2,1,0,0,Wi-Fi 6,Yes,€199.00,https://fi.pcpartpicker.com/product/pLNxFT/asus-tuf-gaming-b550-plus-wifi-ii-atx-am4-motherboard-tuf-gaming-b550-plus-wifi-ii
79,MSI MAG Z690 TOMAHAWK WIFI ATX LGA1700 Motherboard (MAG Z690 TOMAHAWK WIFI),MSI,LGA1700,ATX,Intel Z690,128 GB,DDR5,4,Black / Silver,3,0,0,1,2242/2260/2280/22110 M-key,6,1 x 2.5 Gb/s (Intel I225-V),2,1,1,0,Wi-Fi 6,Yes,€353.00,https://fi.pcpartpicker.com/product/nk8bt6/msi-mag-z690-tomahawk-wifi-atx-lga1700-motherboard-mag-z690-tomahawk-wifi
80,Asus PRIME X570-P ATX AM4 Motherboard (PRIME X570-P),Asus,AM4,ATX,AMD X570,128 GB,DDR4,4,Black / White,2,0,0,3,2242/2260/2280/22110 M-key,6,1 x 1 Gb/s,2,2,0,0,None,Yes,€189.90,https://fi.pcpartpicker.com/product/McfFf7/asus-prime-x570-p-atx-am4-motherboard-prime-x570-p
81,MSI MAG B660M MORTAR WIFI Micro ATX LGA1700 Motherboard (MAG B660M MORTAR WIFI),MSI,LGA1700,Micro ATX,Intel B660,128 GB,DDR5,4,Silver / Black,2,0,0,1,2242/2260/2280 M-key,6,1 x 2.5 Gb/s (Realtek RTL8125BG),2,1,1,0,Wi-Fi 6,Yes,€266.00,https://fi.pcpartpicker.com/product/qPLFf7/msi-mag-b660m-mortar-wifi-micro-atx-lga1700-motherboard-mag-b660m-mortar-wifi
82,Gigabyte Z690 AORUS MASTER EATX LGA1700 Motherboard (Z690 AORUS MASTER),Gigabyte,LGA1700,EATX,Intel Z690,128 GB,DDR5,4,Black,3,0,0,0,2260/2280/22110 M-key,6,1 x 10 Gb/s (Marvell AQtion AQC113C),2,2,0,1,Wi-Fi 6,Yes,€509.00,https://fi.pcpartpicker.com/product/tyytt6/gigabyte-z690-aorus-master-eatx-lga1700-motherboard-z690-aorus-master
83,Asus ROG Strix X570-F Gaming ATX AM4 Motherboard (ROG Strix X570-F Gaming),Asus,AM4,ATX,AMD X570,128 GB,DDR4,4,Black,3,0,0,2,2242/2260/2280/22110 M-key,8,1 x 1 Gb/s,2,1,1,0,None,Yes,€279.90,https://fi.pcpartpicker.com/product/cqsnTW/asus-rog-strix-x570-f-gaming-atx-am4-motherboard-rog-strix-x570-f-gaming
84,Asus PRIME Z690-P WIFI ATX LGA1700 Motherboard (PRIME Z690-P WIFI),Asus,LGA1700,ATX,Intel Z690,128 GB,DDR5,4,Silver / Black,4,0,0,1,2242/2260/2280/22110 M-key,4,1 x 2.5 Gb/s (Realtek),2,2,1,0,Wi-Fi 6,Yes,€329.90,https://fi.pcpartpicker.com/product/Pq7G3C/asus-prime-z690-p-wifi-atx-lga1700-motherboard-prime-z690-p-wifi
85,Gigabyte B660I AORUS Pro DDR4 Mini ITX LGA1700 Motherboard (B660I AORUS Pro DDR4),Gigabyte,LGA1700,Mini ITX,Intel B660,64 GB,DDR4,2,Black,1,0,0,0,2260/2280 M-key,4,1 x 2.5 Gb/s (Intel),0,1,1,0,Wi-Fi 6,Yes,€255.00,https://fi.pcpartpicker.com/product/Tft9TW/gigabyte-b660i-aorus-pro-ddr4-mini-itx-lga1700-motherboard-b660i-aorus-pro-ddr4
86,Asus PRIME Z690-A ATX LGA1700 Motherboard (PRIME Z690-A),Asus,LGA1700,ATX,Intel Z690,128 GB,DDR5,4,Silver / Black,2,0,1,2,2242/2260/2280/22110 M-key,4,1 x 2.5 Gb/s (Intel),2,1,1,0,None,Yes,€319.90,https://fi.pcpartpicker.com/product/VzWzK8/asus-prime-z690-a-atx-lga1700-motherboard-prime-z690-a
87,Asus ROG STRIX B550-E GAMING ATX AM4 Motherboard (ROG STRIX B550-E GAMING),Asus,AM4,ATX,AMD B550,128 GB,DDR4,4,Black,3,0,0,2,2242/2260/2280/22110 M-key,6,1 x 2.5 Gb/s,2,1,1,0,Wi-Fi 6,Yes,€329.00,https://fi.pcpartpicker.com/product/PDyqqs/asus-rog-strix-b550-e-gaming-atx-am4-motherboard-rog-strix-b550-e-gaming
88,Gigabyte B550M AORUS ELITE Micro ATX AM4 Motherboard (B550M AORUS ELITE),Gigabyte,AM4,Micro ATX,AMD B550,128 GB,DDR4,4,Black / Orange,2,0,0,1,2242/2260/2280/22110 M-key,4,1 x 1 Gb/s,0,1,0,0,None,Yes,€123.00,https://fi.pcpartpicker.com/product/Kb6qqs/gigabyte-b550m-aorus-elite-micro-atx-am4-motherboard-b550m-aorus-elite
89,MSI PRO Z690-A WIFI ATX LGA1700 Motherboard (PRO Z690-A WIFI),MSI,LGA1700,ATX,Intel Z690,128 GB,DDR5,4,Black / Silver,3,0,0,1,2242/2260/2280/22110 M-key,6,1 x 2.5 Gb/s (Intel I225-V),2,2,1,0,Wi-Fi 6,Yes,€279.00,https://fi.pcpartpicker.com/product/K9Fbt6/msi-pro-z690-a-wifi-atx-lga1700-motherboard-pro-z690-a-wifi
90,MSI PRO B660M-G DDR4 Micro ATX LGA1700 Motherboard (PRO B660M-G DDR4),MSI,LGA1700,Micro ATX,Intel B660,64 GB,DDR4,2,Black / Silver,1,0,0,1,2242/2260/2280 M-key,4,1 x 2.5 Gb/s (Realtek RTL8125BG),2,1,0,0,None,Yes,€160.00,https://fi.pcpartpicker.com/product/FmKKHx/msi-pro-b660m-g-ddr4-micro-atx-lga1700-motherboard-pro-b660m-g-ddr4
91,Asus ROG MAXIMUS Z690 FORMULA ATX LGA1700 Motherboard (ROG MAXIMUS Z690 FORMULA),Asus,LGA1700,ATX,Intel Z690,128 GB,DDR5,4,Silver / Black,3,0,0,0,2242/2260/2280/22110 M-key,6,1 x 10 Gb/s (Marvell),2,2,0,1,Wi-Fi 6,Yes,€878.00,https://fi.pcpartpicker.com/product/cKGbt6/asus-rog-maximus-z690-formula-atx-lga1700-motherboard-rog-maximus-z690-formula
92,MSI MAG B560 TOMAHAWK WIFI ATX LGA1200 Motherboard (MAG B560 TOMAHAWK WIFI),MSI,LGA1200,ATX,Intel B560,128 GB,DDR4,4,Black,2,0,0,1,2242/2260/2280/22110 M-key (Intel Rocket Lake-based CPUs only),6,1 x 2.5 Gb/s,2,1,1,0,Wi-Fi 6,No,€186.00,https://fi.pcpartpicker.com/product/m2mmP6/msi-mag-b560-tomahawk-wifi-atx-lga1200-motherboard-mag-b560-tomahawk-wifi
93,NZXT N7-Z69XT-W1 ATX LGA1700 Motherboard (N7-Z69XT-W1),NZXT,LGA1700,ATX,Intel Z690,128 GB,DDR4,4,White / Black,3,0,0,2,2242/2260/2280 M-key,4,1 x 2.5 Gb/s (Realtek RTL8125BG),2,1,1,0,Wi-Fi 6,Yes,€299.90,https://fi.pcpartpicker.com/product/cZytt6/nzxt-n7-z69xt-w1-atx-lga1700-motherboard-n7-z69xt-w1
94,MSI A520M-A PRO Micro ATX AM4 Motherboard (A520M-A PRO),MSI,AM4,Micro ATX,AMD A520,64 GB,DDR4,2,Black,1,0,0,1,2242/2260/2280 M-key,4,1 x 1 Gb/s,2,1,0,0,None,Yes,€93.00,https://fi.pcpartpicker.com/product/nZTzK8/msi-a520m-a-pro-micro-atx-am4-motherboard-a520m-a-pro
95,MSI X570-A PRO ATX AM4 Motherboard (X570-A PRO),MSI,AM4,ATX,AMD X570,128 GB,DDR4,4,Black / Silver,2,0,0,3,2242/2260/2280/22110 M-key,6,1 x 1 Gb/s,2,2,0,0,None,Yes,€199.90,https://fi.pcpartpicker.com/product/QZLwrH/msi-x570-a-pro-atx-am4-motherboard-x570-a-pro
96,Asus PRIME Z590-P ATX LGA1200 Motherboard (PRIME Z590-P),Asus,LGA1200,ATX,Intel Z590,128 GB,DDR4,4,Silver / Black,2,0,0,2,2242/2260/2280/22110 M-key (Intel Rocket Lake-based CPUs only),4,1 x 2.5 Gb/s,2,1,1,0,None,Yes,€240.00,https://fi.pcpartpicker.com/product/Xm8bt6/asus-prime-z590-p-atx-lga1200-motherboard-prime-z590-p
97,Asus TUF Gaming Z590-PLUS WIFI ATX LGA1200 Motherboard (TUF Gaming Z590-PLUS WIFI),Asus,LGA1200,ATX,Intel Z590,128 GB,DDR4,4,Silver / Black,2,0,0,2,2242/2260/2280/22110 M-key (Intel Rocket Lake-based CPUs only),6,1 x 2.5 Gb/s,2,1,1,0,Wi-Fi 6,Yes,€239.90,https://fi.pcpartpicker.com/product/hD8bt6/asus-tuf-gaming-z590-plus-wifi-atx-lga1200-motherboard-tuf-gaming-z590-plus-wifi
98,Gigabyte X570S AORUS MASTER ATX AM4 Motherboard (X570S AORUS MASTER),Gigabyte,AM4,ATX,AMD X570,128 GB,DDR4,4,Black / Silver,3,0,0,0,2242/2280/22110 M-key,6,1 x 2.5 Gb/s (Intel),2,2,1,0,Wi-Fi 6,Yes,€422.00,https://fi.pcpartpicker.com/product/XWBG3C/gigabyte-x570s-aorus-master-atx-am4-motherboard-x570s-aorus-master
99,ASRock B660M Pro RS Micro ATX LGA1700 Motherboard (B660M Pro RS),ASRock,LGA1700,Micro ATX,Intel B660,128 GB,DDR4,4,Gray / Black,2,0,0,1,2242/2260/2280 M-key,4,1 x 1 Gb/s (Intel I219-V),2,1,1,0,None,Yes,€146.00,https://fi.pcpartpicker.com/product/TZPQzy/asrock-b660m-pro-rs-micro-atx-lga1700-motherboard-b660m-pro-rs
100,MSI MAG Z590 TOMAHAWK WIFI ATX LGA1200 Motherboard (MAG Z590 TOMAHAWK WIFI),MSI,LGA1200,ATX,Intel Z590,128 GB,DDR4,4,Black,2,0,0,2,2242/2260/2280/22110 M-key (Intel Rocket Lake-based CPUs only),6,1 x 2.5 Gb/s,2,1,1,0,Wi-Fi 6,Yes,€308.00,https://fi.pcpartpicker.com/product/dvnypg/msi-mag-z590-tomahawk-wifi-atx-lga1200-motherboard-mag-z590-tomahawk-wifi
101,Asus TUF GAMING B660-PLUS WIFI D4 ATX LGA1700 Motherboard (TUF GAMING B660-PLUS WIFI D4),Asus,LGA1700,ATX,Intel B660,128 GB,DDR4,4,Yellow / Black,2,0,0,2,2242/2260/2280/22110 M-key,4,1 x 2.5 Gb/s (Intel),2,1,1,0,Wi-Fi 6,Yes,€219.90,https://fi.pcpartpicker.com/product/Xdwypg/asus-tuf-gaming-b660-plus-wifi-d4-atx-lga1700-motherboard-tuf-gaming-b660-plus-wifi-d4
102,MSI MPG X570S EDGE MAX WIFI ATX AM4 Motherboard (MPG X570S EDGE MAX WIFI),MSI,AM4,ATX,AMD X570,128 GB,DDR4,4,Black / Silver,3,0,0,1,2242/2260/2280/22110 M-key,6,1 x 2.5 Gb/s (Realtek RTL8125B),2,2,1,0,Wi-Fi 6,Yes,€274.00,https://fi.pcpartpicker.com/product/vVC48d/msi-mpg-x570s-edge-max-wifi-atx-am4-motherboard-mpg-x570s-edge-max-wifi
103,MSI PRO Z690-P DDR4 ATX LGA1700 Motherboard (PRO Z690-P DDR4),MSI,LGA1700,ATX,Intel Z690,128 GB,DDR4,4,Black / Silver,2,0,0,3,2242/2260/2280/22110 M-key,4,1 x 2.5 Gb/s (Realtek RTL8125BG),2,2,0,0,None,Yes,€219.90,https://fi.pcpartpicker.com/product/nGRYcf/msi-pro-z690-p-ddr4-atx-lga1700-motherboard-pro-z690-p-ddr4
104,Gigabyte Z690 AORUS ELITE AX ATX LGA1700 Motherboard (Z690 AORUS ELITE AX),Gigabyte,LGA1700,ATX,Intel Z690,128 GB,DDR5,4,Black,3,0,0,0,2260/2280/22110 M-key,6,1 x 2.5 Gb/s (Realtek),2,1,1,0,Wi-Fi 6,Yes,€299.90,https://fi.pcpartpicker.com/product/JJRYcf/gigabyte-z690-aorus-elite-ax-atx-lga1700-motherboard-z690-aorus-elite-ax
105,ASRock B550M-HDV Micro ATX AM4 Motherboard (B550M-HDV),ASRock,AM4,Micro ATX,AMD B550,64 GB,DDR4,2,Black,1,0,0,1,2242/2260/2280 M-key,4,1 x 1 Gb/s,2,1,0,0,None,Yes,€85.00,https://fi.pcpartpicker.com/product/LKLwrH/asrock-b550m-hdv-micro-atx-am4-motherboard-b550m-hdv
106,MSI MEG Z690I UNIFY Mini ITX LGA1700 Motherboard (MEG Z690I UNIFY),MSI,LGA1700,Mini ITX,Intel Z690,64 GB,DDR5,2,Black / Silver,1,0,0,0,2280 M-key,4,1 x 2.5 Gb/s (Intel I225-V),0,1,0,1,Wi-Fi 6,Yes,€468.00,https://fi.pcpartpicker.com/product/rQnypg/msi-meg-z690i-unify-mini-itx-lga1700-motherboard-meg-z690i-unify
107,NZXT N7 Z590 ATX LGA1200 Motherboard (N7-Z59XT-W1),NZXT,LGA1200,ATX,Intel Z590,128 GB,DDR4,4,White,2,0,0,3,2242/2260/2280 M-key,4,1 x 2.5 Gb/s (Realtek RTL8125BG),0,2,1,0,Wi-Fi 6,Yes,€299.00,https://fi.pcpartpicker.com/product/s8H7YJ/nzxt-n7-z590-atx-lga1200-motherboard-n7-z59xt-w1
108,Asus PRIME B550M-K Micro ATX AM4 Motherboard (PRIME B550M-K),Asus,AM4,Micro ATX,AMD B550,128 GB,DDR4,4,Black / White,1,0,0,2,2242/2260/2280/22110 M-key,4,1 x 1 Gb/s,2,1,0,0,None,Yes,€119.90,https://fi.pcpartpicker.com/product/96gQzy/asus-prime-b550m-k-micro-atx-am4-motherboard-prime-b550m-k
109,Asus ROG STRIX Z690-G GAMING WIFI Micro ATX LGA1700 Motherboard (ROG STRIX Z690-G GAMING WIFI),Asus,LGA1700,Micro ATX,Intel Z690,128 GB,DDR5,4,Black / Silver,2,0,0,1,2242/2260/2280 M-key,6,1 x 2.5 Gb/s (Intel),2,1,0,1,Wi-Fi 6,Yes,€389.90,https://fi.pcpartpicker.com/product/DHrRsY/asus-rog-strix-z690-g-gaming-wifi-micro-atx-lga1700-motherboard-rog-strix-z690-g-gaming-wifi
110,NZXT N7-Z69XT-B1 ATX LGA1700 Motherboard (N7-Z69XT-B1),NZXT,LGA1700,ATX,Intel Z690,128 GB,DDR4,4,Black,3,0,0,2,2242/2260/2280 M-key,4,1 x 2.5 Gb/s (Realtek RTL8125BG),2,1,1,0,Wi-Fi 6,Yes,€299.90,https://fi.pcpartpicker.com/product/sbgFf7/nzxt-n7-z69xt-b1-atx-lga1700-motherboard-n7-z69xt-b1
111,ASRock B660 Pro RS ATX LGA1700 Motherboard (B660 Pro RS),ASRock,LGA1700,ATX,Intel B660,128 GB,DDR4,4,Gray / Black,2,0,0,2,2260/2280 M-key,4,1 x 1 Gb/s (Intel I219-V),0,2,1,0,None,Yes,€172.00,https://fi.pcpartpicker.com/product/zXpzK8/asrock-b660-pro-rs-atx-lga1700-motherboard-b660-pro-rs
112,MSI H510I PRO WIFI Mini ITX LGA1200 Motherboard (H510I PRO WIFI),MSI,LGA1200,Mini ITX,Intel H510,64 GB,DDR4,2,Black / Silver,1,0,0,0,2280 M-key,4,1 x 2.5 Gb/s,0,1,0,0,Wi-Fi 6,No,€160.00,https://fi.pcpartpicker.com/product/BwcG3C/msi-h510i-pro-wifi-mini-itx-lga1200-motherboard-h510i-pro-wifi
113,MSI Z590-A PRO ATX LGA1200 Motherboard (Z590-A PRO),MSI,LGA1200,ATX,Intel Z590,128 GB,DDR4,4,Black,2,0,0,2,2242/2260/2280/22110 M-key (Intel Rocket Lake-based CPUs only),6,1 x 2.5 Gb/s,2,2,1,0,None,Yes,€229.00,https://fi.pcpartpicker.com/product/mgstt6/msi-z590-a-pro-atx-lga1200-motherboard-z590-a-pro
114,ASRock B660M-HDV Micro ATX LGA1700 Motherboard (B660M-HDV),ASRock,LGA1700,Micro ATX,Intel B660,64 GB,DDR4,2,Gray / Black,1,0,0,2,2260/2280 M-key,4,1 x 1 Gb/s (Intel I219-V),2,1,0,0,None,Yes,€118.00,https://fi.pcpartpicker.com/product/4ZPQzy/asrock-b660m-hdv-micro-atx-lga1700-motherboard-b660m-hdv
115,MSI MEG X570S ACE MAX ATX AM4 Motherboard (MEG X570S ACE MAX),MSI,AM4,ATX,AMD X570,128 GB,DDR4,4,Black,3,0,0,1,2280/22110 M-key,8,1 x 2.5 Gb/s (Realtek RTL8125B),2,2,1,0,Wi-Fi 6,Yes,€497.00,https://fi.pcpartpicker.com/product/8GVmP6/msi-meg-x570s-ace-max-atx-am4-motherboard-meg-x570s-ace-max
116,Gigabyte Z690 GAMING X ATX LGA1700 Motherboard (Z690 GAMING X),Gigabyte,LGA1700,ATX,Intel Z690,128 GB,DDR5,4,Black / Gray,3,0,0,0,2260/2280/22110 M-key,6,1 x 2.5 Gb/s (Realtek),2,1,1,0,None,Yes,€236.00,https://fi.pcpartpicker.com/product/9WjBD3/gigabyte-z690-gaming-x-atx-lga1700-motherboard-z690-gaming-x
117,MSI MPG X570S CARBON MAX WIFI ATX AM4 Motherboard (MPG X570S CARBON MAX WIFI),MSI,AM4,ATX,AMD X570,128 GB,DDR4,4,Black / Silver,2,0,0,2,2242/2260/2280/22110 M-key,8,1 x 2.5 Gb/s (Realtek RTL8125B),2,2,1,0,Wi-Fi 6,Yes,€349.90,https://fi.pcpartpicker.com/product/JVC48d/msi-mpg-x570s-carbon-max-wifi-atx-am4-motherboard-mpg-x570s-carbon-max-wifi
118,MSI MPG B550 GAMING CARBON WIFI ATX AM4 Motherboard (MPG B550 GAMING CARBON WIFI),MSI,AM4,ATX,AMD B550,128 GB,DDR4,4,Black / Silver,2,0,0,3,2242/2260/2280 M-key,6,1 x 2.5 Gb/s,2,1,1,0,Wi-Fi 6,Yes,€261.00,https://fi.pcpartpicker.com/product/FyBhP6/msi-mpg-b550-gaming-carbon-wifi-atx-am4-motherboard-mpg-b550-gaming-carbon-wifi
119,Gigabyte B660 AORUS Master DDR4 ATX LGA1700 Motherboard (B660 AORUS MASTER DDR4),Gigabyte,LGA1700,ATX,Intel B660,128 GB,DDR4,4,Black,3,0,0,0,2260/2280/22110 M-key,4,1 x 2.5 Gb/s (Intel),2,1,1,0,Wi-Fi 6,Yes,€264.90,https://fi.pcpartpicker.com/product/kZPQzy/gigabyte-b660-aorus-master-ddr4-atx-lga1700-motherboard-b660-aorus-master-ddr4
120,Gigabyte X570S AERO G ATX AM4 Motherboard (X570S AERO G),Gigabyte,AM4,ATX,AMD X570,128 GB,DDR4,4,Black / White,3,0,0,0,2242/2280/22110 M-key,6,1 x 2.5 Gb/s (Intel),2,2,1,0,Wi-Fi 6,Yes,€339.00,https://fi.pcpartpicker.com/product/f7pzK8/gigabyte-x570s-aero-g-atx-am4-motherboard-x570s-aero-g
121,ASRock B660M Steel Legend Micro ATX LGA1700 Motherboard (B660M Steel Legend),ASRock,LGA1700,Micro ATX,Intel B660,128 GB,DDR4,4,Silver / Black,1,0,0,2,2242/2260/2280 M-key,6,1 x 2.5 Gb/s (Realtek Dragon RTL8125BG),2,1,0,1,None,Yes,€173.00,https://fi.pcpartpicker.com/product/Bzstt6/asrock-b660m-steel-legend-micro-atx-lga1700-motherboard-b660m-steel-legend
122,Asus PRIME Z690M-PLUS D4 Micro ATX LGA1700 Motherboard (PRIME Z690M-PLUS D4),Asus,LGA1700,Micro ATX,Intel Z690,128 GB,DDR4,4,Silver / Black,2,0,0,2,2242/2260/2280 M-key,4,1 x 1 Gb/s (Intel),2,1,1,0,None,Yes,€199.90,https://fi.pcpartpicker.com/product/gWPQzy/asus-prime-z690m-plus-d4-micro-atx-lga1700-motherboard-prime-z690m-plus-d4
123,Asus ROG Crosshair VIII Extreme EATX AM4 Motherboard (ROG CROSSHAIR VIII EXTREME),Asus,AM4,EATX,AMD X570,128 GB,DDR4,4,Black,2,0,0,1,2242/2260/2280 M-key,6,1 x 2.5 Gb/s (Intel I225-V),2,2,1,1,Wi-Fi 6,Yes,€880.00,https://fi.pcpartpicker.com/product/qKNxFT/asus-rog-crosshair-viii-extreme-eatx-am4-motherboard-rog-crosshair-viii-extreme
124,Asus PRIME B450-PLUS ATX AM4 Motherboard (PRIME B450-PLUS),Asus,AM4,ATX,AMD B450,64 GB,DDR4,4,Black / Silver,2,0,0,3,2242/2260/2280/22110 M-key,6,1 x 1 Gb/s,2,1,0,0,None,Yes,€101.00,https://fi.pcpartpicker.com/product/Fk7v6h/asus-prime-b450-plus-atx-am4-motherboard-prime-b450-plus
125,MSI B560M PRO-VDH WIFI Micro ATX LGA1200 Motherboard (B560M PRO-VDH WIFI),MSI,LGA1200,Micro ATX,Intel B560,128 GB,DDR4,4,Black,1,0,0,2,2242/2260/2280/22110 M-key,6,1 x 2.5 Gb/s,2,1,0,0,Wi-Fi 6,No,€171.00,https://fi.pcpartpicker.com/product/vsLFf7/msi-b560m-pro-vdh-wifi-micro-atx-lga1200-motherboard-b560m-pro-vdh-wifi
126,Asus ROG MAXIMUS XIII HERO ATX LGA1200 Motherboard (ROG MAXIMUS XIII HERO),Asus,LGA1200,ATX,Intel Z590,128 GB,DDR4,4,Black,3,0,0,1,2242/2260/2280/22110 M-key (Intel Rocket Lake-based CPUs only),6,2 x 2.5 Gb/s,2,2,0,1,Wi-Fi 6,Yes,€399.90,https://fi.pcpartpicker.com/product/KJVmP6/asus-rog-maximus-xiii-hero-atx-lga1200-motherboard-rog-maximus-xiii-hero
127,ASRock X570 Taichi ATX AM4 Motherboard (X570 Taichi),ASRock,AM4,ATX,AMD X570,128 GB,DDR4,4,Black / Silver,3,0,0,2,2242/2260/2280 M-key,8,1 x 1 Gb/s,2,1,1,0,Wi-Fi 6,Yes,€199.90,https://fi.pcpartpicker.com/product/pbvqqs/asrock-x570-taichi-atx-am4-motherboard-x570-taichi
128,Asus ROG STRIX B560-A GAMING WIFI ATX LGA1200 Motherboard (ROG STRIX B560-A GAMING WIFI),Asus,LGA1200,ATX,Intel B560,128 GB,DDR4,4,Black / Silver,2,0,0,3,2242/2260/2280/22110 M-key (Intel Rocket Lake-based CPUs only),6,1 x 2.5 Gb/s,2,1,1,0,Wi-Fi 6,No,€229.00,https://fi.pcpartpicker.com/product/R4M48d/asus-rog-strix-b560-a-gaming-wifi-atx-lga1200-motherboard-rog-strix-b560-a-gaming-wifi
129,Asus ProArt Z690-CREATOR WIFI ATX LGA1700 Motherboard (ProArt Z690-CREATOR WIFI),Asus,LGA1700,ATX,Intel Z690,128 GB,DDR5,4,Black / Copper,3,0,0,0,2242/2260/2280/22110 M-key,8,1 x 2.5 Gb/s (Intel),2,1,0,1,Wi-Fi 6,Yes,€618.00,https://fi.pcpartpicker.com/product/tPYmP6/asus-proart-z690-creator-wifi-atx-lga1700-motherboard-proart-z690-creator-wifi
130,MSI MAG B660M BAZOOKA DDR4 Micro ATX LGA1700 Motherboard (MAG B660M BAZOOKA DDR4),MSI,LGA1700,Micro ATX,Intel B660,128 GB,DDR4,4,Green / Black,2,0,0,1,2242/2260/2280 M-key,4,1 x 2.5 Gb/s (Realtek RTL8125BG),2,1,1,0,None,Yes,€188.00,https://fi.pcpartpicker.com/product/dsFbt6/msi-mag-b660m-bazooka-ddr4-micro-atx-lga1700-motherboard-mag-b660m-bazooka-ddr4
131,Asus TUF GAMING B550M-PLUS Micro ATX AM4 Motherboard (TUF GAMING B550M-PLUS),Asus,AM4,Micro ATX,AMD B550,128 GB,DDR4,4,Black,2,0,0,1,2242/2260/2280 M-key,4,1 x 2.5 Gb/s,2,1,0,0,None,Yes,€163.00,https://fi.pcpartpicker.com/product/hrCFf7/asus-tuf-gaming-b550m-plus-micro-atx-am4-motherboard-tuf-gaming-b550m-plus
132,Asus PRIME Z590-A ATX LGA1200 Motherboard (PRIME Z590-A),Asus,LGA1200,ATX,Intel Z590,128 GB,DDR4,4,Silver / Black,3,0,1,0,2242/2260/2280/22110 M-key (Intel Rocket Lake-based CPUs only),6,1 x 2.5 Gb/s,2,1,1,0,None,Yes,€289.00,https://fi.pcpartpicker.com/product/fwVmP6/asus-prime-z590-a-atx-lga1200-motherboard-prime-z590-a
133,Asus PRIME H670-PLUS D4 ATX LGA1700 Motherboard (PRIME H670-PLUS D4),Asus,LGA1700,ATX,Intel H670,128 GB,DDR4,4,Silver / Black,3,0,0,2,2242/2260/2280 M-key,4,1 x 2.5 Gb/s (Realtek),0,2,0,0,None,Yes,€195.00,https://fi.pcpartpicker.com/product/sPLFf7/asus-prime-h670-plus-d4-atx-lga1700-motherboard-prime-h670-plus-d4
134,MSI MEG Z690 UNIFY ATX LGA1700 Motherboard (MEG Z690 UNIFY),MSI,LGA1700,ATX,Intel Z690,128 GB,DDR5,4,Black / Silver,2,0,1,0,2260/2280 M-key,6,2 x 2.5 Gb/s (Intel I225-V),2,2,0,1,Wi-Fi 6,Yes,€645.00,https://fi.pcpartpicker.com/product/dk8bt6/msi-meg-z690-unify-atx-lga1700-motherboard-meg-z690-unify
135,Asus TUF GAMING Z690-PLUS WIFI ATX LGA1700 Motherboard (TUF GAMING Z690-PLUS WIFI),Asus,LGA1700,ATX,Intel Z690,128 GB,DDR5,4,Black / Gray,2,0,1,2,2242/2260/2280/22110 M-key,4,1 x 2.5 Gb/s (Intel),2,1,1,0,Wi-Fi 6,Yes,€385.00,https://fi.pcpartpicker.com/product/Xpnypg/asus-tuf-gaming-z690-plus-wifi-atx-lga1700-motherboard-tuf-gaming-z690-plus-wifi
136,Gigabyte X570 AORUS XTREME EATX AM4 Motherboard (X570 AORUS XTREME),Gigabyte,AM4,EATX,AMD X570,128 GB,DDR4,4,Black / Silver,3,0,0,0,2242/2260/2280/22110 M-key,6,1 x 1 Gb/s,0,2,1,0,Wi-Fi 6,Yes,€815.00,https://fi.pcpartpicker.com/product/TBmFf7/gigabyte-x570-aorus-xtreme-eatx-am4-motherboard-x570-aorus-xtreme
137,Gigabyte H610I DDR4 Mini ITX LGA1700 Motherboard (H610I DDR4),Gigabyte,LGA1700,Mini ITX,Intel H610,64 GB,DDR4,2,Black / Gray,1,0,0,0,2280 M-key,4,1 x 1 Gb/s (Intel),2,1,0,0,None,No,€141.00,https://fi.pcpartpicker.com/product/yhwypg/gigabyte-h610i-ddr4-mini-itx-lga1700-motherboard-h610i-ddr4
138,Gigabyte H310M H Micro ATX LGA1151 Motherboard (H310M H),Gigabyte,LGA1151,Micro ATX,Intel H310,32 GB,DDR4,2,Silver / Brown,1,0,0,2,,4,1 x 1 Gb/s,0,1,0,0,None,No,€67.00,https://fi.pcpartpicker.com/product/tK22FT/gigabyte-h310m-h-micro-atx-lga1151-motherboard-h310m-h
139,Gigabyte B660 GAMING X DDR4 ATX LGA1700 Motherboard (B660 GAMING X DDR4),Gigabyte,LGA1700,ATX,Intel B660,128 GB,DDR4,4,Black,3,0,0,0,2260/2280/22110 M-key,4,1 x 2.5 Gb/s (Realtek),2,1,1,0,None,Yes,€174.90,https://fi.pcpartpicker.com/product/LNTp99/gigabyte-b660-gaming-x-ddr4-atx-lga1700-motherboard-b660-gaming-x-ddr4
140,MSI MAG B560M MORTAR WIFI Micro ATX LGA1200 Motherboard (MAG B560M MORTAR WIFI),MSI,LGA1200,Micro ATX,Intel B560,128 GB,DDR4,4,Black / White,2,0,0,1,2242/2260/2280 M-key,6,1 x 2.5 Gb/s,2,1,1,0,Wi-Fi 6,No,€191.00,https://fi.pcpartpicker.com/product/WmrRsY/msi-mag-b560m-mortar-wifi-micro-atx-lga1200-motherboard-mag-b560m-mortar-wifi
141,Gigabyte Z690 AERO G ATX LGA1700 Motherboard (Z690 AERO G),Gigabyte,LGA1700,ATX,Intel Z690,128 GB,DDR5,4,Black / Silver,3,0,0,0,2260/2280/22110 M-key,6,1 x 2.5 Gb/s (Intel),2,1,0,1,Wi-Fi 6,Yes,€229.90,https://fi.pcpartpicker.com/product/P6PQzy/gigabyte-z690-aero-g-atx-lga1700-motherboard-z690-aero-g
142,Gigabyte B660 DS3H DDR4 ATX LGA1700 Motherboard (B660 DS3H DDR4),Gigabyte,LGA1700,ATX,Intel B660,128 GB,DDR4,4,Black,5,0,0,0,2260/2280/22110 M-key,4,1 x 1 Gb/s (Realtek),2,1,1,0,None,Yes,€139.90,https://fi.pcpartpicker.com/product/rdcG3C/gigabyte-b660-ds3h-ddr4-atx-lga1700-motherboard-b660-ds3h-ddr4
143,MSI B560M-A PRO Micro ATX LGA1200 Motherboard (B560M-A PRO),MSI,LGA1200,Micro ATX,Intel B560,64 GB,DDR4,2,Black,1,0,0,2,2242/2260/2280 M-key,6,1 x 2.5 Gb/s,2,1,0,0,None,No,€129.00,https://fi.pcpartpicker.com/product/HpH7YJ/msi-b560m-a-pro-micro-atx-lga1200-motherboard-b560m-a-pro
144,MSI MAG B550M MORTAR Micro ATX AM4 Motherboard (MAG B550M MORTAR),MSI,AM4,Micro ATX,AMD B550,128 GB,DDR4,4,Black / Silver,2,0,0,2,2242/2260/2280 M-key,6,1 x 2.5 Gb/s,2,1,1,0,None,Yes,€190.00,https://fi.pcpartpicker.com/product/9PDkcf/msi-mag-b550m-mortar-micro-atx-am4-motherboard-mag-b550m-mortar
145,MSI MEG Z690 ACE EATX LGA1700 Motherboard (MEG Z690 ACE),MSI,LGA1700,EATX,Intel Z690,128 GB,DDR5,4,Black / Gold,3,0,0,0,2260/2280/22110 M-key,6,2 x 2.5 Gb/s (Intel I225-V),2,2,0,2,Wi-Fi 6,Yes,€793.00,https://fi.pcpartpicker.com/product/RkRYcf/msi-meg-z690-ace-eatx-lga1700-motherboard-meg-z690-ace
146,Gigabyte X570S AORUS PRO AX ATX AM4 Motherboard (X570S AORUS PRO AX),Gigabyte,AM4,ATX,AMD X570,128 GB,DDR4,4,Black / Gray,3,0,0,0,2242/2280/22110 M-key,6,1 x 2.5 Gb/s (Intel),0,2,1,0,Wi-Fi 6,Yes,€309.90,https://fi.pcpartpicker.com/product/YGFbt6/gigabyte-x570s-aorus-pro-ax-atx-am4-motherboard-x570s-aorus-pro-ax
147,ASRock H510M-HVS Micro ATX LGA1200 Motherboard (H510M-HVS),ASRock,LGA1200,Micro ATX,Intel H510,64 GB,DDR4,2,Silver / Black,1,0,0,1,,4,1 x 1 Gb/s,0,1,0,0,None,No,€78.00,https://fi.pcpartpicker.com/product/Lr6p99/asrock-h510m-hvs-micro-atx-lga1200-motherboard-h510m-hvs
148,ASRock H670M Pro RS Micro ATX LGA1700 Motherboard (H670M Pro RS),ASRock,LGA1700,Micro ATX,Intel H670,128 GB,DDR4,4,Gray / Black,2,0,0,1,2242/2280 M-key,4,1 x 1 Gb/s (Intel I219-V),2,2,1,0,None,Yes,€172.00,https://fi.pcpartpicker.com/product/WJ2WGX/asrock-h670m-pro-rs-micro-atx-lga1700-motherboard-h670m-pro-rs
149,MSI MAG B550M BAZOOKA Micro ATX AM4 Motherboard (MAG B550M BAZOOKA),MSI,AM4,Micro ATX,AMD B550,128 GB,DDR4,4,Black / Silver,1,0,0,2,2242/2260/2280 M-key,4,1 x 1 Gb/s,2,1,1,0,None,Yes,€178.00,https://fi.pcpartpicker.com/product/mJQfrH/msi-mag-b550m-bazooka-micro-atx-am4-motherboard-mag-b550m-bazooka
150,MSI MPG Z590 GAMING EDGE WIFI ATX LGA1200 Motherboard (MPG Z590 GAMING EDGE WIFI),MSI,LGA1200,ATX,Intel Z590,128 GB,DDR4,4,Black,3,0,0,2,2242/2260/2280/22110 M-key (Intel Rocket Lake-based CPUs only),6,1 x 2.5 Gb/s,2,1,1,0,Wi-Fi 6,Yes,€249.90,https://fi.pcpartpicker.com/product/qWD7YJ/msi-mpg-z590-gaming-edge-wifi-atx-lga1200-motherboard-mpg-z590-gaming-edge-wifi
151,Gigabyte Z590 AORUS MASTER ATX LGA1200 Motherboard (Z590 AORUS MASTER),Gigabyte,LGA1200,ATX,Intel Z590,128 GB,DDR4,4,Black,3,0,0,0,2242/2260/2280/22110 M-key (Intel Rocket Lake-based CPUs only),6,1 x 10 Gb/s,2,2,1,0,Wi-Fi 6 + 802.11ad,Yes,€339.90,https://fi.pcpartpicker.com/product/xr6p99/gigabyte-z590-aorus-master-atx-lga1200-motherboard-z590-aorus-master
152,MSI MAG B560 TORPEDO ATX LGA1200 Motherboard (MAG B560 TORPEDO),MSI,LGA1200,ATX,Intel B560,128 GB,DDR4,4,Black / Blue,2,0,0,1,2242/2260/2280/22110 M-key (Intel Rocket Lake-based CPUs only),6,1 x 1 Gb/s,2,1,1,0,None,No,€195.00,https://fi.pcpartpicker.com/product/jv3gXL/msi-mag-b560-torpedo-atx-lga1200-motherboard-mag-b560-torpedo
153,Asus ROG Crosshair VIII Formula ATX AM4 Motherboard (ROG Crosshair VIII Formula),Asus,AM4,ATX,AMD X570,128 GB,DDR4,4,Black,3,0,0,1,2242/2260/2280 M-key,8,1 x 1 Gb/s,2,2,1,0,Wi-Fi 6,Yes,€551.00,https://fi.pcpartpicker.com/product/ykLwrH/asus-rog-crosshair-viii-formula-atx-am4-motherboard-rog-crosshair-viii-formula
154,ASRock B660 Steel Legend ATX LGA1700 Motherboard (B660 Steel Legend),ASRock,LGA1700,ATX,Intel B660,128 GB,DDR4,4,Silver / Black,2,0,0,2,2260/2280 M-key,6,1 x 2.5 Gb/s (Realtek Dragon RTL8125BG),0,1,0,1,None,Yes,€212.00,https://fi.pcpartpicker.com/product/jRhFf7/asrock-b660-steel-legend-atx-lga1700-motherboard-b660-steel-legend
155,Gigabyte H610M H DDR4 Micro ATX LGA1700 Motherboard (H610M H DDR4),Gigabyte,LGA1700,Micro ATX,Intel H610,64 GB,DDR4,2,Black / Gray,1,0,0,1,2260/2280 M-key,4,1 x 1 Gb/s (Intel),2,1,0,0,None,No,€113.00,https://fi.pcpartpicker.com/product/CWvdnQ/gigabyte-h610m-h-ddr4-micro-atx-lga1700-motherboard-h610m-h-ddr4
156,Asus ROG STRIX B550-F GAMING WIFI II ATX AM4 Motherboard (STRIX B550-F GAMING WIFI II),Asus,AM4,ATX,AMD B550,128 GB,DDR4,4,Black / Red,2,0,0,3,2242/2260/2280/22110 M-key,6,1 x 2.5 Gb/s (Intel I225-V),0,1,0,0,Wi-Fi 6,Yes,€229.90,https://fi.pcpartpicker.com/product/K4LFf7/asus-rog-strix-b550-f-gaming-wifi-ii-atx-am4-motherboard-strix-b550-f-gaming-wifi-ii
157,Asus TUF GAMING X570-PLUS ATX AM4 Motherboard (TUF GAMING X570-PLUS),Asus,AM4,ATX,AMD X570,128 GB,DDR4,4,Black / Gold,2,0,0,3,2242/2260/2280/22110 M-key,8,1 x 1 Gb/s,2,1,0,0,None,Yes,€199.90,https://fi.pcpartpicker.com/product/whMTwP/asus-tuf-gaming-x570-plus-atx-am4-motherboard-tuf-gaming-x570-plus
158,Asus PRIME H610M-K D4 Micro ATX LGA1700 Motherboard (PRIME H610M-K D4),Asus,LGA1700,Micro ATX,Intel H610,64 GB,DDR4,2,Silver / Black,1,0,0,1,2242/2260/2280 M-key,4,1 x 1 Gb/s (Realtek),0,1,0,0,None,No,€120.00,https://fi.pcpartpicker.com/product/wHLFf7/asus-prime-h610m-k-d4-micro-atx-lga1700-motherboard-prime-h610m-k-d4
159,Gigabyte Z690 AORUS XTREME EATX LGA1700 Motherboard (Z690 AORUS XTREME),Gigabyte,LGA1700,EATX,Intel Z690,128 GB,DDR5,4,Black,3,0,0,0,2260/2280/22110 M-key,4,1 x 10 Gb/s (Marvell AQtion AQC113C),0,2,0,1,Wi-Fi 6,Yes,€1085.00,https://fi.pcpartpicker.com/product/6wjBD3/gigabyte-z690-aorus-xtreme-eatx-lga1700-motherboard-z690-aorus-xtreme
160,Asus ROG STRIX B660-F GAMING WIFI ATX LGA1700 Motherboard (ROG STRIX B660-F GAMING WIFI),Asus,LGA1700,ATX,Intel B660,128 GB,DDR5,4,Black,2,0,0,2,2242/2260/2280/22110 M-key,4,1 x 2.5 Gb/s (Intel I225-V),2,1,1,0,Wi-Fi 6,Yes,€189.90,https://fi.pcpartpicker.com/product/RZmmP6/asus-rog-strix-b660-f-gaming-wifi-atx-lga1700-motherboard-rog-strix-b660-f-gaming-wifi
161,ASRock Z690M Phantom Gaming 4 Micro ATX LGA1700 Motherboard (Z690M Phantom Gaming 4),ASRock,LGA1700,Micro ATX,Intel Z690,128 GB,DDR4,4,Silver / Black,2,0,0,1,2242/2280 M-key,4,1 x 1 Gb/s (Intel I219-V),2,2,0,0,None,Yes,€197.00,https://fi.pcpartpicker.com/product/b3ddnQ/asrock-z690m-phantom-gaming-4-micro-atx-lga1700-motherboard-z690m-phantom-gaming-4
162,MSI MAG A520M VECTOR WIFI Micro ATX AM4 Motherboard (MAG A520M VECTOR WIFI),MSI,AM4,Micro ATX,AMD A520,64 GB,DDR4,2,Black,1,0,0,2,2242/2260/2280 M-key,4,1 x 1 Gb/s,2,1,0,0,Wi-Fi 5,Yes,€112.00,https://fi.pcpartpicker.com/product/8LRgXL/msi-mag-a520m-vector-wifi-micro-atx-am4-motherboard-mag-a520m-vector-wifi
163,MSI MEG B550 UNIFY ATX AM4 Motherboard (MEG B550 UNIFY),MSI,AM4,ATX,AMD B550,128 GB,DDR4,4,Black / Silver,2,0,0,2,2280/22110 M-key,6,1 x 2.5 Gb/s,2,1,1,0,Wi-Fi 6,Yes,€362.00,https://fi.pcpartpicker.com/product/NgDkcf/msi-meg-b550-unify-atx-am4-motherboard-meg-b550-unify
164,Asus TUF GAMING H670-PRO WIFI D4 ATX LGA1700 Motherboard (TUF GAMING H670-PRO WIFI D4),Asus,LGA1700,ATX,Intel H670,128 GB,DDR4,4,Gray / Black,2,0,0,2,2242/2260/2280/22110 M-key,4,1 x 2.5 Gb/s (Intel),2,1,1,0,Wi-Fi 6,Yes,€236.00,https://fi.pcpartpicker.com/product/vvC48d/asus-tuf-gaming-h670-pro-wifi-d4-atx-lga1700-motherboard-tuf-gaming-h670-pro-wifi-d4
165,ASRock H610M-HDV/M.2 Micro ATX LGA1700 Motherboard (H610M-HDV/M.2),ASRock,LGA1700,Micro ATX,Intel H610,64 GB,DDR4,2,Gray / Black,1,0,0,2,2260/2280 M-key,4,1 x 1 Gb/s (Intel I219-V),2,1,0,0,None,No,€110.00,https://fi.pcpartpicker.com/product/NYt9TW/asrock-h610m-hdvm2-micro-atx-lga1700-motherboard-h610m-hdvm2
166,ASRock B560M Pro4 Micro ATX LGA1200 Motherboard (B560M PRO4),ASRock,LGA1200,Micro ATX,Intel B560,128 GB,DDR4,4,Silver / Black,2,0,0,1,2242/2260/2280 M-key (Intel Rocket Lake-based CPUs only),6,1 x 1 Gb/s,2,1,1,0,None,No,€119.00,https://fi.pcpartpicker.com/product/9BmmP6/asrock-b560m-pro4-micro-atx-lga1200-motherboard-b560m-pro4
167,ASRock Z690 Phantom Gaming 4/D5 ATX LGA1700 Motherboard (Z690 Phantom Gaming 4/D5),ASRock,LGA1700,ATX,Intel Z690,128 GB,DDR5,4,Black / Silver,2,0,0,3,2260/2280 M-key,4,1 x 1 Gb/s (Intel I219-V),0,2,0,1,None,Yes,€233.00,https://fi.pcpartpicker.com/product/xwjBD3/asrock-z690-phantom-gaming-4d5-atx-lga1700-motherboard-z690-phantom-gaming-4d5
168,Asus ROG MAXIMUS Z690 APEX ATX LGA1700 Motherboard (ROG MAXIMUS Z690 APEX),Asus,LGA1700,ATX,Intel Z690,64 GB,DDR5,2,Black / Silver,2,0,1,1,2242/2260/2280 M-key,6,1 x 2.5 Gb/s (Intel),2,2,0,1,Wi-Fi 6,Yes,€836.00,https://fi.pcpartpicker.com/product/pfkWGX/asus-rog-maximus-z690-apex-atx-lga1700-motherboard-rog-maximus-z690-apex
169,Asus TUF GAMING X570-PRO WIFI II ATX AM4 Motherboard (TUF GAMING X570-PRO WIFI II),Asus,AM4,ATX,AMD X570,128 GB,DDR4,4,Black,2,0,0,2,2242/2260/2280/22110 M-key,8,1 x 2.5 Gb/s (Intel),2,1,1,0,Wi-Fi 6,Yes,€332.00,https://fi.pcpartpicker.com/product/b4jBD3/asus-tuf-gaming-x570-pro-wifi-ii-atx-am4-motherboard-tuf-gaming-x570-pro-wifi-ii
170,Gigabyte B660M GAMING X DDR4 Micro ATX LGA1700 Motherboard (B660M GAMING X DDR4),Gigabyte,LGA1700,Micro ATX,Intel B660,128 GB,DDR4,4,Black,2,0,0,0,2260/2280 M-key,4,1 x 2.5 Gb/s,2,1,1,0,None,Yes,€168.00,https://fi.pcpartpicker.com/product/nbD7YJ/gigabyte-b660m-gaming-x-ddr4-micro-atx-lga1700-motherboard-b660m-gaming-x-ddr4
171,ASRock H670 PG Riptide ATX LGA1700 Motherboard (H670 PG Riptide),ASRock,LGA1700,ATX,Intel H670,128 GB,DDR4,4,Black,2,0,0,3,2260/2280 M-key,4,1 x 1 Gb/s (Intel I219-V),0,2,0,1,None,Yes,€201.00,https://fi.pcpartpicker.com/product/bRhFf7/asrock-h670-pg-riptide-atx-lga1700-motherboard-h670-pg-riptide
172,MSI MEG Z690 UNIFY-X ATX LGA1700 Motherboard (MEG Z690 UNIFY-X),MSI,LGA1700,ATX,Intel Z690,64 GB,DDR5,2,Black / Silver,2,0,1,0,2260/2280 M-key,6,2 x 2.5 Gb/s (Intel I225-V),2,2,0,1,Wi-Fi 6,Yes,€701.00,https://fi.pcpartpicker.com/product/P4Gbt6/msi-meg-z690-unify-x-atx-lga1700-motherboard-meg-z690-unify-x
173,Gigabyte A520M DS3H Micro ATX AM4 Motherboard (GA-A520M-DS3H),Gigabyte,AM4,Micro ATX,AMD A520,128 GB,DDR4,4,Black,1,0,0,2,2242/2260/2280 M-key,4,1 x 1 Gb/s,0,1,0,0,None,Yes,€99.00,https://fi.pcpartpicker.com/product/7R7p99/gigabyte-a520m-ds3h-micro-atx-am4-motherboard-ga-a520m-ds3h
174,MSI MAG B660M MORTAR DDR4 Micro ATX LGA1700 Motherboard (MAG B660M MORTAR DDR4),MSI,LGA1700,Micro ATX,Intel B660,128 GB,DDR4,4,Black / Silver,2,0,0,1,2242/2260/2280 M-key,6,1 x 2.5 Gb/s (Realtek RTL8125BG),2,1,1,0,None,Yes,€204.00,https://fi.pcpartpicker.com/product/t9PQzy/msi-mag-b660m-mortar-ddr4-micro-atx-lga1700-motherboard-mag-b660m-mortar-ddr4
175,ASRock Z690M-ITX/ax Mini ITX LGA1700 Motherboard (Z690M-ITX/ax),ASRock,LGA1700,Mini ITX,Intel Z690,64 GB,DDR4,2,Silver / Black,1,0,0,0,2280 M-key,4,1 x 2.5 Gb/s (Realtek Dragon RTL8125BG),0,1,0,1,Wi-Fi 6,Yes,€274.00,https://fi.pcpartpicker.com/product/2PYmP6/asrock-z690m-itxax-mini-itx-lga1700-motherboard-z690m-itxax
176,Asus ProArt B660-CREATOR D4 ATX LGA1700 Motherboard (ProArt B660-CREATOR D4),Asus,LGA1700,ATX,Intel B660,128 GB,DDR4,4,Black,2,0,0,1,2242/2260/2280/22110 M-key,4,1 x 2.5 Gb/s (Realtek),2,1,0,1,None,Yes,€263.00,https://fi.pcpartpicker.com/product/LqXJ7P/asus-proart-b660-creator-d4-atx-lga1700-motherboard-proart-b660-creator-d4
177,Asus ROG STRIX B660-G GAMING WIFI Micro ATX LGA1700 Motherboard (ROG STRIX B660-G GAMING WIFI),Asus,LGA1700,Micro ATX,Intel B660,128 GB,DDR5,4,Black,2,0,0,2,2242/2260/2280 M-key,4,1 x 2.5 Gb/s (Intel),2,1,1,0,Wi-Fi 6,Yes,€240.00,https://fi.pcpartpicker.com/product/pt2WGX/asus-rog-strix-b660-g-gaming-wifi-micro-atx-lga1700-motherboard-rog-strix-b660-g-gaming-wifi
178,ASRock H510M-HDV Micro ATX LGA1200 Motherboard (H510M-HDV),ASRock,LGA1200,Micro ATX,Intel H510,64 GB,DDR4,2,Silver / Black,1,0,0,1,,4,1 x 1 Gb/s,0,1,0,0,None,No,€83.00,https://fi.pcpartpicker.com/product/NnH7YJ/asrock-h510m-hdv-micro-atx-lga1200-motherboard-h510m-hdv
179,MSI PRO H610M-B DDR4 Micro ATX LGA1700 Motherboard (PRO H610M-B DDR4),MSI,LGA1700,Micro ATX,Intel H610,64 GB,DDR4,2,Black / Silver,1,0,0,1,2242/2260/2280 M-key,4,1 x 1 Gb/s (Intel I219-V),0,1,0,0,None,No,€120.00,https://fi.pcpartpicker.com/product/QcPQzy/msi-pro-h610m-b-ddr4-micro-atx-lga1700-motherboard-pro-h610m-b-ddr4
180,Gigabyte B660 DS3H AX DDR4 ATX LGA1700 Motherboard (B660 DS3H AX DDR4),Gigabyte,LGA1700,ATX,Intel B660,128 GB,DDR4,4,Black,5,0,0,0,2260/2280 M-key,4,1 x 1 Gb/s (Realtek),2,1,1,0,Wi-Fi 6,Yes,€173.00,https://fi.pcpartpicker.com/product/m6ddnQ/gigabyte-b660-ds3h-ax-ddr4-atx-lga1700-motherboard-b660-ds3h-ax-ddr4
181,Asus Strix B550-XE Gaming WiFi ATX AM4 Motherboard (Strix B550-XE Gaming WiFi),Asus,AM4,ATX,AMD B550,128 GB,DDR4,4,Black,3,0,0,2,2242/2260/2280/22110 M-key,6,1 x 2.5 Gb/s,2,1,1,0,Wi-Fi 6,Yes,€306.00,https://fi.pcpartpicker.com/product/zfMTwP/asus-strix-b550-xe-gaming-wifi-atx-am4-motherboard-strix-b550-xe-gaming-wifi
182,Asus ProArt X570-CREATOR WIFI ATX AM4 Motherboard (ProArt X570-CREATOR WIFI),Asus,AM4,ATX,AMD X570,128 GB,DDR4,4,Black,3,0,0,0,2242/2260/2280/22110 M-key,6,1 x 2.5 Gb/s (Intel I225-V),0,1,1,0,Wi-Fi 6,Yes,€494.00,https://fi.pcpartpicker.com/product/8y8bt6/asus-proart-x570-creator-wifi-atx-am4-motherboard-proart-x570-creator-wifi
183,Gigabyte B660M GAMING X AX DDR4 Micro ATX LGA1700 Motherboard (B660M GAMING X AX DDR4),Gigabyte,LGA1700,Micro ATX,Intel B660,128 GB,DDR4,4,Black,2,0,0,0,2260/2280 M-key,4,1 x 2.5 Gb/s,2,1,1,0,Wi-Fi 6,Yes,€185.00,https://fi.pcpartpicker.com/product/DvC48d/gigabyte-b660m-gaming-x-ax-ddr4-micro-atx-lga1700-motherboard-b660m-gaming-x-ax-ddr4
184,NZXT N7 Z590 ATX LGA1200 Motherboard (N7-Z59XT-B1),NZXT,LGA1200,ATX,Intel Z590,128 GB,DDR4,4,Black,2,0,0,3,2242/2260/2280 M-key,4,1 x 2.5 Gb/s (Realtek RTL8125BG),0,2,1,0,Wi-Fi 6,Yes,€299.00,https://fi.pcpartpicker.com/product/cM3gXL/nzxt-n7-z590-atx-lga1200-motherboard-n7-z59xt-b1
185,Gigabyte B550 AORUS MASTER ATX AM4 Motherboard (B550 AORUS MASTER),Gigabyte,AM4,ATX,AMD B550,128 GB,DDR4,4,Black / Silver,3,0,0,0,2242/2280/22110 M-key,6,1 x 2.5 Gb/s,2,1,0,0,Wi-Fi 6,Yes,€289.00,https://fi.pcpartpicker.com/product/QN7p99/gigabyte-b550-aorus-master-atx-am4-motherboard-b550-aorus-master
186,Supermicro X10DRL-i ATX Dual-CPU LGA2011 Motherboard (MBD-X10DRL-I-O),Supermicro,2 x LGA2011,ATX,Intel C612,512 GB,DDR4,8,Green,1,5,0,0,,10,2 x 1 Gb/s,0,1,0,0,None,No,€505.00,https://fi.pcpartpicker.com/product/L7YWGX/supermicro-x10drl-i-atx-dual-cpu-lga2011-motherboard-mbd-x10drl-i-o
187,MSI B560M PRO WIFI Micro ATX LGA1200 Motherboard (B560M PRO WIFI),MSI,LGA1200,Micro ATX,Intel B560,64 GB,DDR4,2,Black,1,0,0,2,2242/2260/2280 M-key,6,1 x 2.5 Gb/s,2,1,0,0,Wi-Fi 6,No,€160.00,https://fi.pcpartpicker.com/product/sMbTwP/msi-b560m-pro-wifi-micro-atx-lga1200-motherboard-b560m-pro-wifi
188,Gigabyte Z590I VISION D Mini ITX LGA1200 Motherboard (Z590I VISION D),Gigabyte,LGA1200,Mini ITX,Intel Z590,64 GB,DDR4,2,Black / White,1,0,0,0,2260/2280 M-key (Intel Rocket Lake-based CPUs only),4,1 x 2.5 Gb/s,0,1,1,0,Wi-Fi 6,Yes,€302.00,https://fi.pcpartpicker.com/product/GXPQzy/gigabyte-z590i-vision-d-mini-itx-lga1200-motherboard-z590i-vision-d
189,ASRock H670 Steel Legend ATX LGA1700 Motherboard (H670 Steel Legend),ASRock,LGA1700,ATX,Intel H670,128 GB,DDR4,4,Silver / Gray,2,0,0,3,2260/2280 M-key,4,1 x 2.5 Gb/s (Realtek Dragon RTL8125BG),0,2,0,1,None,Yes,€222.00,https://fi.pcpartpicker.com/product/26jBD3/asrock-h670-steel-legend-atx-lga1700-motherboard-h670-steel-legend
190,Asus TUF GAMING B560-PLUS WIFI ATX LGA1200 Motherboard (TUF GAMING B560-PLUS WIFI),Asus,LGA1200,ATX,Intel B560,128 GB,DDR4,4,Black,2,0,0,3,2242/2260/2280/22110 M-key (Intel Rocket Lake-based CPUs only),6,1 x 2.5 Gb/s,2,1,1,0,Wi-Fi 6,No,€189.00,https://fi.pcpartpicker.com/product/WH2WGX/asus-tuf-gaming-b560-plus-wifi-atx-lga1200-motherboard-tuf-gaming-b560-plus-wifi
191,Asus TUF GAMING Z690-PLUS D4 ATX LGA1700 Motherboard (TUF GAMING Z690-PLUS D4),Asus,LGA1700,ATX,Intel Z690,128 GB,DDR4,4,Black / Silver,2,0,1,2,2242/2260/2280/22110 M-key,4,1 x 2.5 Gb/s (Intel),2,1,1,0,None,No,€309.90,https://fi.pcpartpicker.com/product/gk8bt6/asus-tuf-gaming-z690-plus-d4-atx-lga1700-motherboard-tuf-gaming-z690-plus-d4
192,Gigabyte Z590 AORUS PRO AX ATX LGA1200 Motherboard (Z590 AORUS PRO AX),Gigabyte,LGA1200,ATX,Intel Z590,128 GB,DDR4,4,Black,3,0,0,0,2242/2260/2280 M-key (Intel Rocket Lake-based CPUs only),6,1 x 2.5 Gb/s,2,1,1,0,Wi-Fi 6,Yes,€209.00,https://fi.pcpartpicker.com/product/6hytt6/gigabyte-z590-aorus-pro-ax-atx-lga1200-motherboard-z590-aorus-pro-ax
193,Gigabyte Z690 UD ATX LGA1700 Motherboard (Z690 UD),Gigabyte,LGA1700,ATX,Intel Z690,128 GB,DDR5,4,Black,3,0,0,2,2260/2280/22110 M-key,6,1 x 2.5 Gb/s (Realtek),2,1,1,0,None,Yes,€219.90,https://fi.pcpartpicker.com/product/8KxRsY/gigabyte-z690-ud-atx-lga1700-motherboard-z690-ud
194,MSI MPG Z590 GAMING PLUS ATX LGA1200 Motherboard (MPG Z590 GAMING PLUS),MSI,LGA1200,ATX,Intel Z590,128 GB,DDR4,4,Black,3,0,0,2,2242/2260/2280/22110 M-key,6,1 x 2.5 Gb/s (Intel I225-V),2,1,1,0,None,Yes,€229.90,https://fi.pcpartpicker.com/product/vvddnQ/msi-mpg-z590-gaming-plus-atx-lga1200-motherboard-mpg-z590-gaming-plus
195,MSI H510M PRO Micro ATX LGA1200 Motherboard (H510M PRO),MSI,LGA1200,Micro ATX,Intel H510,64 GB,DDR4,2,Beige,1,0,0,1,2242/2260/2280 M-key,4,1 x 1 Gb/s,0,1,0,0,None,No,€112.00,https://fi.pcpartpicker.com/product/GskWGX/msi-h510m-pro-micro-atx-lga1200-motherboard-h510m-pro
196,ASRock H610M-ITX/ac Mini ITX LGA1700 Motherboard (H610M-ITX/ac),ASRock,LGA1700,Mini ITX,Intel H610,64 GB,DDR4,2,Silver / Black,1,0,0,0,2280 M-key,4,1 x 1 Gb/s (Intel I219-V),0,1,0,0,Wi-Fi 5,No,€151.00,https://fi.pcpartpicker.com/product/MMKKHx/asrock-h610m-itxac-mini-itx-lga1700-motherboard-h610m-itxac
197,Asus ROG Strix X299-E Gaming II ATX LGA2066 Motherboard (X299-E Gaming II),Asus,LGA2066,ATX,Intel X299,256 GB,DDR4,8,Black,3,0,1,1,2242/2260/2280/22110 M-key,8,1 x 1 Gb/s,2,2,1,0,Wi-Fi 6,Yes,€522.00,https://fi.pcpartpicker.com/product/74pmP6/asus-rog-strix-x299-e-gaming-ii-atx-lga2066-motherboard-x299-e-gaming-ii
198,Gigabyte A520M H Micro ATX AM4 Motherboard (A520M H),Gigabyte,AM4,Micro ATX,AMD A520,64 GB,DDR4,2,Black,1,0,0,2,2242/2260/2280 M-key,4,1 x 1 Gb/s,2,1,0,0,None,Yes,€71.00,https://fi.pcpartpicker.com/product/Pb9tt6/gigabyte-a520m-h-micro-atx-am4-motherboard-a520m-h
199,Asus ProArt B550-CREATOR ATX AM4 Motherboard (ProArt B550-CREATOR),Asus,AM4,ATX,AMD B550,128 GB,DDR4,4,Black,3,0,0,2,2242/2260/2280/22110 M-key,4,1 x 2.5 Gb/s,2,1,1,0,None,Yes,€331.00,https://fi.pcpartpicker.com/product/sJM48d/asus-proart-b550-creator-atx-am4-motherboard-proart-b550-creator
200,Asus PRIME H610M-A D4 Micro ATX LGA1700 Motherboard (PRIME H610M-A D4),Asus,LGA1700,Micro ATX,Intel H610,64 GB,DDR4,2,Silver / Black,1,0,0,1,2242/2260/2280 M-key,4,1 x 1 Gb/s (Intel),2,1,0,0,None,No,€130.00,https://fi.pcpartpicker.com/product/Dft9TW/asus-prime-h610m-a-d4-micro-atx-lga1700-motherboard-prime-h610m-a-d4
201,NZXT N5 Z690 ATX LGA1700 Motherboard (N5-Z69XT-W1),NZXT,LGA1700,ATX,Intel Z690,128 GB,DDR4,4,Black / White,3,0,0,2,2242/2260/2280 M-key,4,1 x 2.5 Gb/s (Realtek RTL8125BG),2,1,1,0,Wi-Fi 6,Yes,€239.90,https://fi.pcpartpicker.com/product/s6zhP6/nzxt-n5-z690-atx-lga1700-motherboard-n5-z69xt-w1
202,MSI X299 PRO ATX LGA2066 Motherboard (X299 PRO),MSI,LGA2066,ATX,Intel X299,256 GB,DDR4,8,Black,4,0,0,0,2242/2260/2280/22110 M-key,6,1 x 1 Gb/s,2,2,1,0,None,Yes,€409.00,https://fi.pcpartpicker.com/product/Kfdrxr/msi-x299-pro-atx-lga2066-motherboard-x299-pro
203,Gigabyte X570 AORUS ULTRA ATX AM4 Motherboard (X570 AORUS ULTRA),Gigabyte,AM4,ATX,AMD X570,128 GB,DDR4,4,Black / Silver,3,0,0,2,2242/2260/2280/22110 M-key,6,1 x 1 Gb/s,2,2,1,0,Wi-Fi 6,Yes,€384.00,https://fi.pcpartpicker.com/product/YTWBD3/gigabyte-x570-aorus-ultra-atx-am4-motherboard-x570-aorus-ultra
204,ASRock H310CM-HDV Micro ATX LGA1151 Motherboard (H310CM-HDV),ASRock,LGA1151,Micro ATX,Intel H310,32 GB,DDR4,2,Black,1,0,0,1,,4,1 x 1 Gb/s,0,1,0,0,None,No,€68.00,https://fi.pcpartpicker.com/product/xJ66Mp/asrock-h310cm-hdv-micro-atx-lga1151-motherboard-h310cm-hdv
205,MSI MAG B560M MORTAR Micro ATX LGA1200 Motherboard (MAG B560M MORTAR),MSI,LGA1200,Micro ATX,Intel B560,128 GB,DDR4,4,Black,2,0,0,1,2242/2260/2280 M-key,6,1 x 2.5 Gb/s,2,1,1,0,None,No,€173.00,https://fi.pcpartpicker.com/product/8PXJ7P/msi-mag-b560m-mortar-micro-atx-lga1200-motherboard-mag-b560m-mortar
206,MSI MAG X570S TORPEDO MAX ATX AM4 Motherboard (MAG X570S TORPEDO MAX),MSI,AM4,ATX,AMD X570,128 GB,DDR4,4,Blue / Black,2,0,0,2,2280/22110 M-key,6,1 x 1 Gb/s (Realtek 8111H),2,2,1,0,None,Yes,€239.90,https://fi.pcpartpicker.com/product/kRM48d/msi-mag-x570s-torpedo-max-atx-am4-motherboard-mag-x570s-torpedo-max
207,Gigabyte B660M GAMING DDR4 Micro ATX LGA1700 Motherboard (B660M GAMING DDR4),Gigabyte,LGA1700,Micro ATX,Intel B660,64 GB,DDR4,2,Black / Red,1,0,0,1,2260/2280 M-key,4,1 x 2.5 Gb/s (Realtek),2,1,0,0,None,Yes,€135.00,https://fi.pcpartpicker.com/product/FQYmP6/gigabyte-b660m-gaming-ddr4-micro-atx-lga1700-motherboard-b660m-gaming-ddr4
208,Asus PRIME Z590M-PLUS Micro ATX LGA1200 Motherboard (PRIME Z590M-PLUS),Asus,LGA1200,Micro ATX,Intel Z590,128 GB,DDR4,4,Silver / Black,2,0,0,2,2242/2260/2280 M-key (Intel Rocket Lake-based CPUs only),5,1 x 1 Gb/s,2,2,0,0,None,Yes,€223.00,https://fi.pcpartpicker.com/product/R6hFf7/asus-prime-z590m-plus-micro-atx-lga1200-motherboard-prime-z590m-plus
209,ASRock B560 Steel Legend ATX LGA1200 Motherboard (B560 Steel Legend),ASRock,LGA1200,ATX,Intel B560,128 GB,DDR4,4,Silver / Black,2,0,0,2,2260/2280 M-key (Intel Rocket Lake-based CPUs only),6,1 x 2.5 Gb/s,0,1,0,1,None,No,€169.00,https://fi.pcpartpicker.com/product/KHhFf7/asrock-b560-steel-legend-atx-lga1200-motherboard-b560-steel-legend
210,ASRock H610M-HDV Micro ATX LGA1700 Motherboard (H610M-HDV),ASRock,LGA1700,Micro ATX,Intel H610,64 GB,DDR4,2,Gray / Black,1,0,0,1,,4,1 x 1 Gb/s (Realtek 8111H),0,1,0,0,None,No,€101.00,https://fi.pcpartpicker.com/product/Ldwypg/asrock-h610m-hdv-micro-atx-lga1700-motherboard-h610m-hdv
211,Asus PRIME B550M-A Micro ATX AM4 Motherboard (PRIME B550M-A),Asus,AM4,Micro ATX,AMD B550,128 GB,DDR4,4,Black / White,1,0,0,2,2242/2260/2280/22110 M-key,4,1 x 1 Gb/s,2,1,0,0,None,Yes,€142.00,https://fi.pcpartpicker.com/product/bDyqqs/asus-prime-b550m-a-micro-atx-am4-motherboard-prime-b550m-a
212,Gigabyte Z590 AORUS ULTRA ATX LGA1200 Motherboard (Z590 AORUS ULTRA),Gigabyte,LGA1200,ATX,Intel Z590,128 GB,DDR4,4,Black,3,0,0,0,2242/2260/2280/22110 M-key (Intel Rocket Lake-based CPUs only),6,1 x 2.5 Gb/s,2,1,1,0,Wi-Fi 6,Yes,€209.00,https://fi.pcpartpicker.com/product/bvnypg/gigabyte-z590-aorus-ultra-atx-lga1200-motherboard-z590-aorus-ultra
213,MSI A520M PRO Micro ATX AM4 Motherboard (A520M PRO),MSI,AM4,Micro ATX,AMD A520,64 GB,DDR4,2,Black,1,0,0,2,2242/2260/2280 M-key,4,1 x 1 Gb/s,2,1,0,0,None,Yes,€97.00,https://fi.pcpartpicker.com/product/Zs4BD3/msi-a520m-pro-micro-atx-am4-motherboard-a520m-pro
214,MSI MAG Z690 TORPEDO ATX LGA1700 Motherboard (MAG Z690 TORPEDO),MSI,LGA1700,ATX,Intel Z690,128 GB,DDR5,4,Blue / Black,3,0,0,1,2242/2260/2280/22110 M-key,6,1 x 2.5 Gb/s (Intel I225-V),2,1,1,0,None,Yes,€321.00,https://fi.pcpartpicker.com/product/NJRYcf/msi-mag-z690-torpedo-atx-lga1700-motherboard-mag-z690-torpedo
215,Asus PRIME H510M-A Micro ATX LGA1200 Motherboard (PRIME H510M-A),Asus,LGA1200,Micro ATX,Intel H510,64 GB,DDR4,2,Black / Silver,1,0,0,2,2242/2260/2280 M-key,4,,2,1,0,0,None,No,€104.00,https://fi.pcpartpicker.com/product/qqbTwP/asus-prime-h510m-a-micro-atx-lga1200-motherboard-prime-h510m-a
216,ASRock B560M Steel Legend Micro ATX LGA1200 Motherboard (B560M Steel Legend),ASRock,LGA1200,Micro ATX,Intel B560,128 GB,DDR4,4,Silver / Black,1,0,0,2,2242/2260/2280 M-key (Intel Rocket Lake-based CPUs only),6,1 x 2.5 Gb/s,2,1,0,1,None,No,€144.00,https://fi.pcpartpicker.com/product/FTBG3C/asrock-b560m-steel-legend-micro-atx-lga1200-motherboard-b560m-steel-legend
